dataset,group,scenario,cq,se_A_flag,se_B_flag,se_A,se_B,et_A_flag,et_B_flag,et_A,et_B,superfluous_elements,eval_terms
CVN,NeoNGPT_GPT4o,"A circular value network consists of one or many actors that are working together towards a common goal. A circular value network holds a value proposition of achieving beneficial outcomes that the actors involved in the network would not be able to achieve in solitude. To reach this goal actors make use of inputs in the form of competencies and resources according to a specified logic. The circular value network outputs are the value proposition in it self, but also the possible secondary values in products, materials or competencies that could be useful in other contexts.",What are the different types of actors within the circular value network?,BELOW,BELOW,0.55,0.6,ok,ok,0.1,0.1,0,0
CVN,NeoNGPT_GPT4o,"A circular value network consists of one or many actors that are working together towards a common goal. A circular value network holds a value proposition of achieving beneficial outcomes that the actors involved in the network would not be able to achieve in solitude. To reach this goal actors make use of inputs in the form of competencies and resources according to a specified logic. The circular value network outputs are the value proposition in it self, but also the possible secondary values in products, materials or competencies that could be useful in other contexts.",What roles do actors play in the network?,BELOW,BELOW,0.55,0.6,ok,ok,0.1,0.1,0,0
CVN,NeoNGPT_GPT4o,"A circular value network consists of one or many actors that are working together towards a common goal. A circular value network holds a value proposition of achieving beneficial outcomes that the actors involved in the network would not be able to achieve in solitude. To reach this goal actors make use of inputs in the form of competencies and resources according to a specified logic. The circular value network outputs are the value proposition in it self, but also the possible secondary values in products, materials or competencies that could be useful in other contexts.",What resources are utilized by each actor in the network?,BELOW,BELOW,0.55,0.6,ok,ok,0.1,0.1,0,0
CVN,NeoNGPT_GPT4o,"A circular value network consists of one or many actors that are working together towards a common goal. A circular value network holds a value proposition of achieving beneficial outcomes that the actors involved in the network would not be able to achieve in solitude. To reach this goal actors make use of inputs in the form of competencies and resources according to a specified logic. The circular value network outputs are the value proposition in it self, but also the possible secondary values in products, materials or competencies that could be useful in other contexts.",What competencies do actors bring to the network?,BELOW,BELOW,0.55,0.6,ok,ok,0.1,0.1,0,0
CVN,NeoNGPT_GPT4o,"A circular value network consists of one or many actors that are working together towards a common goal. A circular value network holds a value proposition of achieving beneficial outcomes that the actors involved in the network would not be able to achieve in solitude. To reach this goal actors make use of inputs in the form of competencies and resources according to a specified logic. The circular value network outputs are the value proposition in it self, but also the possible secondary values in products, materials or competencies that could be useful in other contexts.",What are the primary value propositions generated by the network?,BELOW,BELOW,0.55,0.6,ok,ok,0.1,0.1,0,0
CVN,NeoNGPT_GPT4o,"A circular value network consists of one or many actors that are working together towards a common goal. A circular value network holds a value proposition of achieving beneficial outcomes that the actors involved in the network would not be able to achieve in solitude. To reach this goal actors make use of inputs in the form of competencies and resources according to a specified logic. The circular value network outputs are the value proposition in it self, but also the possible secondary values in products, materials or competencies that could be useful in other contexts.",What are the secondary values created within the network?,BELOW,BELOW,0.55,0.6,ok,ok,0.1,0.1,0,0
CVN,NeoNGPT_GPT4o,"A circular value network consists of one or many actors that are working together towards a common goal. A circular value network holds a value proposition of achieving beneficial outcomes that the actors involved in the network would not be able to achieve in solitude. To reach this goal actors make use of inputs in the form of competencies and resources according to a specified logic. The circular value network outputs are the value proposition in it self, but also the possible secondary values in products, materials or competencies that could be useful in other contexts.",How do actors interact with each other in the network?,BELOW,BELOW,0.55,0.6,ok,ok,0.1,0.1,0,0
CVN,NeoNGPT_GPT4o,"A circular value network consists of one or many actors that are working together towards a common goal. A circular value network holds a value proposition of achieving beneficial outcomes that the actors involved in the network would not be able to achieve in solitude. To reach this goal actors make use of inputs in the form of competencies and resources according to a specified logic. The circular value network outputs are the value proposition in it self, but also the possible secondary values in products, materials or competencies that could be useful in other contexts.",What relationships exist between different actors in the network?,BELOW,BELOW,0.55,0.6,ok,ok,0.1,0.1,0,0
CVN,NeoNGPT_GPT4o,"A circular value network consists of one or many actors that are working together towards a common goal. A circular value network holds a value proposition of achieving beneficial outcomes that the actors involved in the network would not be able to achieve in solitude. To reach this goal actors make use of inputs in the form of competencies and resources according to a specified logic. The circular value network outputs are the value proposition in it self, but also the possible secondary values in products, materials or competencies that could be useful in other contexts.",What processes govern the operations of the network?,BELOW,BELOW,0.55,0.6,ok,ok,0.1,0.1,1: processes,0
CVN,NeoNGPT_GPT4o,"A circular value network consists of one or many actors that are working together towards a common goal. A circular value network holds a value proposition of achieving beneficial outcomes that the actors involved in the network would not be able to achieve in solitude. To reach this goal actors make use of inputs in the form of competencies and resources according to a specified logic. The circular value network outputs are the value proposition in it self, but also the possible secondary values in products, materials or competencies that could be useful in other contexts.",How is the logic of network operations represented?,BELOW,BELOW,0.55,0.6,ok,ok,0.1,0.1,1: represented,0
CVN,NeoNGPT_GPT4o,"A circular value network consists of one or many actors that are working together towards a common goal. A circular value network holds a value proposition of achieving beneficial outcomes that the actors involved in the network would not be able to achieve in solitude. To reach this goal actors make use of inputs in the form of competencies and resources according to a specified logic. The circular value network outputs are the value proposition in it self, but also the possible secondary values in products, materials or competencies that could be useful in other contexts.",How can secondary values be applied in different contexts?,BELOW,BELOW,0.55,0.6,ok,ok,0.1,0.1,0,0
CVN,NeoNGPT_GPT4o,"A circular value network consists of one or many actors that are working together towards a common goal. A circular value network holds a value proposition of achieving beneficial outcomes that the actors involved in the network would not be able to achieve in solitude. To reach this goal actors make use of inputs in the form of competencies and resources according to a specified logic. The circular value network outputs are the value proposition in it self, but also the possible secondary values in products, materials or competencies that could be useful in other contexts.",How does the network accommodate changes in actor roles or resources?,BELOW,BELOW,0.55,0.6,ok,ok,0.1,0.1,1: accommodate changes,0
CVN,NeoNGPT_GPT4o,"A circular value network consists of one or many actors that are working together towards a common goal. A circular value network holds a value proposition of achieving beneficial outcomes that the actors involved in the network would not be able to achieve in solitude. To reach this goal actors make use of inputs in the form of competencies and resources according to a specified logic. The circular value network outputs are the value proposition in it self, but also the possible secondary values in products, materials or competencies that could be useful in other contexts.",What are the criteria for defining a successful value proposition in the network?,BELOW,BELOW,0.55,0.6,ok,ok,0.1,0.1,1: criteria,1: successful
CVN,NeoNGPT_GPT4o,"A circular value network consists of one or many actors that are working together towards a common goal. A circular value network holds a value proposition of achieving beneficial outcomes that the actors involved in the network would not be able to achieve in solitude. To reach this goal actors make use of inputs in the form of competencies and resources according to a specified logic. The circular value network outputs are the value proposition in it self, but also the possible secondary values in products, materials or competencies that could be useful in other contexts.",How can the ontology support decision-making processes within the network?,BELOW,BELOW,0.55,0.6,ok,ok,0.1,0.1,1: decision-making processes,0
CVN,NeoNGPT_GPT4o,"A circular value network consists of one or many actors that are working together towards a common goal. A circular value network holds a value proposition of achieving beneficial outcomes that the actors involved in the network would not be able to achieve in solitude. To reach this goal actors make use of inputs in the form of competencies and resources according to a specified logic. The circular value network outputs are the value proposition in it self, but also the possible secondary values in products, materials or competencies that could be useful in other contexts.",How does the ontology enable interoperability with other systems managing circular economy data?,BELOW,BELOW,0.55,0.6,ok,ok,0.1,0.1,1: ontology,0
CVN,NeoNGPT_GPT4o,"A circular value network consists of one or many actors that are working together towards a common goal. A circular value network holds a value proposition of achieving beneficial outcomes that the actors involved in the network would not be able to achieve in solitude. To reach this goal actors make use of inputs in the form of competencies and resources according to a specified logic. The circular value network outputs are the value proposition in it self, but also the possible secondary values in products, materials or competencies that could be useful in other contexts.",What are the potential extensions or refinements that can be made to the ontology?,BELOW,BELOW,0.55,0.6,ok,ok,0.1,0.1,1: extensions or refinements,0
CVN,NeoNGPT_GPT4o,"A circular value network consists of one or many actors that are working together towards a common goal. A circular value network holds a value proposition of achieving beneficial outcomes that the actors involved in the network would not be able to achieve in solitude. To reach this goal actors make use of inputs in the form of competencies and resources according to a specified logic. The circular value network outputs are the value proposition in it self, but also the possible secondary values in products, materials or competencies that could be useful in other contexts.",How does the ontology ensure scalability for networks of varying sizes?,BELOW,BELOW,0.55,0.6,ok,ok,0.1,0.1,1: ontology,0
CVN,NeoNGPT_GPT4o,"A circular value network consists of one or many actors that are working together towards a common goal. A circular value network holds a value proposition of achieving beneficial outcomes that the actors involved in the network would not be able to achieve in solitude. To reach this goal actors make use of inputs in the form of competencies and resources according to a specified logic. The circular value network outputs are the value proposition in it self, but also the possible secondary values in products, materials or competencies that could be useful in other contexts.",How can the ontology be used to visualize actor interactions and value flows?,BELOW,BELOW,0.55,0.6,ok,ok,0.1,0.1,"2: ontology, visualize",0
CVN,NeoNGPT_GPT4o,"A circular value network consists of one or many actors that are working together towards a common goal. A circular value network holds a value proposition of achieving beneficial outcomes that the actors involved in the network would not be able to achieve in solitude. To reach this goal actors make use of inputs in the form of competencies and resources according to a specified logic. The circular value network outputs are the value proposition in it self, but also the possible secondary values in products, materials or competencies that could be useful in other contexts.",What mechanisms are in place for maintaining and updating the ontology?,BELOW,BELOW,0.55,0.6,ok,ok,0.1,0.1,1: ontology,0
CVN,NeoNGPT_GPT4o,A circular value network has some process which outlines work done by different actors in this network,1. What are the different types of actors involved in the circular value network?,ok,ok,0.8,1.3,ABOVE,ABOVE,0.45,0.5,0,0
CVN,NeoNGPT_GPT4o,A circular value network has some process which outlines work done by different actors in this network,2. What roles do each of the actors play within the network?,ok,ok,0.8,1.3,ABOVE,ABOVE,0.45,0.5,0,0
CVN,NeoNGPT_GPT4o,A circular value network has some process which outlines work done by different actors in this network,3. What processes and activities are performed by each actor in the network?,ok,ok,0.8,1.3,ABOVE,ABOVE,0.45,0.5,0,0
CVN,NeoNGPT_GPT4o,A circular value network has some process which outlines work done by different actors in this network,4. How are resources and materials exchanged between actors in the network?,ok,ok,0.8,1.3,ABOVE,ABOVE,0.45,0.5,"2: resources, materials",0
CVN,NeoNGPT_GPT4o,A circular value network has some process which outlines work done by different actors in this network,5. What are the relationships and dependencies between different actors and processes?,ok,ok,0.8,1.3,ABOVE,ABOVE,0.45,0.5,"2: relationships, dependencies",0
CVN,NeoNGPT_GPT4o,A circular value network has some process which outlines work done by different actors in this network,6. How does information flow between actors in the circular value network?,ok,ok,0.8,1.3,ABOVE,ABOVE,0.45,0.5,0,0
CVN,NeoNGPT_GPT4o,A circular value network has some process which outlines work done by different actors in this network,7. What are the lifecycle stages of a product or material within the network?,ok,ok,0.8,1.3,ABOVE,ABOVE,0.45,0.5,"2: lifecycle stages, product or material",0
CVN,NeoNGPT_GPT4o,A circular value network has some process which outlines work done by different actors in this network,8. How can the ontology support decision-making for optimizing resource flows?,ok,ok,0.8,1.3,ABOVE,ABOVE,0.45,0.5,"2: ontology, decision-making",1: optimizing
CVN,NeoNGPT_GPT4o,A circular value network has some process which outlines work done by different actors in this network,9. What standards and regulations must be complied with in the circular value network?,ok,ok,0.8,1.3,ABOVE,ABOVE,0.45,0.5,"2: standards, regulations",0
CVN,NeoNGPT_GPT4o,A circular value network has some process which outlines work done by different actors in this network,10. How can the ontology facilitate interoperability between different systems used by network participants?,ok,ok,0.8,1.3,ABOVE,ABOVE,0.45,0.5,"2: ontology, interoperability",0
CVN,NeoNGPT_GPT4o,A circular value network has some process which outlines work done by different actors in this network,11. What are the key sustainability practices promoted by the circular value network?,ok,ok,0.8,1.3,ABOVE,ABOVE,0.45,0.5,1: sustainability practices,1: key
CVN,NeoNGPT_GPT4o,A circular value network has some process which outlines work done by different actors in this network,12. How can the ontology be extended to include new actors or processes?,ok,ok,0.8,1.3,ABOVE,ABOVE,0.45,0.5,"2: ontology, extended",0
CVN,NeoNGPT_GPT4o,A circular value network has some process which outlines work done by different actors in this network,13. What are the criteria for evaluating the performance of the circular value network?,ok,ok,0.8,1.3,ABOVE,ABOVE,0.45,0.5,1: criteria,1: evaluating
CVN,NeoNGPT_GPT4o,A circular value network has some process which outlines work done by different actors in this network,14. How can the ontology support monitoring and analysis of circular economy practices?,ok,ok,0.8,1.3,ABOVE,ABOVE,0.45,0.5,1: ontology,0
CVN,NeoNGPT_GPT4o,A circular value network has some process which outlines work done by different actors in this network,15. What are the potential bottlenecks or inefficiencies in the current network processes?,ok,ok,0.8,1.3,ABOVE,ABOVE,0.45,0.5,1: potential bottlenecks or inefficiencies,"1: potential bottlenecks, inefficiencies"
CVN,NeoNGPT_GPT4o,A circular value network has some process which outlines work done by different actors in this network,16. How can the ontology help in identifying opportunities for resource optimization?,ok,ok,0.8,1.3,ABOVE,ABOVE,0.45,0.5,1: ontology,1: optimization
CVN,NeoNGPT_GPT4o,A circular value network has some process which outlines work done by different actors in this network,17. What are the best practices for maintaining and updating the ontology as the network evolves?,ok,ok,0.8,1.3,ABOVE,ABOVE,0.45,0.5,"2: best practices, ontology",1: best practices
CVN,NeoNGPT_GPT4o,A circular value network has some process which outlines work done by different actors in this network,18. How does the ontology ensure compliance with relevant standards and best practices?,ok,ok,0.8,1.3,ABOVE,ABOVE,0.45,0.5,"2: ontology, compliance with relevant standards and best practices","2: relevant, best practices"
CVN,NeoNGPT_GPT4o,A circular value network has some process which outlines work done by different actors in this network,19. What are the key metrics for assessing the scalability of the circular value network?,ok,ok,0.8,1.3,ABOVE,ABOVE,0.45,0.5,"2: key metrics, scalability",1: key
CVN,NeoNGPT_GPT4o,A circular value network has some process which outlines work done by different actors in this network,20. How does the ontology support efficient querying and reasoning over large datasets?,ok,ok,0.8,1.3,ABOVE,ABOVE,0.45,0.5,1: ontology,1: efficient
CVN,NeoNGPT_GPT4o,"A manufacturer of a product needs to understand the composition and origin of the materials, as well as their production processes, to mitigate risks in the supply chain, analyse and improve the supply chain, ensure compliance with regulations etc. Although some stakeholders in the supply chain may be unknown, data origin and proof of validity is important.",What are the properties and composition of a specific material?,BELOW,BELOW,0.65,0.7,ok,ok,0.25,0.25,0,0
CVN,NeoNGPT_GPT4o,"A manufacturer of a product needs to understand the composition and origin of the materials, as well as their production processes, to mitigate risks in the supply chain, analyse and improve the supply chain, ensure compliance with regulations etc. Although some stakeholders in the supply chain may be unknown, data origin and proof of validity is important.",What is the origin and provenance of a given material?,BELOW,BELOW,0.65,0.7,ok,ok,0.25,0.25,0,0
CVN,NeoNGPT_GPT4o,"A manufacturer of a product needs to understand the composition and origin of the materials, as well as their production processes, to mitigate risks in the supply chain, analyse and improve the supply chain, ensure compliance with regulations etc. Although some stakeholders in the supply chain may be unknown, data origin and proof of validity is important.",Which suppliers provide a specific material?,BELOW,BELOW,0.65,0.7,ok,ok,0.25,0.25,1: suppliers,0
CVN,NeoNGPT_GPT4o,"A manufacturer of a product needs to understand the composition and origin of the materials, as well as their production processes, to mitigate risks in the supply chain, analyse and improve the supply chain, ensure compliance with regulations etc. Although some stakeholders in the supply chain may be unknown, data origin and proof of validity is important.",What are the production processes involved in manufacturing a particular product?,BELOW,BELOW,0.65,0.7,ok,ok,0.25,0.25,0,0
CVN,NeoNGPT_GPT4o,"A manufacturer of a product needs to understand the composition and origin of the materials, as well as their production processes, to mitigate risks in the supply chain, analyse and improve the supply chain, ensure compliance with regulations etc. Although some stakeholders in the supply chain may be unknown, data origin and proof of validity is important.",What inputs and outputs are associated with a specific production process?,BELOW,BELOW,0.65,0.7,ok,ok,0.25,0.25,1: outputs,0
CVN,NeoNGPT_GPT4o,"A manufacturer of a product needs to understand the composition and origin of the materials, as well as their production processes, to mitigate risks in the supply chain, analyse and improve the supply chain, ensure compliance with regulations etc. Although some stakeholders in the supply chain may be unknown, data origin and proof of validity is important.",How are different entities related within the supply chain?,BELOW,BELOW,0.65,0.7,ok,ok,0.25,0.25,0,0
CVN,NeoNGPT_GPT4o,"A manufacturer of a product needs to understand the composition and origin of the materials, as well as their production processes, to mitigate risks in the supply chain, analyse and improve the supply chain, ensure compliance with regulations etc. Although some stakeholders in the supply chain may be unknown, data origin and proof of validity is important.",What are the regulatory requirements applicable to a specific material or process?,BELOW,BELOW,0.65,0.7,ok,ok,0.25,0.25,1: regulatory requirements,0
CVN,NeoNGPT_GPT4o,"A manufacturer of a product needs to understand the composition and origin of the materials, as well as their production processes, to mitigate risks in the supply chain, analyse and improve the supply chain, ensure compliance with regulations etc. Although some stakeholders in the supply chain may be unknown, data origin and proof of validity is important.",How can compliance with industry regulations be verified for a given material or process?,BELOW,BELOW,0.65,0.7,ok,ok,0.25,0.25,0,0
CVN,NeoNGPT_GPT4o,"A manufacturer of a product needs to understand the composition and origin of the materials, as well as their production processes, to mitigate risks in the supply chain, analyse and improve the supply chain, ensure compliance with regulations etc. Although some stakeholders in the supply chain may be unknown, data origin and proof of validity is important.",What potential risks are associated with a specific material or supply chain process?,BELOW,BELOW,0.65,0.7,ok,ok,0.25,0.25,0,0
CVN,NeoNGPT_GPT4o,"A manufacturer of a product needs to understand the composition and origin of the materials, as well as their production processes, to mitigate risks in the supply chain, analyse and improve the supply chain, ensure compliance with regulations etc. Although some stakeholders in the supply chain may be unknown, data origin and proof of validity is important.",What mitigation strategies can be employed to address identified risks?,BELOW,BELOW,0.65,0.7,ok,ok,0.25,0.25,1: mitigation strategies,0
CVN,NeoNGPT_GPT4o,"A manufacturer of a product needs to understand the composition and origin of the materials, as well as their production processes, to mitigate risks in the supply chain, analyse and improve the supply chain, ensure compliance with regulations etc. Although some stakeholders in the supply chain may be unknown, data origin and proof of validity is important.",How can the origin and authenticity of material data be validated?,BELOW,BELOW,0.65,0.7,ok,ok,0.25,0.25,0,1: authenticity
CVN,NeoNGPT_GPT4o,"A manufacturer of a product needs to understand the composition and origin of the materials, as well as their production processes, to mitigate risks in the supply chain, analyse and improve the supply chain, ensure compliance with regulations etc. Although some stakeholders in the supply chain may be unknown, data origin and proof of validity is important.",What are the relationships between different materials in terms of composition and usage?,BELOW,BELOW,0.65,0.7,ok,ok,0.25,0.25,1: usage,0
CVN,NeoNGPT_GPT4o,"A manufacturer of a product needs to understand the composition and origin of the materials, as well as their production processes, to mitigate risks in the supply chain, analyse and improve the supply chain, ensure compliance with regulations etc. Although some stakeholders in the supply chain may be unknown, data origin and proof of validity is important.",How can production processes be optimized for efficiency?,BELOW,BELOW,0.65,0.7,ok,ok,0.25,0.25,1: optimized for efficiency,"1: optimized, efficiency"
CVN,NeoNGPT_GPT4o,"A manufacturer of a product needs to understand the composition and origin of the materials, as well as their production processes, to mitigate risks in the supply chain, analyse and improve the supply chain, ensure compliance with regulations etc. Although some stakeholders in the supply chain may be unknown, data origin and proof of validity is important.",What are the key factors affecting supply chain efficiency for a specific product?,BELOW,BELOW,0.65,0.7,ok,ok,0.25,0.25,1: efficiency,"1: key factors, efficiency"
CVN,NeoNGPT_GPT4o,"A manufacturer of a product needs to understand the composition and origin of the materials, as well as their production processes, to mitigate risks in the supply chain, analyse and improve the supply chain, ensure compliance with regulations etc. Although some stakeholders in the supply chain may be unknown, data origin and proof of validity is important.",How can data be shared and made interoperable among different stakeholders in the supply chain?,BELOW,BELOW,0.65,0.7,ok,ok,0.25,0.25,1: interoperable,0
CVN,NeoNGPT_GPT4o,"A manufacturer of a product needs to understand the composition and origin of the materials, as well as their production processes, to mitigate risks in the supply chain, analyse and improve the supply chain, ensure compliance with regulations etc. Although some stakeholders in the supply chain may be unknown, data origin and proof of validity is important.",What are the security measures in place to protect sensitive supply chain information?,BELOW,BELOW,0.65,0.7,ok,ok,0.25,0.25,1: security measures,0
CVN,NeoNGPT_GPT4o,"A manufacturer of a product needs to understand the composition and origin of the materials, as well as their production processes, to mitigate risks in the supply chain, analyse and improve the supply chain, ensure compliance with regulations etc. Although some stakeholders in the supply chain may be unknown, data origin and proof of validity is important.",How can the ontology be extended to include new materials or processes?,BELOW,BELOW,0.65,0.7,ok,ok,0.25,0.25,1: ontology,0
CVN,NeoNGPT_GPT4o,"A manufacturer of a product needs to understand the composition and origin of the materials, as well as their production processes, to mitigate risks in the supply chain, analyse and improve the supply chain, ensure compliance with regulations etc. Although some stakeholders in the supply chain may be unknown, data origin and proof of validity is important.",What are the performance metrics for querying and data retrieval within the ontology?,BELOW,BELOW,0.65,0.7,ok,ok,0.25,0.25,"2: performance metrics, ontology",1: performance metrics
CVN,NeoNGPT_GPT4o,"A manufacturer of a product needs to understand the composition and origin of the materials, as well as their production processes, to mitigate risks in the supply chain, analyse and improve the supply chain, ensure compliance with regulations etc. Although some stakeholders in the supply chain may be unknown, data origin and proof of validity is important.",How does the ontology ensure scalability as the number of materials and processes grows?,BELOW,BELOW,0.65,0.7,ok,ok,0.25,0.25,1: ontology,0
CVN,NeoNGPT_GPT4o,"A manufacturer of a product needs to understand the composition and origin of the materials, as well as their production processes, to mitigate risks in the supply chain, analyse and improve the supply chain, ensure compliance with regulations etc. Although some stakeholders in the supply chain may be unknown, data origin and proof of validity is important.",How user-friendly is the ontology for non-expert users?,BELOW,BELOW,0.65,0.7,ok,ok,0.25,0.25,1: user-friendly,1: user-friendly
CVN,NeoNGPT_GPT4o,"A product is made up of components, which in turn are made up of materials that have a certain properties, and provenance.",1. What are the components of a given product?,BELOW,BELOW,0.7,0.75,ok,ok,0.15,0.15,0,0
CVN,NeoNGPT_GPT4o,"A product is made up of components, which in turn are made up of materials that have a certain properties, and provenance.",2. What materials constitute a specific component?,BELOW,BELOW,0.7,0.75,ok,ok,0.15,0.15,0,0
CVN,NeoNGPT_GPT4o,"A product is made up of components, which in turn are made up of materials that have a certain properties, and provenance.",3. What are the physical properties of a particular material?,BELOW,BELOW,0.7,0.75,ok,ok,0.15,0.15,0,0
CVN,NeoNGPT_GPT4o,"A product is made up of components, which in turn are made up of materials that have a certain properties, and provenance.",4. What is the chemical composition of a specific material?,BELOW,BELOW,0.7,0.75,ok,ok,0.15,0.15,1: chemical composition,0
CVN,NeoNGPT_GPT4o,"A product is made up of components, which in turn are made up of materials that have a certain properties, and provenance.",5. What is the hierarchical structure of a given product?,BELOW,BELOW,0.7,0.75,ok,ok,0.15,0.15,1: hierarchical structure,0
CVN,NeoNGPT_GPT4o,"A product is made up of components, which in turn are made up of materials that have a certain properties, and provenance.",6. From which supplier was a particular material sourced?,BELOW,BELOW,0.7,0.75,ok,ok,0.15,0.15,1: supplier,0
CVN,NeoNGPT_GPT4o,"A product is made up of components, which in turn are made up of materials that have a certain properties, and provenance.",7. What is the manufacturing process of a specific material?,BELOW,BELOW,0.7,0.75,ok,ok,0.15,0.15,1: manufacturing process,0
CVN,NeoNGPT_GPT4o,"A product is made up of components, which in turn are made up of materials that have a certain properties, and provenance.",8. What is the provenance information for a given material?,BELOW,BELOW,0.7,0.75,ok,ok,0.15,0.15,0,0
CVN,NeoNGPT_GPT4o,"A product is made up of components, which in turn are made up of materials that have a certain properties, and provenance.",9. Which products contain a specific material?,BELOW,BELOW,0.7,0.75,ok,ok,0.15,0.15,0,0
CVN,NeoNGPT_GPT4o,"A product is made up of components, which in turn are made up of materials that have a certain properties, and provenance.",10. How can the lifecycle of a particular product be tracked?,BELOW,BELOW,0.7,0.75,ok,ok,0.15,0.15,1: lifecycle,0
CVN,NeoNGPT_GPT4o,"A product is made up of components, which in turn are made up of materials that have a certain properties, and provenance.",11. Are there any regulatory standards applicable to a specific product or material?,BELOW,BELOW,0.7,0.75,ok,ok,0.15,0.15,1: regulatory standards,0
CVN,NeoNGPT_GPT4o,"A product is made up of components, which in turn are made up of materials that have a certain properties, and provenance.",12. How can compliance with material sourcing regulations be verified?,BELOW,BELOW,0.7,0.75,ok,ok,0.15,0.15,1: compliance,1: compliance
CVN,NeoNGPT_GPT4o,"A product is made up of components, which in turn are made up of materials that have a certain properties, and provenance.",13. What are the quality control measures for a specific material?,BELOW,BELOW,0.7,0.75,ok,ok,0.15,0.15,1: quality control measures,1: quality control measures
CVN,NeoNGPT_GPT4o,"A product is made up of components, which in turn are made up of materials that have a certain properties, and provenance.",14. How can the ontology be integrated with existing systems for data exchange?,BELOW,BELOW,0.7,0.75,ok,ok,0.15,0.15,1: ontology,0
CVN,NeoNGPT_GPT4o,"A product is made up of components, which in turn are made up of materials that have a certain properties, and provenance.",15. What insights can be derived from querying the ontology about product composition?,BELOW,BELOW,0.7,0.75,ok,ok,0.15,0.15,1: insights,0
CVN,NeoNGPT_GPT4o,"A product is made up of components, which in turn are made up of materials that have a certain properties, and provenance.",16. How can the ontology support research and development activities?,BELOW,BELOW,0.7,0.75,ok,ok,0.15,0.15,1: ontology,0
CVN,NeoNGPT_GPT4o,"A product is made up of components, which in turn are made up of materials that have a certain properties, and provenance.",17. What are the tensile strength and density of a given material?,BELOW,BELOW,0.7,0.75,ok,ok,0.15,0.15,"2: tensile strength, density",0
CVN,NeoNGPT_GPT4o,"A product is made up of components, which in turn are made up of materials that have a certain properties, and provenance.",18. How can the ontology be extended to include new types of products or materials?,BELOW,BELOW,0.7,0.75,ok,ok,0.15,0.15,1: ontology,0
CVN,NeoNGPT_GPT4o,"A product is made up of components, which in turn are made up of materials that have a certain properties, and provenance.",19. What are the relationships between different components within a product?,BELOW,BELOW,0.7,0.75,ok,ok,0.15,0.15,0,0
CVN,NeoNGPT_GPT4o,"A product is made up of components, which in turn are made up of materials that have a certain properties, and provenance.",20. How can supply chain transparency be ensured through the ontology?,BELOW,BELOW,0.7,0.75,ok,ok,0.15,0.15,1: supply chain transparency,1: transparency
CVN,NeoNGPT_GPT4o,"An inventory consists of products (materials) and their quantities and locations, and is produced before dismantling. A product can be resold, refurbished, or enter into a take-back system, after dismantling, by some actors (e.g. building owner, or manufacturer).","1. What are the attributes of a specific product, including type, quantity, and location?",ok,ok,0.8,1.35,ABOVE,ok,0.3,0.3,0,0
CVN,NeoNGPT_GPT4o,"An inventory consists of products (materials) and their quantities and locations, and is produced before dismantling. A product can be resold, refurbished, or enter into a take-back system, after dismantling, by some actors (e.g. building owner, or manufacturer).",2. Which processes are involved in the dismantling of a particular product?,ok,ok,0.8,1.35,ABOVE,ok,0.3,0.3,1: processes,0
CVN,NeoNGPT_GPT4o,"An inventory consists of products (materials) and their quantities and locations, and is produced before dismantling. A product can be resold, refurbished, or enter into a take-back system, after dismantling, by some actors (e.g. building owner, or manufacturer).",3. What are the possible pathways for a product after dismantling?,ok,ok,0.8,1.35,ABOVE,ok,0.3,0.3,0,0
CVN,NeoNGPT_GPT4o,"An inventory consists of products (materials) and their quantities and locations, and is produced before dismantling. A product can be resold, refurbished, or enter into a take-back system, after dismantling, by some actors (e.g. building owner, or manufacturer).","4. Who are the actors involved in the lifecycle of a specific product, and what are their roles?",ok,ok,0.8,1.35,ABOVE,ok,0.3,0.3,"2: lifecycle, roles",0
CVN,NeoNGPT_GPT4o,"An inventory consists of products (materials) and their quantities and locations, and is produced before dismantling. A product can be resold, refurbished, or enter into a take-back system, after dismantling, by some actors (e.g. building owner, or manufacturer).","5. How can a product be resold, refurbished, or taken back after dismantling?",ok,ok,0.8,1.35,ABOVE,ok,0.3,0.3,0,0
CVN,NeoNGPT_GPT4o,"An inventory consists of products (materials) and their quantities and locations, and is produced before dismantling. A product can be resold, refurbished, or enter into a take-back system, after dismantling, by some actors (e.g. building owner, or manufacturer).",6. What decision-making pathways exist for determining the end-of-life options for a product?,ok,ok,0.8,1.35,ABOVE,ok,0.3,0.3,1: decision-making pathways,0
CVN,NeoNGPT_GPT4o,"An inventory consists of products (materials) and their quantities and locations, and is produced before dismantling. A product can be resold, refurbished, or enter into a take-back system, after dismantling, by some actors (e.g. building owner, or manufacturer).",7. How can data be exchanged between different systems and stakeholders regarding a product's lifecycle?,ok,ok,0.8,1.35,ABOVE,ok,0.3,0.3,"2: exchanged, lifecycle",0
CVN,NeoNGPT_GPT4o,"An inventory consists of products (materials) and their quantities and locations, and is produced before dismantling. A product can be resold, refurbished, or enter into a take-back system, after dismantling, by some actors (e.g. building owner, or manufacturer).",8. What are the relationships between building owners and manufacturers in the context of product lifecycle management?,ok,ok,0.8,1.35,ABOVE,ok,0.3,0.3,"2: relationships, product lifecycle management",0
CVN,NeoNGPT_GPT4o,"An inventory consists of products (materials) and their quantities and locations, and is produced before dismantling. A product can be resold, refurbished, or enter into a take-back system, after dismantling, by some actors (e.g. building owner, or manufacturer).",9. How does the ontology support inventory management decisions regarding product end-of-life options?,ok,ok,0.8,1.35,ABOVE,ok,0.3,0.3,1: ontology,0
CVN,NeoNGPT_GPT4o,"An inventory consists of products (materials) and their quantities and locations, and is produced before dismantling. A product can be resold, refurbished, or enter into a take-back system, after dismantling, by some actors (e.g. building owner, or manufacturer).",10. What are the sustainability implications of different product lifecycle processes?,ok,ok,0.8,1.35,ABOVE,ok,0.3,0.3,1: sustainability implications,1: sustainability implications
CVN,NeoNGPT_GPT4o,"An inventory consists of products (materials) and their quantities and locations, and is produced before dismantling. A product can be resold, refurbished, or enter into a take-back system, after dismantling, by some actors (e.g. building owner, or manufacturer).",11. How can the ontology facilitate automated tracking of product lifecycles?,ok,ok,0.8,1.35,ABOVE,ok,0.3,0.3,1: ontology,0
CVN,NeoNGPT_GPT4o,"An inventory consists of products (materials) and their quantities and locations, and is produced before dismantling. A product can be resold, refurbished, or enter into a take-back system, after dismantling, by some actors (e.g. building owner, or manufacturer).",12. What standards and best practices does the ontology comply with in terms of semantic web technologies?,ok,ok,0.8,1.35,ABOVE,ok,0.3,0.3,"5: standards, best practices, ontology, comply, semantic web technologies",1: best practices
CVN,NeoNGPT_GPT4o,"An inventory consists of products (materials) and their quantities and locations, and is produced before dismantling. A product can be resold, refurbished, or enter into a take-back system, after dismantling, by some actors (e.g. building owner, or manufacturer).",13. How can the ontology be extended to accommodate new requirements or changes in the domain?,ok,ok,0.8,1.35,ABOVE,ok,0.3,0.3,1: ontology,0
CVN,NeoNGPT_GPT4o,"An inventory consists of products (materials) and their quantities and locations, and is produced before dismantling. A product can be resold, refurbished, or enter into a take-back system, after dismantling, by some actors (e.g. building owner, or manufacturer).",14. What are the performance metrics for querying and reasoning over large datasets within the ontology?,ok,ok,0.8,1.35,ABOVE,ok,0.3,0.3,1: performance metrics,1: performance metrics
CVN,NeoNGPT_GPT4o,"An inventory consists of products (materials) and their quantities and locations, and is produced before dismantling. A product can be resold, refurbished, or enter into a take-back system, after dismantling, by some actors (e.g. building owner, or manufacturer).",15. How does the ontology ensure scalability for large inventories and complex lifecycle processes?,ok,ok,0.8,1.35,ABOVE,ok,0.3,0.3,"2: ontology, scalability",1: scalability
CVN,NeoNGPT_GPT4o,"An inventory consists of products (materials) and their quantities and locations, and is produced before dismantling. A product can be resold, refurbished, or enter into a take-back system, after dismantling, by some actors (e.g. building owner, or manufacturer).",16. What guidelines and documentation are available to assist non-experts in using the ontology?,ok,ok,0.8,1.35,ABOVE,ok,0.3,0.3,"2: guidelines, documentation",0
CVN,NeoNGPT_GPT4o,"An inventory consists of products (materials) and their quantities and locations, and is produced before dismantling. A product can be resold, refurbished, or enter into a take-back system, after dismantling, by some actors (e.g. building owner, or manufacturer).",17. How can the ontology support environmental agencies and policymakers in promoting sustainable practices?,ok,ok,0.8,1.35,ABOVE,ok,0.3,0.3,"2: ontology, sustainable practices",1: sustainable
CVN,NeoNGPT_GPT4o,"An inventory consists of products (materials) and their quantities and locations, and is produced before dismantling. A product can be resold, refurbished, or enter into a take-back system, after dismantling, by some actors (e.g. building owner, or manufacturer).",18. What are the roles of software developers and system integrators in implementing the ontology for inventory management?,ok,ok,0.8,1.35,ABOVE,ok,0.3,0.3,"2: software developers, system integrators",0
CVN,NeoNGPT_GPT4o,"An inventory consists of products (materials) and their quantities and locations, and is produced before dismantling. A product can be resold, refurbished, or enter into a take-back system, after dismantling, by some actors (e.g. building owner, or manufacturer).",19. How does the ontology model the take-back systems for products?,ok,ok,0.8,1.35,ABOVE,ok,0.3,0.3,0,0
CVN,NeoNGPT_GPT4o,"An inventory consists of products (materials) and their quantities and locations, and is produced before dismantling. A product can be resold, refurbished, or enter into a take-back system, after dismantling, by some actors (e.g. building owner, or manufacturer).",20. What are the criteria for determining the most sustainable end-of-life option for a product?,ok,ok,0.8,1.35,ABOVE,ok,0.3,0.3,1: criteria,1: most sustainable
CVN,NeoNGPT_GPT4o,For each piece of work an actor does for a certain part of a circular value network there are specific competencies tied to being able to do that work.,What competencies are required for a specific task within the circular value network?,ok,ok,0.88,1.29,ABOVE,ABOVE,0.29,0.35,0,0
CVN,NeoNGPT_GPT4o,For each piece of work an actor does for a certain part of a circular value network there are specific competencies tied to being able to do that work.,Which actors possess the competencies needed for a particular task?,ok,ok,0.88,1.29,ABOVE,ABOVE,0.29,0.35,0,0
CVN,NeoNGPT_GPT4o,For each piece of work an actor does for a certain part of a circular value network there are specific competencies tied to being able to do that work.,What are the definitions and levels of specific competencies within the network?,ok,ok,0.88,1.29,ABOVE,ABOVE,0.29,0.35,"2: definitions, levels",0
CVN,NeoNGPT_GPT4o,For each piece of work an actor does for a certain part of a circular value network there are specific competencies tied to being able to do that work.,"How are competencies hierarchically structured (e.g., basic, intermediate, advanced)?",ok,ok,0.88,1.29,ABOVE,ABOVE,0.29,0.35,1: hierarchically structured,1: hierarchically
CVN,NeoNGPT_GPT4o,For each piece of work an actor does for a certain part of a circular value network there are specific competencies tied to being able to do that work.,"What roles exist within the circular value network, and what tasks and competencies are associated with each role?",ok,ok,0.88,1.29,ABOVE,ABOVE,0.29,0.35,"2: roles, tasks",0
CVN,NeoNGPT_GPT4o,For each piece of work an actor does for a certain part of a circular value network there are specific competencies tied to being able to do that work.,"What are the relationships between actors, tasks, and competencies in the network?",ok,ok,0.88,1.29,ABOVE,ABOVE,0.29,0.35,1: relationships,0
CVN,NeoNGPT_GPT4o,For each piece of work an actor does for a certain part of a circular value network there are specific competencies tied to being able to do that work.,How can competency gaps be identified for a specific actor or role?,ok,ok,0.88,1.29,ABOVE,ABOVE,0.29,0.35,1: gaps,0
CVN,NeoNGPT_GPT4o,For each piece of work an actor does for a certain part of a circular value network there are specific competencies tied to being able to do that work.,What training programs are suggested to address identified competency gaps?,ok,ok,0.88,1.29,ABOVE,ABOVE,0.29,0.35,1: training programs,0
CVN,NeoNGPT_GPT4o,For each piece of work an actor does for a certain part of a circular value network there are specific competencies tied to being able to do that work.,How can human resources be optimized based on the competencies of actors?,ok,ok,0.88,1.29,ABOVE,ABOVE,0.29,0.35,1: human resources,1: optimized
CVN,NeoNGPT_GPT4o,For each piece of work an actor does for a certain part of a circular value network there are specific competencies tied to being able to do that work.,What contextual information is available about processes and interactions within the circular value network?,ok,ok,0.88,1.29,ABOVE,ABOVE,0.29,0.35,1: contextual information,0
CVN,NeoNGPT_GPT4o,For each piece of work an actor does for a certain part of a circular value network there are specific competencies tied to being able to do that work.,How can competencies be mapped to specific roles within the network?,ok,ok,0.88,1.29,ABOVE,ABOVE,0.29,0.35,1: roles,0
CVN,NeoNGPT_GPT4o,For each piece of work an actor does for a certain part of a circular value network there are specific competencies tied to being able to do that work.,What are the best practices and knowledge-sharing opportunities related to competencies within the network?,ok,ok,0.88,1.29,ABOVE,ABOVE,0.29,0.35,"2: best practices, knowledge-sharing opportunities","2: best practices, knowledge-sharing opportunities"
CVN,NeoNGPT_GPT4o,For each piece of work an actor does for a certain part of a circular value network there are specific competencies tied to being able to do that work.,"How can the ontology be extended to include new competencies, roles, and tasks?",ok,ok,0.88,1.29,ABOVE,ABOVE,0.29,0.35,"3: ontology, roles, tasks",0
CVN,NeoNGPT_GPT4o,For each piece of work an actor does for a certain part of a circular value network there are specific competencies tied to being able to do that work.,How does the ontology support interoperability with existing HR and training systems?,ok,ok,0.88,1.29,ABOVE,ABOVE,0.29,0.35,"2: ontology, interoperability with existing HR and training systems",0
CVN,NeoNGPT_GPT4o,For each piece of work an actor does for a certain part of a circular value network there are specific competencies tied to being able to do that work.,How can the ontology be maintained and updated as competencies and network structures evolve?,ok,ok,0.88,1.29,ABOVE,ABOVE,0.29,0.35,"2: ontology, maintained and updated",0
CVN,NeoNGPT_GPT4o,For each piece of work an actor does for a certain part of a circular value network there are specific competencies tied to being able to do that work.,What are the performance metrics for querying and reasoning over the ontology's data?,ok,ok,0.88,1.29,ABOVE,ABOVE,0.29,0.35,1: performance metrics,1: performance metrics
CVN,NeoNGPT_GPT4o,For each piece of work an actor does for a certain part of a circular value network there are specific competencies tied to being able to do that work.,How can non-technical users effectively utilize the ontology for competency management?,ok,ok,0.88,1.29,ABOVE,ABOVE,0.29,0.35,1: non-technical users,1: effectively
CVN,NeoNGPT_GPT4o,"Recycling of a product may depend on its material composition, efficiency of recycling.",1. What materials are used in the manufacturing of a specific product?,ok,ok,0.84,1.16,ABOVE,ABOVE,0.4,0.48,0,0
CVN,NeoNGPT_GPT4o,"Recycling of a product may depend on its material composition, efficiency of recycling.",2. How can products be classified based on their material composition?,ok,ok,0.84,1.16,ABOVE,ABOVE,0.4,0.48,0,0
CVN,NeoNGPT_GPT4o,"Recycling of a product may depend on its material composition, efficiency of recycling.",3. What are the criteria for assessing the recyclability of a specific material?,ok,ok,0.84,1.16,ABOVE,ABOVE,0.4,0.48,1: criteria,0
CVN,NeoNGPT_GPT4o,"Recycling of a product may depend on its material composition, efficiency of recycling.",4. Which materials are considered highly recyclable?,ok,ok,0.84,1.16,ABOVE,ABOVE,0.4,0.48,0,1: highly recyclable
CVN,NeoNGPT_GPT4o,"Recycling of a product may depend on its material composition, efficiency of recycling.",5. What factors affect the recycling efficiency of a particular material?,ok,ok,0.84,1.16,ABOVE,ABOVE,0.4,0.48,1: factors,0
CVN,NeoNGPT_GPT4o,"Recycling of a product may depend on its material composition, efficiency of recycling.",6. What are the different recycling processes available for a specific material?,ok,ok,0.84,1.16,ABOVE,ABOVE,0.4,0.48,"2: different, specific material",0
CVN,NeoNGPT_GPT4o,"Recycling of a product may depend on its material composition, efficiency of recycling.",7. How efficient is a particular recycling process for a given material?,ok,ok,0.84,1.16,ABOVE,ABOVE,0.4,0.48,0,1: efficient
CVN,NeoNGPT_GPT4o,"Recycling of a product may depend on its material composition, efficiency of recycling.",8. What technologies are used in the recycling of specific materials?,ok,ok,0.84,1.16,ABOVE,ABOVE,0.4,0.48,"2: technologies, specific materials",0
CVN,NeoNGPT_GPT4o,"Recycling of a product may depend on its material composition, efficiency of recycling.",9. What are the environmental impacts associated with recycling a specific material?,ok,ok,0.84,1.16,ABOVE,ABOVE,0.4,0.48,1: environmental impacts,0
CVN,NeoNGPT_GPT4o,"Recycling of a product may depend on its material composition, efficiency of recycling.",10. How can the environmental impact of a recycling process be assessed?,ok,ok,0.84,1.16,ABOVE,ABOVE,0.4,0.48,1: environmental impact,1: impact
CVN,NeoNGPT_GPT4o,"Recycling of a product may depend on its material composition, efficiency of recycling.",11. What sustainability metrics are used to evaluate recycling activities?,ok,ok,0.84,1.16,ABOVE,ABOVE,0.4,0.48,1: sustainability metrics,1: sustainability
CVN,NeoNGPT_GPT4o,"Recycling of a product may depend on its material composition, efficiency of recycling.",12. What regulations govern the recycling of specific materials?,ok,ok,0.84,1.16,ABOVE,ABOVE,0.4,0.48,1: regulations,0
CVN,NeoNGPT_GPT4o,"Recycling of a product may depend on its material composition, efficiency of recycling.",13. How do different recycling standards affect the recyclability of materials?,ok,ok,0.84,1.16,ABOVE,ABOVE,0.4,0.48,1: recycling standards,0
CVN,NeoNGPT_GPT4o,"Recycling of a product may depend on its material composition, efficiency of recycling.",14. What are the best practices for improving recycling efficiency?,ok,ok,0.84,1.16,ABOVE,ABOVE,0.4,0.48,1: best practices,1: best practices
CVN,NeoNGPT_GPT4o,"Recycling of a product may depend on its material composition, efficiency of recycling.",15. How can recycling processes be optimized for better environmental outcomes?,ok,ok,0.84,1.16,ABOVE,ABOVE,0.4,0.48,1: optimized,"2: optimized, better"
CVN,NeoNGPT_GPT4o,"Recycling of a product may depend on its material composition, efficiency of recycling.",16. What are the interoperability requirements for integrating recycling data from different systems?,ok,ok,0.84,1.16,ABOVE,ABOVE,0.4,0.48,1: interoperability requirements,0
CVN,NeoNGPT_GPT4o,"Recycling of a product may depend on its material composition, efficiency of recycling.",17. How can new materials be incorporated into the existing recycling framework?,ok,ok,0.84,1.16,ABOVE,ABOVE,0.4,0.48,"2: new materials, existing recycling framework",0
CVN,NeoNGPT_GPT4o,"Recycling of a product may depend on its material composition, efficiency of recycling.",18. What are the security considerations for handling proprietary recycling data?,ok,ok,0.84,1.16,ABOVE,ABOVE,0.4,0.48,"2: security considerations, proprietary recycling data",0
CVN,NeoNGPT_GPT4o,"Recycling of a product may depend on its material composition, efficiency of recycling.",19. How can the ontology be updated to reflect new recycling technologies and regulations?,ok,ok,0.84,1.16,ABOVE,ABOVE,0.4,0.48,"2: ontology, updated",0
CVN,NeoNGPT_GPT4o,"Recycling of a product may depend on its material composition, efficiency of recycling.",20. What are the common challenges faced in recycling specific materials?,ok,ok,0.84,1.16,ABOVE,ABOVE,0.4,0.48,"2: common challenges, specific materials",0
CVN,NeoNGPT_GPT4o,"Recycling of a product may depend on its material composition, efficiency of recycling.",21. How can waste management companies use the ontology to improve their recycling strategies?,ok,ok,0.84,1.16,ABOVE,ABOVE,0.4,0.48,"2: waste management companies, ontology",1: improve
CVN,NeoNGPT_GPT4o,"Recycling of a product may depend on its material composition, efficiency of recycling.",22. What role do manufacturers play in enhancing the recyclability of their products?,ok,ok,0.84,1.16,ABOVE,ABOVE,0.4,0.48,1: manufacturers,1: enhancing
CVN,NeoNGPT_GPT4o,"Recycling of a product may depend on its material composition, efficiency of recycling.",23. How can product designers use the ontology to create more sustainable products?,ok,ok,0.84,1.16,ABOVE,ABOVE,0.4,0.48,1: ontology,1: sustainable
CVN,NeoNGPT_GPT4o,"Recycling of a product may depend on its material composition, efficiency of recycling.",24. What are the key performance indicators for evaluating the success of recycling programs?,ok,ok,0.84,1.16,ABOVE,ABOVE,0.4,0.48,1: key performance indicators,"2: key performance, success"
CVN,NeoNGPT_GPT4o,"Recycling of a product may depend on its material composition, efficiency of recycling.",25. How can the ontology support automated decision-making in waste management?,ok,ok,0.84,1.16,ABOVE,ABOVE,0.4,0.48,"2: ontology, automated decision-making",0
CVN,NeoNGPT_GPT4o,"Resources are what is worked on in the circular value network. Resources are used as inputs but could also be outputs from the network, and its processes, steps etc. For resources that are part of a circular value network they will be of a certain type (is it a product, component or material). Also, for these resources, their composition is ideally known at some level. Resources can also be used in processing steps, but without being the main focus of the value network, e.g. consumables, catalysts.",1. What are the different types of resources within the circular value network?,BELOW,ok,0.55,0.8,ok,ok,0.15,0.15,0,0
CVN,NeoNGPT_GPT4o,"Resources are what is worked on in the circular value network. Resources are used as inputs but could also be outputs from the network, and its processes, steps etc. For resources that are part of a circular value network they will be of a certain type (is it a product, component or material). Also, for these resources, their composition is ideally known at some level. Resources can also be used in processing steps, but without being the main focus of the value network, e.g. consumables, catalysts.","2. How are resources classified into products, components, and materials?",BELOW,ok,0.55,0.8,ok,ok,0.15,0.15,0,0
CVN,NeoNGPT_GPT4o,"Resources are what is worked on in the circular value network. Resources are used as inputs but could also be outputs from the network, and its processes, steps etc. For resources that are part of a circular value network they will be of a certain type (is it a product, component or material). Also, for these resources, their composition is ideally known at some level. Resources can also be used in processing steps, but without being the main focus of the value network, e.g. consumables, catalysts.",3. What roles do resources play within the circular value network?,BELOW,ok,0.55,0.8,ok,ok,0.15,0.15,0,0
CVN,NeoNGPT_GPT4o,"Resources are what is worked on in the circular value network. Resources are used as inputs but could also be outputs from the network, and its processes, steps etc. For resources that are part of a circular value network they will be of a certain type (is it a product, component or material). Also, for these resources, their composition is ideally known at some level. Resources can also be used in processing steps, but without being the main focus of the value network, e.g. consumables, catalysts.","4. Which resources serve as inputs, outputs, consumables, or catalysts in a given process?",BELOW,ok,0.55,0.8,ok,ok,0.15,0.15,0,0
CVN,NeoNGPT_GPT4o,"Resources are what is worked on in the circular value network. Resources are used as inputs but could also be outputs from the network, and its processes, steps etc. For resources that are part of a circular value network they will be of a certain type (is it a product, component or material). Also, for these resources, their composition is ideally known at some level. Resources can also be used in processing steps, but without being the main focus of the value network, e.g. consumables, catalysts.",5. What is the composition of a specific resource?,BELOW,ok,0.55,0.8,ok,ok,0.15,0.15,0,0
CVN,NeoNGPT_GPT4o,"Resources are what is worked on in the circular value network. Resources are used as inputs but could also be outputs from the network, and its processes, steps etc. For resources that are part of a circular value network they will be of a certain type (is it a product, component or material). Also, for these resources, their composition is ideally known at some level. Resources can also be used in processing steps, but without being the main focus of the value network, e.g. consumables, catalysts.",6. How can the composition of resources be represented at various levels of detail?,BELOW,ok,0.55,0.8,ok,ok,0.15,0.15,0,0
CVN,NeoNGPT_GPT4o,"Resources are what is worked on in the circular value network. Resources are used as inputs but could also be outputs from the network, and its processes, steps etc. For resources that are part of a circular value network they will be of a certain type (is it a product, component or material). Also, for these resources, their composition is ideally known at some level. Resources can also be used in processing steps, but without being the main focus of the value network, e.g. consumables, catalysts.",7. What processes are involved in the circular value network?,BELOW,ok,0.55,0.8,ok,ok,0.15,0.15,0,0
CVN,NeoNGPT_GPT4o,"Resources are what is worked on in the circular value network. Resources are used as inputs but could also be outputs from the network, and its processes, steps etc. For resources that are part of a circular value network they will be of a certain type (is it a product, component or material). Also, for these resources, their composition is ideally known at some level. Resources can also be used in processing steps, but without being the main focus of the value network, e.g. consumables, catalysts.",8. How are resources related to specific processes and steps within the network?,BELOW,ok,0.55,0.8,ok,ok,0.15,0.15,0,0
CVN,NeoNGPT_GPT4o,"Resources are what is worked on in the circular value network. Resources are used as inputs but could also be outputs from the network, and its processes, steps etc. For resources that are part of a circular value network they will be of a certain type (is it a product, component or material). Also, for these resources, their composition is ideally known at some level. Resources can also be used in processing steps, but without being the main focus of the value network, e.g. consumables, catalysts.",9. What are the relationships between different resources and processes?,BELOW,ok,0.55,0.8,ok,ok,0.15,0.15,0,0
CVN,NeoNGPT_GPT4o,"Resources are what is worked on in the circular value network. Resources are used as inputs but could also be outputs from the network, and its processes, steps etc. For resources that are part of a circular value network they will be of a certain type (is it a product, component or material). Also, for these resources, their composition is ideally known at some level. Resources can also be used in processing steps, but without being the main focus of the value network, e.g. consumables, catalysts.",10. How can the lifecycle of a resource be tracked within the network?,BELOW,ok,0.55,0.8,ok,ok,0.15,0.15,1: lifecycle,0
CVN,NeoNGPT_GPT4o,"Resources are what is worked on in the circular value network. Resources are used as inputs but could also be outputs from the network, and its processes, steps etc. For resources that are part of a circular value network they will be of a certain type (is it a product, component or material). Also, for these resources, their composition is ideally known at some level. Resources can also be used in processing steps, but without being the main focus of the value network, e.g. consumables, catalysts.",11. How does the ontology enable interoperability with other ontologies and data systems?,BELOW,ok,0.55,0.8,ok,ok,0.15,0.15,1: ontology,0
CVN,NeoNGPT_GPT4o,"Resources are what is worked on in the circular value network. Resources are used as inputs but could also be outputs from the network, and its processes, steps etc. For resources that are part of a circular value network they will be of a certain type (is it a product, component or material). Also, for these resources, their composition is ideally known at some level. Resources can also be used in processing steps, but without being the main focus of the value network, e.g. consumables, catalysts.",12. What standards and best practices does the ontology comply with?,BELOW,ok,0.55,0.8,ok,ok,0.15,0.15,1: standards and best practices,1: best practices
CVN,NeoNGPT_GPT4o,"Resources are what is worked on in the circular value network. Resources are used as inputs but could also be outputs from the network, and its processes, steps etc. For resources that are part of a circular value network they will be of a certain type (is it a product, component or material). Also, for these resources, their composition is ideally known at some level. Resources can also be used in processing steps, but without being the main focus of the value network, e.g. consumables, catalysts.","13. How can new resource types, processes, and relationships be added to the ontology?",BELOW,ok,0.55,0.8,ok,ok,0.15,0.15,"3: new, ontology, relationships",0
CVN,NeoNGPT_GPT4o,"Resources are what is worked on in the circular value network. Resources are used as inputs but could also be outputs from the network, and its processes, steps etc. For resources that are part of a circular value network they will be of a certain type (is it a product, component or material). Also, for these resources, their composition is ideally known at some level. Resources can also be used in processing steps, but without being the main focus of the value network, e.g. consumables, catalysts.",14. What guidelines and documentation are available for implementing and using the ontology?,BELOW,ok,0.55,0.8,ok,ok,0.15,0.15,"2: guidelines, documentation",0
CVN,NeoNGPT_GPT4o,"Resources are what is worked on in the circular value network. Resources are used as inputs but could also be outputs from the network, and its processes, steps etc. For resources that are part of a circular value network they will be of a certain type (is it a product, component or material). Also, for these resources, their composition is ideally known at some level. Resources can also be used in processing steps, but without being the main focus of the value network, e.g. consumables, catalysts.",15. How does the ontology support decision-making processes in resource management and optimization?,BELOW,ok,0.55,0.8,ok,ok,0.15,0.15,1: ontology,1: optimization
CVN,NeoNGPT_GPT4o,"Resources are what is worked on in the circular value network. Resources are used as inputs but could also be outputs from the network, and its processes, steps etc. For resources that are part of a circular value network they will be of a certain type (is it a product, component or material). Also, for these resources, their composition is ideally known at some level. Resources can also be used in processing steps, but without being the main focus of the value network, e.g. consumables, catalysts.",16. How can data integration and sharing be facilitated across different stakeholders in a circular economy?,BELOW,ok,0.55,0.8,ok,ok,0.15,0.15,"2: data integration, stakeholders",0
CVN,NeoNGPT_GPT4o,"Resources are what is worked on in the circular value network. Resources are used as inputs but could also be outputs from the network, and its processes, steps etc. For resources that are part of a circular value network they will be of a certain type (is it a product, component or material). Also, for these resources, their composition is ideally known at some level. Resources can also be used in processing steps, but without being the main focus of the value network, e.g. consumables, catalysts.",17. What framework does the ontology provide for developing applications that monitor and analyze resource flows?,BELOW,ok,0.55,0.8,ok,ok,0.15,0.15,"2: framework, ontology",0
CVN,NeoNGPT_GPT4o,"Resources are what is worked on in the circular value network. Resources are used as inputs but could also be outputs from the network, and its processes, steps etc. For resources that are part of a circular value network they will be of a certain type (is it a product, component or material). Also, for these resources, their composition is ideally known at some level. Resources can also be used in processing steps, but without being the main focus of the value network, e.g. consumables, catalysts.",18. How does the ontology ensure scalability for large and complex networks?,BELOW,ok,0.55,0.8,ok,ok,0.15,0.15,1: ontology,0
CVN,NeoNGPT_GPT4o,"Resources are what is worked on in the circular value network. Resources are used as inputs but could also be outputs from the network, and its processes, steps etc. For resources that are part of a circular value network they will be of a certain type (is it a product, component or material). Also, for these resources, their composition is ideally known at some level. Resources can also be used in processing steps, but without being the main focus of the value network, e.g. consumables, catalysts.",19. What measures are in place to maintain and update the ontology as new information emerges?,BELOW,ok,0.55,0.8,ok,ok,0.15,0.15,1: measures,0
CVN,NeoNGPT_GPT4o,"Resources are what is worked on in the circular value network. Resources are used as inputs but could also be outputs from the network, and its processes, steps etc. For resources that are part of a circular value network they will be of a certain type (is it a product, component or material). Also, for these resources, their composition is ideally known at some level. Resources can also be used in processing steps, but without being the main focus of the value network, e.g. consumables, catalysts.",20. How does the ontology perform in terms of reasoning and querying with large datasets?,BELOW,ok,0.55,0.8,ok,ok,0.15,0.15,1: ontology,1: perform
CVN,NeoNGPT_GPT4o,"The value proposition that a circular value network holds is the value the network can generate and which motivates its existence. It could be in the form of business value as in monetary terms, but also in the form of environmental, sustainability and performance values.",1. What are the key stakeholders involved in a circular value network?,BELOW,BELOW,0.65,0.7,ok,ok,0.25,0.3,1: stakeholders,0
CVN,NeoNGPT_GPT4o,"The value proposition that a circular value network holds is the value the network can generate and which motivates its existence. It could be in the form of business value as in monetary terms, but also in the form of environmental, sustainability and performance values.",2. How do resources flow through the circular value network?,BELOW,BELOW,0.65,0.7,ok,ok,0.25,0.3,0,0
CVN,NeoNGPT_GPT4o,"The value proposition that a circular value network holds is the value the network can generate and which motivates its existence. It could be in the form of business value as in monetary terms, but also in the form of environmental, sustainability and performance values.",3. What types of value are generated within the circular value network?,BELOW,BELOW,0.65,0.7,ok,ok,0.25,0.3,0,0
CVN,NeoNGPT_GPT4o,"The value proposition that a circular value network holds is the value the network can generate and which motivates its existence. It could be in the form of business value as in monetary terms, but also in the form of environmental, sustainability and performance values.",4. How is monetary value exchanged between stakeholders in the network?,BELOW,BELOW,0.65,0.7,ok,ok,0.25,0.3,1: exchanged,0
CVN,NeoNGPT_GPT4o,"The value proposition that a circular value network holds is the value the network can generate and which motivates its existence. It could be in the form of business value as in monetary terms, but also in the form of environmental, sustainability and performance values.",5. What environmental benefits are associated with the circular value network?,BELOW,BELOW,0.65,0.7,ok,ok,0.25,0.3,0,0
CVN,NeoNGPT_GPT4o,"The value proposition that a circular value network holds is the value the network can generate and which motivates its existence. It could be in the form of business value as in monetary terms, but also in the form of environmental, sustainability and performance values.",6. How does the network contribute to sustainability goals?,BELOW,BELOW,0.65,0.7,ok,ok,0.25,0.3,0,0
CVN,NeoNGPT_GPT4o,"The value proposition that a circular value network holds is the value the network can generate and which motivates its existence. It could be in the form of business value as in monetary terms, but also in the form of environmental, sustainability and performance values.",7. What are the performance metrics used to evaluate the network's efficiency?,BELOW,BELOW,0.65,0.7,ok,ok,0.25,0.3,1: performance metrics,1: efficiency
CVN,NeoNGPT_GPT4o,"The value proposition that a circular value network holds is the value the network can generate and which motivates its existence. It could be in the form of business value as in monetary terms, but also in the form of environmental, sustainability and performance values.",8. What processes are involved in the transformation of resources within the network?,BELOW,BELOW,0.65,0.7,ok,ok,0.25,0.3,1: processes,0
CVN,NeoNGPT_GPT4o,"The value proposition that a circular value network holds is the value the network can generate and which motivates its existence. It could be in the form of business value as in monetary terms, but also in the form of environmental, sustainability and performance values.",9. How do stakeholders interact and collaborate within the network?,BELOW,BELOW,0.65,0.7,ok,ok,0.25,0.3,1: stakeholders,0
CVN,NeoNGPT_GPT4o,"The value proposition that a circular value network holds is the value the network can generate and which motivates its existence. It could be in the form of business value as in monetary terms, but also in the form of environmental, sustainability and performance values.",10. What constraints and rules govern the operation of the circular value network?,BELOW,BELOW,0.65,0.7,ok,ok,0.25,0.3,"1: constraints, rules govern",0
CVN,NeoNGPT_GPT4o,"The value proposition that a circular value network holds is the value the network can generate and which motivates its existence. It could be in the form of business value as in monetary terms, but also in the form of environmental, sustainability and performance values.",11. How can the network be optimized for better resource utilization?,BELOW,BELOW,0.65,0.7,ok,ok,0.25,0.3,1: optimized,1: optimized
CVN,NeoNGPT_GPT4o,"The value proposition that a circular value network holds is the value the network can generate and which motivates its existence. It could be in the form of business value as in monetary terms, but also in the form of environmental, sustainability and performance values.",12. What are the potential environmental impacts of the network's operations?,BELOW,BELOW,0.65,0.7,ok,ok,0.25,0.3,0,0
CVN,NeoNGPT_GPT4o,"The value proposition that a circular value network holds is the value the network can generate and which motivates its existence. It could be in the form of business value as in monetary terms, but also in the form of environmental, sustainability and performance values.",13. How can the network's sustainability performance be improved?,BELOW,BELOW,0.65,0.7,ok,ok,0.25,0.3,0,"2: sustainability, performance"
CVN,NeoNGPT_GPT4o,"The value proposition that a circular value network holds is the value the network can generate and which motivates its existence. It could be in the form of business value as in monetary terms, but also in the form of environmental, sustainability and performance values.",14. What are the relationships between different forms of value in the network?,BELOW,BELOW,0.65,0.7,ok,ok,0.25,0.3,0,0
CVN,NeoNGPT_GPT4o,"The value proposition that a circular value network holds is the value the network can generate and which motivates its existence. It could be in the form of business value as in monetary terms, but also in the form of environmental, sustainability and performance values.",15. How can the network adapt to changes in resource availability?,BELOW,BELOW,0.65,0.7,ok,ok,0.25,0.3,1: adapt,0
CVN,NeoNGPT_GPT4o,"The value proposition that a circular value network holds is the value the network can generate and which motivates its existence. It could be in the form of business value as in monetary terms, but also in the form of environmental, sustainability and performance values.",16. What are the best practices for enhancing value generation in the network?,BELOW,BELOW,0.65,0.7,ok,ok,0.25,0.3,1: best practices,1: best practices
CVN,NeoNGPT_GPT4o,"The value proposition that a circular value network holds is the value the network can generate and which motivates its existence. It could be in the form of business value as in monetary terms, but also in the form of environmental, sustainability and performance values.",17. How can the network's performance be benchmarked against industry standards?,BELOW,BELOW,0.65,0.7,ok,ok,0.25,0.3,1: benchmarked against industry standards,1: performance
CVN,NeoNGPT_GPT4o,"The value proposition that a circular value network holds is the value the network can generate and which motivates its existence. It could be in the form of business value as in monetary terms, but also in the form of environmental, sustainability and performance values.",18. What tools and applications can be developed using the ontology to support decision-making?,BELOW,BELOW,0.65,0.7,ok,ok,0.25,0.3,"2: tools, applications",0
CVN,NeoNGPT_GPT4o,"The value proposition that a circular value network holds is the value the network can generate and which motivates its existence. It could be in the form of business value as in monetary terms, but also in the form of environmental, sustainability and performance values.",19. How can the ontology facilitate research and innovation in circular economy practices?,BELOW,BELOW,0.65,0.7,ok,ok,0.25,0.3,1: ontology,0
CVN,NeoNGPT_GPT4o,"The value proposition that a circular value network holds is the value the network can generate and which motivates its existence. It could be in the form of business value as in monetary terms, but also in the form of environmental, sustainability and performance values.",20. What are the interoperability requirements for integrating the ontology with existing systems?,BELOW,BELOW,0.65,0.7,ok,ok,0.25,0.3,1: interoperability requirements,0
CVN,NeoNGPT_GPT4o,"There are several actors involved in a construction use case/circular value flow, each holding some roles in a certain material flow.",What are the key actors involved in a construction project?,ABOVE,ok,1.0,1.3,ok,ok,0.25,0.3,1: key actors,1: key
CVN,NeoNGPT_GPT4o,"There are several actors involved in a construction use case/circular value flow, each holding some roles in a certain material flow.",What roles and responsibilities does each actor have in the material flow of a construction project?,ABOVE,ok,1.0,1.3,ok,ok,0.25,0.3,1: responsibilities,0
CVN,NeoNGPT_GPT4o,"There are several actors involved in a construction use case/circular value flow, each holding some roles in a certain material flow.","How are materials sourced, used, recycled, and disposed of in a construction project?",ABOVE,ok,1.0,1.3,ok,ok,0.25,0.3,"4: sourced, used, recycled, disposed of",0
CVN,NeoNGPT_GPT4o,"There are several actors involved in a construction use case/circular value flow, each holding some roles in a certain material flow.",What are the principles of the circular economy that are integrated into the construction material flow?,ABOVE,ok,1.0,1.3,ok,ok,0.25,0.3,1: principles,0
CVN,NeoNGPT_GPT4o,"There are several actors involved in a construction use case/circular value flow, each holding some roles in a certain material flow.",How can resource efficiency be improved in a construction project?,ABOVE,ok,1.0,1.3,ok,ok,0.25,0.3,1: resource efficiency,1: improved
CVN,NeoNGPT_GPT4o,"There are several actors involved in a construction use case/circular value flow, each holding some roles in a certain material flow.",What processes are involved in the recycling and reuse of construction materials?,ABOVE,ok,1.0,1.3,ok,ok,0.25,0.3,"2: processes, recycling and reuse",0
CVN,NeoNGPT_GPT4o,"There are several actors involved in a construction use case/circular value flow, each holding some roles in a certain material flow.",How does the ontology support interoperability with existing construction management systems?,ABOVE,ok,1.0,1.3,ok,ok,0.25,0.3,1: ontology,0
CVN,NeoNGPT_GPT4o,"There are several actors involved in a construction use case/circular value flow, each holding some roles in a certain material flow.",What are the lifecycle stages of materials in a construction project?,ABOVE,ok,1.0,1.3,ok,ok,0.25,0.3,1: lifecycle stages,0
CVN,NeoNGPT_GPT4o,"There are several actors involved in a construction use case/circular value flow, each holding some roles in a certain material flow.",How can waste reduction be achieved in construction projects?,ABOVE,ok,1.0,1.3,ok,ok,0.25,0.3,1: waste reduction,0
CVN,NeoNGPT_GPT4o,"There are several actors involved in a construction use case/circular value flow, each holding some roles in a certain material flow.",What decision-making processes are supported by the ontology for construction project management?,ABOVE,ok,1.0,1.3,ok,ok,0.25,0.3,1: decision-making processes,0
CVN,NeoNGPT_GPT4o,"There are several actors involved in a construction use case/circular value flow, each holding some roles in a certain material flow.",How does the ontology facilitate communication between different stakeholders in the construction industry?,ABOVE,ok,1.0,1.3,ok,ok,0.25,0.3,1: ontology,0
CVN,NeoNGPT_GPT4o,"There are several actors involved in a construction use case/circular value flow, each holding some roles in a certain material flow.",What are the sustainability assessment criteria for construction projects?,ABOVE,ok,1.0,1.3,ok,ok,0.25,0.3,1: sustainability assessment criteria,1: sustainability
CVN,NeoNGPT_GPT4o,"There are several actors involved in a construction use case/circular value flow, each holding some roles in a certain material flow.",How can the ontology be extended to include new actors or roles in the construction industry?,ABOVE,ok,1.0,1.3,ok,ok,0.25,0.3,1: ontology,0
CVN,NeoNGPT_GPT4o,"There are several actors involved in a construction use case/circular value flow, each holding some roles in a certain material flow.",What are the compliance requirements related to construction and sustainability that the ontology addresses?,ABOVE,ok,1.0,1.3,ok,ok,0.25,0.3,"2: compliance requirements, sustainability",0
CVN,NeoNGPT_GPT4o,"There are several actors involved in a construction use case/circular value flow, each holding some roles in a certain material flow.",How does the ontology support the development of training and educational materials on sustainable construction practices?,ABOVE,ok,1.0,1.3,ok,ok,0.25,0.3,1: ontology,0
CVN,NeoNGPT_GPT4o,"There are several actors involved in a construction use case/circular value flow, each holding some roles in a certain material flow.",What are the constraints and relationships between different actors and materials in a construction project?,ABOVE,ok,1.0,1.3,ok,ok,0.25,0.3,"2: constraints, relationships",0
CVN,NeoNGPT_GPT4o,"There are several actors involved in a construction use case/circular value flow, each holding some roles in a certain material flow.",How can the ontology be used to analyze data for improving resource efficiency in construction projects?,ABOVE,ok,1.0,1.3,ok,ok,0.25,0.3,1: ontology,1: improving
CVN,NeoNGPT_GPT4o,"There are several actors involved in a construction use case/circular value flow, each holding some roles in a certain material flow.",What are the environmental impacts of different material flows in construction projects?,ABOVE,ok,1.0,1.3,ok,ok,0.25,0.3,1: environmental impacts,0
CVN,NeoNGPT_GPT4o,"There are several actors involved in a construction use case/circular value flow, each holding some roles in a certain material flow.",How does the ontology model the integration of circular economy principles into construction processes?,ABOVE,ok,1.0,1.3,ok,ok,0.25,0.3,1: ontology,0
CVN,NeoNGPT_GPT4o,"There are several actors involved in a construction use case/circular value flow, each holding some roles in a certain material flow.",What are the performance metrics for efficient querying and reasoning within the ontology?,ABOVE,ok,1.0,1.3,ok,ok,0.25,0.3,1: performance metrics,"2: performance, efficient"
CVN,OntoChat,"A manufacturer of a product needs to understand the composition and origin of the materials, as well as their production processes, to mitigate risks in the supply chain, analyse and improve the supply chain, ensure compliance with regulations etc. Although some stakeholders in the supply chain may be unknown, data origin and proof of validity is important.",What are the materials used in the product?,ok,ok,0.0,0.0,ABOVE,ABOVE,0.4,0.4,0,0
CVN,OntoChat,"A manufacturer of a product needs to understand the composition and origin of the materials, as well as their production processes, to mitigate risks in the supply chain, analyse and improve the supply chain, ensure compliance with regulations etc. Although some stakeholders in the supply chain may be unknown, data origin and proof of validity is important.",Where do the materials come from?,ok,ok,0.0,0.0,ABOVE,ABOVE,0.4,0.4,0,0
CVN,OntoChat,"A manufacturer of a product needs to understand the composition and origin of the materials, as well as their production processes, to mitigate risks in the supply chain, analyse and improve the supply chain, ensure compliance with regulations etc. Although some stakeholders in the supply chain may be unknown, data origin and proof of validity is important.",What are the production processes involved in manufacturing the product?,ok,ok,0.0,0.0,ABOVE,ABOVE,0.4,0.4,0,0
CVN,OntoChat,"A manufacturer of a product needs to understand the composition and origin of the materials, as well as their production processes, to mitigate risks in the supply chain, analyse and improve the supply chain, ensure compliance with regulations etc. Although some stakeholders in the supply chain may be unknown, data origin and proof of validity is important.",How can risks in the supply chain be mitigated?,ok,ok,0.0,0.0,ABOVE,ABOVE,0.4,0.4,0,1: mitigated
CVN,OntoChat,"A manufacturer of a product needs to understand the composition and origin of the materials, as well as their production processes, to mitigate risks in the supply chain, analyse and improve the supply chain, ensure compliance with regulations etc. Although some stakeholders in the supply chain may be unknown, data origin and proof of validity is important.",How can compliance with regulations be ensured in the supply chain?,ok,ok,0.0,0.0,ABOVE,ABOVE,0.4,0.4,0,1: compliance
CVN,OntoChat,"Recycling of a product may depend on its material composition, efficiency of recycling.",What are the material composition considerations for recycling a product?,ok,ok,0.2,0.2,ABOVE,ABOVE,0.4,0.4,0,0
CVN,OntoChat,"Recycling of a product may depend on its material composition, efficiency of recycling.",How does the efficiency of recycling impact the recycling process of a product?,ok,ok,0.2,0.2,ABOVE,ABOVE,0.4,0.4,0,1: efficiency
CVN,OntoChat,"Recycling of a product may depend on its material composition, efficiency of recycling.",What factors influence the decision to recycle a product based on its material composition?,ok,ok,0.2,0.2,ABOVE,ABOVE,0.4,0.4,1: decision,0
CVN,OntoChat,"Recycling of a product may depend on its material composition, efficiency of recycling.",How does the efficiency of recycling affect the sustainability of recycling a product?,ok,ok,0.2,0.2,ABOVE,ABOVE,0.4,0.4,0,"1: efficiency, sustainability"
CVN,OntoChat,"Recycling of a product may depend on its material composition, efficiency of recycling.",What role does material composition play in determining the recyclability of a product?,ok,ok,0.2,0.2,ABOVE,ABOVE,0.4,0.4,0,0
IntelligentBathrooms,Gold,"Based on the fact that I have the evening off, that it is going to rain, and that I like to go to the movies on my free-time, the system finds a film that I could see tonight.","What events of a specific event category, e.g. movies, are available during a certain time period?",ok,ABOVE,1.0,3.0,ABOVE,ABOVE,0.5,0.5,"3: events, event category, time period",0
IntelligentBathrooms,Gold,"Based on the fact that I have the evening off, that it is going to rain, and that I like to go to the movies on my free-time, the system finds a film that I could see tonight.","What is the most suitable event to propose to the user for a certain time period, based on the weather, the calendar and the user's preferences?",ok,ABOVE,1.0,3.0,ABOVE,ABOVE,0.5,0.5,"3: most suitable event, propose, calendar",1: most suitable
IntelligentBathrooms,Gold,"The system asks me if I want to order tickets to a proposed event if there are tickets available. I am presented with a set of ticket options, and get to select the time of the show, the seat I want at the movie theatre. Finally, I pay by credit card.","What are the options available for this event category/specific event (i.e. what can be customized by the user, e.g. seat selection and time of show for a movie)?",ok,ABOVE,1.0,2.0,ok,ok,0.0,0.0,1: event category/specific event,0
IntelligentBathrooms,Gold,"The system asks me if I want to order tickets to a proposed event if there are tickets available. I am presented with a set of ticket options, and get to select the time of the show, the seat I want at the movie theatre. Finally, I pay by credit card.",What is the default value of this option for this user in this context?,ok,ABOVE,1.0,2.0,ok,ok,0.0,0.0,"3: default value, user, context",0
IntelligentBathrooms,Gold,"When I am standing in front of the mirror brushing my teeth the weather is displayed as graphics on the mirror, but when I walk around the bathroom it is read out through the loudspeakers.",What devices are available in this indoor location?,ok,ok,0.75,1.0,ABOVE,ABOVE,0.25,0.25,1: devices,0
IntelligentBathrooms,Gold,"When I am standing in front of the mirror brushing my teeth the weather is displayed as graphics on the mirror, but when I walk around the bathroom it is read out through the loudspeakers.",What functionalities does this device provide?,ok,ok,0.75,1.0,ABOVE,ABOVE,0.25,0.25,0,0
IntelligentBathrooms,Gold,"When I am standing in front of the mirror brushing my teeth the weather is displayed as graphics on the mirror, but when I walk around the bathroom it is read out through the loudspeakers.",Using what device and what functionality of that device should this content be displayed?,ok,ok,0.75,1.0,ABOVE,ABOVE,0.25,0.25,"2: device, functionality",0
IntelligentBathrooms,Gold,"When I am standing in front of the mirror brushing my teeth the weather is displayed as graphics on the mirror, but when I walk around the bathroom it is read out through the loudspeakers.","How should this content be presented, given the user's context?",ok,ok,0.75,1.0,ABOVE,ABOVE,0.25,0.25,1: user's context,1: should
IntelligentBathrooms,NeoNGPT_GPT4o,"Based on the fact that I have the evening off, that it is going to rain, and that I like to go to the movies on my free-time, the system finds a film that I could see tonight.",What are the favorite movie genres of a specific user?,ABOVE,ok,1.0,1.35,ok,ok,0.1,0.1,1: favorite movie genres,0
IntelligentBathrooms,NeoNGPT_GPT4o,"Based on the fact that I have the evening off, that it is going to rain, and that I like to go to the movies on my free-time, the system finds a film that I could see tonight.",Which movies has a user watched in the past?,ABOVE,ok,1.0,1.35,ok,ok,0.1,0.1,1: watched in the past,0
IntelligentBathrooms,NeoNGPT_GPT4o,"Based on the fact that I have the evening off, that it is going to rain, and that I like to go to the movies on my free-time, the system finds a film that I could see tonight.",What are the current weather conditions in a user's location?,ABOVE,ok,1.0,1.35,ok,ok,0.1,0.1,1: user's location,0
IntelligentBathrooms,NeoNGPT_GPT4o,"Based on the fact that I have the evening off, that it is going to rain, and that I like to go to the movies on my free-time, the system finds a film that I could see tonight.",How does the current weather influence movie recommendations for a user?,ABOVE,ok,1.0,1.35,ok,ok,0.1,0.1,1: weather,0
IntelligentBathrooms,NeoNGPT_GPT4o,"Based on the fact that I have the evening off, that it is going to rain, and that I like to go to the movies on my free-time, the system finds a film that I could see tonight.",What movies are currently available in local cinemas?,ABOVE,ok,1.0,1.35,ok,ok,0.1,0.1,1: local cinemas,0
IntelligentBathrooms,NeoNGPT_GPT4o,"Based on the fact that I have the evening off, that it is going to rain, and that I like to go to the movies on my free-time, the system finds a film that I could see tonight.",What are the showtimes for a specific movie at a local cinema?,ABOVE,ok,1.0,1.35,ok,ok,0.1,0.1,"2: showtimes, local cinema",0
IntelligentBathrooms,NeoNGPT_GPT4o,"Based on the fact that I have the evening off, that it is going to rain, and that I like to go to the movies on my free-time, the system finds a film that I could see tonight.",Which movies match a user's preferences based on genre and cast?,ABOVE,ok,1.0,1.35,ok,ok,0.1,0.1,"2: preferences, cast",0
IntelligentBathrooms,NeoNGPT_GPT4o,"Based on the fact that I have the evening off, that it is going to rain, and that I like to go to the movies on my free-time, the system finds a film that I could see tonight.",What is the duration and rating of a specific movie?,ABOVE,ok,1.0,1.35,ok,ok,0.1,0.1,"2: duration, rating",0
IntelligentBathrooms,NeoNGPT_GPT4o,"Based on the fact that I have the evening off, that it is going to rain, and that I like to go to the movies on my free-time, the system finds a film that I could see tonight.",Who is the director of a specific movie?,ABOVE,ok,1.0,1.35,ok,ok,0.1,0.1,1: director,0
IntelligentBathrooms,NeoNGPT_GPT4o,"Based on the fact that I have the evening off, that it is going to rain, and that I like to go to the movies on my free-time, the system finds a film that I could see tonight.",What are the current date and time?,ABOVE,ok,1.0,1.35,ok,ok,0.1,0.1,"2: current date, time",0
IntelligentBathrooms,NeoNGPT_GPT4o,"Based on the fact that I have the evening off, that it is going to rain, and that I like to go to the movies on my free-time, the system finds a film that I could see tonight.",How can user preferences be updated in the ontology?,ABOVE,ok,1.0,1.35,ok,ok,0.1,0.1,1: preferences,0
IntelligentBathrooms,NeoNGPT_GPT4o,"Based on the fact that I have the evening off, that it is going to rain, and that I like to go to the movies on my free-time, the system finds a film that I could see tonight.",What movies are recommended for a user on a rainy evening?,ABOVE,ok,1.0,1.35,ok,ok,0.1,0.1,1: recommended,1: recommended
IntelligentBathrooms,NeoNGPT_GPT4o,"Based on the fact that I have the evening off, that it is going to rain, and that I like to go to the movies on my free-time, the system finds a film that I could see tonight.",How can the ontology integrate with external weather data sources?,ABOVE,ok,1.0,1.35,ok,ok,0.1,0.1,"1: ontology, integrate, external weather data sources",0
IntelligentBathrooms,NeoNGPT_GPT4o,"Based on the fact that I have the evening off, that it is going to rain, and that I like to go to the movies on my free-time, the system finds a film that I could see tonight.",How can the ontology integrate with cinema schedule databases?,ABOVE,ok,1.0,1.35,ok,ok,0.1,0.1,1: ontology,0
IntelligentBathrooms,NeoNGPT_GPT4o,"Based on the fact that I have the evening off, that it is going to rain, and that I like to go to the movies on my free-time, the system finds a film that I could see tonight.",What are the top-rated movies in a specific genre?,ABOVE,ok,1.0,1.35,ok,ok,0.1,0.1,"2: top-rated, genre",1: top-rated
IntelligentBathrooms,NeoNGPT_GPT4o,"Based on the fact that I have the evening off, that it is going to rain, and that I like to go to the movies on my free-time, the system finds a film that I could see tonight.",How can the ontology support reasoning to match user preferences with available movies?,ABOVE,ok,1.0,1.35,ok,ok,0.1,0.1,1: ontology,0
IntelligentBathrooms,NeoNGPT_GPT4o,"Based on the fact that I have the evening off, that it is going to rain, and that I like to go to the movies on my free-time, the system finds a film that I could see tonight.",How can user data be securely managed within the ontology?,ABOVE,ok,1.0,1.35,ok,ok,0.1,0.1,1: user data,0
IntelligentBathrooms,NeoNGPT_GPT4o,"Based on the fact that I have the evening off, that it is going to rain, and that I like to go to the movies on my free-time, the system finds a film that I could see tonight.",How can the ontology be extended to include new movie attributes?,ABOVE,ok,1.0,1.35,ok,ok,0.1,0.1,1: ontology,0
IntelligentBathrooms,NeoNGPT_GPT4o,"Based on the fact that I have the evening off, that it is going to rain, and that I like to go to the movies on my free-time, the system finds a film that I could see tonight.",How can the ontology ensure interoperability with existing entertainment platforms?,ABOVE,ok,1.0,1.35,ok,ok,0.1,0.1,"2: ontology, interoperability",0
IntelligentBathrooms,NeoNGPT_GPT4o,"Based on the fact that I have the evening off, that it is going to rain, and that I like to go to the movies on my free-time, the system finds a film that I could see tonight.",How can the ontology handle a large number of users and movies efficiently?,ABOVE,ok,1.0,1.35,ok,ok,0.1,0.1,"2: ontology, large number of users",0
IntelligentBathrooms,NeoNGPT_GPT4o,"I am alone in the bathroom. I am standing facing the mirror with the electric toothbrush in my hand, hence, the system recognizes that I am brushing my teeth.",What activities related to personal hygiene can be recognized in the bathroom?,ABOVE,ABOVE,1.0,1.8,ok,ok,0.1,0.1,1: activities related to personal hygiene,0
IntelligentBathrooms,NeoNGPT_GPT4o,"I am alone in the bathroom. I am standing facing the mirror with the electric toothbrush in my hand, hence, the system recognizes that I am brushing my teeth.",How can the system identify when a person is brushing their teeth?,ABOVE,ABOVE,1.0,1.8,ok,ok,0.1,0.1,1: identify,0
IntelligentBathrooms,NeoNGPT_GPT4o,"I am alone in the bathroom. I am standing facing the mirror with the electric toothbrush in my hand, hence, the system recognizes that I am brushing my teeth.",What objects and tools are commonly associated with the activity of brushing teeth?,ABOVE,ABOVE,1.0,1.8,ok,ok,0.1,0.1,"2: objects, commonly associated",0
IntelligentBathrooms,NeoNGPT_GPT4o,"I am alone in the bathroom. I am standing facing the mirror with the electric toothbrush in my hand, hence, the system recognizes that I am brushing my teeth.",How does the presence of a toothbrush and toothpaste influence activity recognition?,ABOVE,ABOVE,1.0,1.8,ok,ok,0.1,0.1,"2: toothpaste, influence activity recognition",0
IntelligentBathrooms,NeoNGPT_GPT4o,"I am alone in the bathroom. I am standing facing the mirror with the electric toothbrush in my hand, hence, the system recognizes that I am brushing my teeth.",What contextual information is necessary to determine if a person is brushing their teeth?,ABOVE,ABOVE,1.0,1.8,ok,ok,0.1,0.1,1: contextual information,0
IntelligentBathrooms,NeoNGPT_GPT4o,"I am alone in the bathroom. I am standing facing the mirror with the electric toothbrush in my hand, hence, the system recognizes that I am brushing my teeth.",How can the duration of the tooth brushing activity be measured?,ABOVE,ABOVE,1.0,1.8,ok,ok,0.1,0.1,1: duration,0
IntelligentBathrooms,NeoNGPT_GPT4o,"I am alone in the bathroom. I am standing facing the mirror with the electric toothbrush in my hand, hence, the system recognizes that I am brushing my teeth.",What is the typical frequency of the tooth brushing activity for an individual?,ABOVE,ABOVE,1.0,1.8,ok,ok,0.1,0.1,"1: typical frequency, individual",0
IntelligentBathrooms,NeoNGPT_GPT4o,"I am alone in the bathroom. I am standing facing the mirror with the electric toothbrush in my hand, hence, the system recognizes that I am brushing my teeth.",How can the system provide feedback or reminders to users about their personal hygiene routines?,ABOVE,ABOVE,1.0,1.8,ok,ok,0.1,0.1,"2: feedback, reminders",0
IntelligentBathrooms,NeoNGPT_GPT4o,"I am alone in the bathroom. I am standing facing the mirror with the electric toothbrush in my hand, hence, the system recognizes that I am brushing my teeth.",How does the ontology integrate with other smart home systems and ontologies?,ABOVE,ABOVE,1.0,1.8,ok,ok,0.1,0.1,"3: ontology, integrate, smart home systems",0
IntelligentBathrooms,NeoNGPT_GPT4o,"I am alone in the bathroom. I am standing facing the mirror with the electric toothbrush in my hand, hence, the system recognizes that I am brushing my teeth.",What are the environmental conditions in the bathroom that affect personal hygiene activities?,ABOVE,ABOVE,1.0,1.8,ok,ok,0.1,0.1,1: environmental conditions,0
IntelligentBathrooms,NeoNGPT_GPT4o,"I am alone in the bathroom. I am standing facing the mirror with the electric toothbrush in my hand, hence, the system recognizes that I am brushing my teeth.",How can the ontology support the recognition of multiple personal hygiene activities simultaneously?,ABOVE,ABOVE,1.0,1.8,ok,ok,0.1,0.1,1: multiple personal hygiene activities simultaneously,0
IntelligentBathrooms,NeoNGPT_GPT4o,"I am alone in the bathroom. I am standing facing the mirror with the electric toothbrush in my hand, hence, the system recognizes that I am brushing my teeth.",What are the temporal aspects associated with brushing teeth that the ontology should capture?,ABOVE,ABOVE,1.0,1.8,ok,ok,0.1,0.1,1: temporal aspects,0
IntelligentBathrooms,NeoNGPT_GPT4o,"I am alone in the bathroom. I am standing facing the mirror with the electric toothbrush in my hand, hence, the system recognizes that I am brushing my teeth.",How can the ontology assist in monitoring and encouraging healthy hygiene habits?,ABOVE,ABOVE,1.0,1.8,ok,ok,0.1,0.1,"2: ontology, encouraging healthy hygiene habits",1: healthy
IntelligentBathrooms,NeoNGPT_GPT4o,"I am alone in the bathroom. I am standing facing the mirror with the electric toothbrush in my hand, hence, the system recognizes that I am brushing my teeth.",What are the potential interactions between a person and bathroom appliances during the tooth brushing activity?,ABOVE,ABOVE,1.0,1.8,ok,ok,0.1,0.1,"2: potential interactions, bathroom appliances",0
IntelligentBathrooms,NeoNGPT_GPT4o,"I am alone in the bathroom. I am standing facing the mirror with the electric toothbrush in my hand, hence, the system recognizes that I am brushing my teeth.",How can the ontology be extended to include additional personal hygiene activities?,ABOVE,ABOVE,1.0,1.8,ok,ok,0.1,0.1,"1: ontology, extended, additional personal hygiene activities",0
IntelligentBathrooms,NeoNGPT_GPT4o,"I am alone in the bathroom. I am standing facing the mirror with the electric toothbrush in my hand, hence, the system recognizes that I am brushing my teeth.",What are the interoperability requirements for integrating this ontology with health monitoring systems?,ABOVE,ABOVE,1.0,1.8,ok,ok,0.1,0.1,"1: interoperability requirements, integrating, ontology, health monitoring systems",0
IntelligentBathrooms,NeoNGPT_GPT4o,"I am alone in the bathroom. I am standing facing the mirror with the electric toothbrush in my hand, hence, the system recognizes that I am brushing my teeth.",How can the ontology support real-time activity recognition and reasoning?,ABOVE,ABOVE,1.0,1.8,ok,ok,0.1,0.1,"2: ontology, real-time activity recognition and reasoning",0
IntelligentBathrooms,NeoNGPT_GPT4o,"I am alone in the bathroom. I am standing facing the mirror with the electric toothbrush in my hand, hence, the system recognizes that I am brushing my teeth.",What are the key elements that ensure the ontology's usability for developers and researchers?,ABOVE,ABOVE,1.0,1.8,ok,ok,0.1,0.1,"5: key elements, ensure, ontology's usability, developers, researchers","1: key elements, ensure, usability"
IntelligentBathrooms,NeoNGPT_GPT4o,"I am alone in the bathroom. I am standing facing the mirror with the electric toothbrush in my hand, hence, the system recognizes that I am brushing my teeth.",How can the ontology be maintained and updated as new technologies and activities emerge?,ABOVE,ABOVE,1.0,1.8,ok,ok,0.1,0.1,"3: ontology, maintained, updated",0
IntelligentBathrooms,NeoNGPT_GPT4o,"I am alone in the bathroom. I am standing facing the mirror with the electric toothbrush in my hand, hence, the system recognizes that I am brushing my teeth.",What are the specific requirements for the ontology to be scalable in terms of activities and objects?,ABOVE,ABOVE,1.0,1.8,ok,ok,0.1,0.1,"3: requirements, ontology, scalable",0
IntelligentBathrooms,NeoNGPT_GPT4o,"I like going to the movies when it is raining, and I especially like to see action movies.",What are the current weather conditions?,ok,ABOVE,0.9,1.55,ok,ok,0.15,0.15,1: weather conditions,0
IntelligentBathrooms,NeoNGPT_GPT4o,"I like going to the movies when it is raining, and I especially like to see action movies.",Is it currently raining?,ok,ABOVE,0.9,1.55,ok,ok,0.15,0.15,1: currently,0
IntelligentBathrooms,NeoNGPT_GPT4o,"I like going to the movies when it is raining, and I especially like to see action movies.",What movie genres are available?,ok,ABOVE,0.9,1.55,ok,ok,0.15,0.15,1: genres,0
IntelligentBathrooms,NeoNGPT_GPT4o,"I like going to the movies when it is raining, and I especially like to see action movies.",Which movies are classified as action movies?,ok,ABOVE,0.9,1.55,ok,ok,0.15,0.15,0,0
IntelligentBathrooms,NeoNGPT_GPT4o,"I like going to the movies when it is raining, and I especially like to see action movies.",What are the personal preferences of an individual regarding movie genres?,ok,ABOVE,0.9,1.55,ok,ok,0.15,0.15,1: personal preferences,0
IntelligentBathrooms,NeoNGPT_GPT4o,"I like going to the movies when it is raining, and I especially like to see action movies.",Under what weather conditions does an individual prefer to go to the movies?,ok,ABOVE,0.9,1.55,ok,ok,0.15,0.15,1: individual,1: prefer
IntelligentBathrooms,NeoNGPT_GPT4o,"I like going to the movies when it is raining, and I especially like to see action movies.",What are the showtimes for action movies today?,ok,ABOVE,0.9,1.55,ok,ok,0.15,0.15,1: showtimes,0
IntelligentBathrooms,NeoNGPT_GPT4o,"I like going to the movies when it is raining, and I especially like to see action movies.",How does rain influence the decision to go to the movies?,ok,ABOVE,0.9,1.55,ok,ok,0.15,0.15,0,0
IntelligentBathrooms,NeoNGPT_GPT4o,"I like going to the movies when it is raining, and I especially like to see action movies.",What are the recommended movie outings based on current weather conditions?,ok,ABOVE,0.9,1.55,ok,ok,0.15,0.15,"2: recommended, current weather conditions",1: recommended
IntelligentBathrooms,NeoNGPT_GPT4o,"I like going to the movies when it is raining, and I especially like to see action movies.",What are the optimal times for going to the movies today based on weather forecasts?,ok,ABOVE,0.9,1.55,ok,ok,0.15,0.15,"2: optimal times, weather forecasts",1: optimal
IntelligentBathrooms,NeoNGPT_GPT4o,"I like going to the movies when it is raining, and I especially like to see action movies.",How can personal preferences be used to generate movie recommendations?,ok,ABOVE,0.9,1.55,ok,ok,0.15,0.15,"2: personal preferences, generate movie recommendations",0
IntelligentBathrooms,NeoNGPT_GPT4o,"I like going to the movies when it is raining, and I especially like to see action movies.",What patterns exist in movie attendance related to weather conditions?,ok,ABOVE,0.9,1.55,ok,ok,0.15,0.15,"2: patterns, weather conditions",0
IntelligentBathrooms,NeoNGPT_GPT4o,"I like going to the movies when it is raining, and I especially like to see action movies.",How can the ontology integrate with external weather databases?,ok,ABOVE,0.9,1.55,ok,ok,0.15,0.15,"2: ontology, integrate with external weather databases",0
IntelligentBathrooms,NeoNGPT_GPT4o,"I like going to the movies when it is raining, and I especially like to see action movies.",How can the ontology integrate with external movie databases?,ok,ABOVE,0.9,1.55,ok,ok,0.15,0.15,"1: ontology, integrate, external movie databases",0
IntelligentBathrooms,NeoNGPT_GPT4o,"I like going to the movies when it is raining, and I especially like to see action movies.",How can the ontology be extended to include additional movie genres?,ok,ABOVE,0.9,1.55,ok,ok,0.15,0.15,1: ontology,0
IntelligentBathrooms,NeoNGPT_GPT4o,"I like going to the movies when it is raining, and I especially like to see action movies.",How can the ontology be extended to include additional weather conditions?,ok,ABOVE,0.9,1.55,ok,ok,0.15,0.15,1: ontology,0
IntelligentBathrooms,NeoNGPT_GPT4o,"I like going to the movies when it is raining, and I especially like to see action movies.",How does the ontology support reasoning about current and future weather forecasts?,ok,ABOVE,0.9,1.55,ok,ok,0.15,0.15,"3: ontology, support reasoning, future weather forecasts",0
IntelligentBathrooms,NeoNGPT_GPT4o,"I like going to the movies when it is raining, and I especially like to see action movies.",How does the ontology support reasoning about movie showtimes?,ok,ABOVE,0.9,1.55,ok,ok,0.15,0.15,1: ontology,0
IntelligentBathrooms,NeoNGPT_GPT4o,"I like going to the movies when it is raining, and I especially like to see action movies.",What are the scalability requirements for adding new data to the ontology?,ok,ABOVE,0.9,1.55,ok,ok,0.15,0.15,"5: scalability, requirements, adding, data, ontology",0
IntelligentBathrooms,NeoNGPT_GPT4o,"I like going to the movies when it is raining, and I especially like to see action movies.",How can the ontology be maintained and updated with new data and requirements?,ok,ABOVE,0.9,1.55,ok,ok,0.15,0.15,"3: ontology, maintained, updated with new data and requirements",0
IntelligentBathrooms,NeoNGPT_GPT4o,I was brushing my teeth in the bathroom on Thursday morning. Morning is between 6 and 10am according to the current user.,What are the personal hygiene activities included in the ontology?,ABOVE,ABOVE,1.0,2.67,BELOW,BELOW,0.0,0.0,1: ontology,0
IntelligentBathrooms,NeoNGPT_GPT4o,I was brushing my teeth in the bathroom on Thursday morning. Morning is between 6 and 10am according to the current user.,How is the activity of brushing teeth represented in the ontology?,ABOVE,ABOVE,1.0,2.67,BELOW,BELOW,0.0,0.0,1: ontology,0
IntelligentBathrooms,NeoNGPT_GPT4o,I was brushing my teeth in the bathroom on Thursday morning. Morning is between 6 and 10am according to the current user.,What temporal aspects are associated with brushing teeth?,ABOVE,ABOVE,1.0,2.67,BELOW,BELOW,0.0,0.0,1: temporal aspects,0
IntelligentBathrooms,NeoNGPT_GPT4o,I was brushing my teeth in the bathroom on Thursday morning. Morning is between 6 and 10am according to the current user.,"How is the ""morning"" time interval defined in the ontology?",ABOVE,ABOVE,1.0,2.67,BELOW,BELOW,0.0,0.0,1: ontology,0
IntelligentBathrooms,NeoNGPT_GPT4o,I was brushing my teeth in the bathroom on Thursday morning. Morning is between 6 and 10am according to the current user.,"What locations within a home are represented in the ontology, specifically for personal hygiene activities?",ABOVE,ABOVE,1.0,2.67,BELOW,BELOW,0.0,0.0,"2: locations, ontology",0
IntelligentBathrooms,NeoNGPT_GPT4o,I was brushing my teeth in the bathroom on Thursday morning. Morning is between 6 and 10am according to the current user.,How is the bathroom represented in the ontology?,ABOVE,ABOVE,1.0,2.67,BELOW,BELOW,0.0,0.0,1: represented in the ontology,0
IntelligentBathrooms,NeoNGPT_GPT4o,I was brushing my teeth in the bathroom on Thursday morning. Morning is between 6 and 10am according to the current user.,How can user profiles and their associated routines be represented in the ontology?,ABOVE,ABOVE,1.0,2.67,BELOW,BELOW,0.0,0.0,"2: user profiles, routines",0
IntelligentBathrooms,NeoNGPT_GPT4o,I was brushing my teeth in the bathroom on Thursday morning. Morning is between 6 and 10am according to the current user.,How does the ontology ensure compatibility with existing health and smart home ontologies?,ABOVE,ABOVE,1.0,2.67,BELOW,BELOW,0.0,0.0,"3: ontology, compatibility, health and smart home ontologies",0
IntelligentBathrooms,NeoNGPT_GPT4o,I was brushing my teeth in the bathroom on Thursday morning. Morning is between 6 and 10am according to the current user.,How does the ontology handle queries related to routine detection and analysis?,ABOVE,ABOVE,1.0,2.67,BELOW,BELOW,0.0,0.0,"3: ontology, queries, routine detection and analysis",0
IntelligentBathrooms,NeoNGPT_GPT4o,I was brushing my teeth in the bathroom on Thursday morning. Morning is between 6 and 10am according to the current user.,What mechanisms are in place to update the ontology as new activities or temporal definitions are introduced?,ABOVE,ABOVE,1.0,2.67,BELOW,BELOW,0.0,0.0,"3: mechanisms, update the ontology, new activities or temporal definitions",0
IntelligentBathrooms,NeoNGPT_GPT4o,I was brushing my teeth in the bathroom on Thursday morning. Morning is between 6 and 10am according to the current user.,How does the ontology support smart home systems in recognizing personal hygiene activities?,ABOVE,ABOVE,1.0,2.67,BELOW,BELOW,0.0,0.0,"3: ontology, support, smart home systems",0
IntelligentBathrooms,NeoNGPT_GPT4o,I was brushing my teeth in the bathroom on Thursday morning. Morning is between 6 and 10am according to the current user.,How can health applications use the ontology to track and provide feedback on personal hygiene routines?,ABOVE,ABOVE,1.0,2.67,BELOW,BELOW,0.0,0.0,"5: health applications, use, ontology, track, provide feedback",0
IntelligentBathrooms,NeoNGPT_GPT4o,I was brushing my teeth in the bathroom on Thursday morning. Morning is between 6 and 10am according to the current user.,How does the ontology support research in behavioral studies related to daily routines and health?,ABOVE,ABOVE,1.0,2.67,BELOW,BELOW,0.0,0.0,"5: ontology, support, research, behavioral studies, health",0
IntelligentBathrooms,NeoNGPT_GPT4o,I was brushing my teeth in the bathroom on Thursday morning. Morning is between 6 and 10am according to the current user.,What are the interoperability features of the ontology with other ontologies and data standards in the health and smart home domains?,ABOVE,ABOVE,1.0,2.67,BELOW,BELOW,0.0,0.0,"8: interoperability, features, ontology, other ontologies, data standards, health, smart home, domains",0
IntelligentBathrooms,NeoNGPT_GPT4o,"The system asks me if I want to order tickets to a proposed event if there are tickets available. I am presented with a set of ticket options, and get to select the time of the show, the seat I want at the movie theatre. Finally, I pay by credit card.","1. What are the details of a specific movie event, including title, description, date, time, and location?",ok,ABOVE,0.95,1.45,ok,ok,0.15,0.15,"5: details, title, description, date, location",0
IntelligentBathrooms,NeoNGPT_GPT4o,"The system asks me if I want to order tickets to a proposed event if there are tickets available. I am presented with a set of ticket options, and get to select the time of the show, the seat I want at the movie theatre. Finally, I pay by credit card.",2. What are the available ticket types for a particular movie event?,ok,ABOVE,0.95,1.45,ok,ok,0.15,0.15,1: types,0
IntelligentBathrooms,NeoNGPT_GPT4o,"The system asks me if I want to order tickets to a proposed event if there are tickets available. I am presented with a set of ticket options, and get to select the time of the show, the seat I want at the movie theatre. Finally, I pay by credit card.",3. How many tickets are available for a specific ticket type for a given movie event?,ok,ABOVE,0.95,1.45,ok,ok,0.15,0.15,"2: specific ticket type, given movie event",0
IntelligentBathrooms,NeoNGPT_GPT4o,"The system asks me if I want to order tickets to a proposed event if there are tickets available. I am presented with a set of ticket options, and get to select the time of the show, the seat I want at the movie theatre. Finally, I pay by credit card.","4. What are the seating arrangements for a specific movie theatre, including seat numbers and categories?",ok,ABOVE,0.95,1.45,ok,ok,0.15,0.15,"2: seating arrangements, categories",0
IntelligentBathrooms,NeoNGPT_GPT4o,"The system asks me if I want to order tickets to a proposed event if there are tickets available. I am presented with a set of ticket options, and get to select the time of the show, the seat I want at the movie theatre. Finally, I pay by credit card.",5. Which seats are available for selection for a particular movie event?,ok,ABOVE,0.95,1.45,ok,ok,0.15,0.15,0,0
IntelligentBathrooms,NeoNGPT_GPT4o,"The system asks me if I want to order tickets to a proposed event if there are tickets available. I am presented with a set of ticket options, and get to select the time of the show, the seat I want at the movie theatre. Finally, I pay by credit card.","6. What are the payment methods available for purchasing tickets, specifically focusing on credit card transactions?",ok,ABOVE,0.95,1.45,ok,ok,0.15,0.15,1: payment methods,0
IntelligentBathrooms,NeoNGPT_GPT4o,"The system asks me if I want to order tickets to a proposed event if there are tickets available. I am presented with a set of ticket options, and get to select the time of the show, the seat I want at the movie theatre. Finally, I pay by credit card.",7. Can a user query for movie events scheduled on a specific date or time?,ok,ABOVE,0.95,1.45,ok,ok,0.15,0.15,1: query,0
IntelligentBathrooms,NeoNGPT_GPT4o,"The system asks me if I want to order tickets to a proposed event if there are tickets available. I am presented with a set of ticket options, and get to select the time of the show, the seat I want at the movie theatre. Finally, I pay by credit card.",8. How can a user find movie events happening at a particular location?,ok,ABOVE,0.95,1.45,ok,ok,0.15,0.15,1: location,0
IntelligentBathrooms,NeoNGPT_GPT4o,"The system asks me if I want to order tickets to a proposed event if there are tickets available. I am presented with a set of ticket options, and get to select the time of the show, the seat I want at the movie theatre. Finally, I pay by credit card.",9. What are the differences between standard and VIP ticket types for a specific event?,ok,ABOVE,0.95,1.45,ok,ok,0.15,0.15,"2: differences, VIP ticket types",0
IntelligentBathrooms,NeoNGPT_GPT4o,"The system asks me if I want to order tickets to a proposed event if there are tickets available. I am presented with a set of ticket options, and get to select the time of the show, the seat I want at the movie theatre. Finally, I pay by credit card.",10. How can a user select a seat based on preferences such as aisle or center seating?,ok,ABOVE,0.95,1.45,ok,ok,0.15,0.15,1: preferences,1: preferences
IntelligentBathrooms,NeoNGPT_GPT4o,"The system asks me if I want to order tickets to a proposed event if there are tickets available. I am presented with a set of ticket options, and get to select the time of the show, the seat I want at the movie theatre. Finally, I pay by credit card.",11. What are the steps involved in processing a credit card transaction for ticket purchase?,ok,ABOVE,0.95,1.45,ok,ok,0.15,0.15,"1: processing, transaction",0
IntelligentBathrooms,NeoNGPT_GPT4o,"The system asks me if I want to order tickets to a proposed event if there are tickets available. I am presented with a set of ticket options, and get to select the time of the show, the seat I want at the movie theatre. Finally, I pay by credit card.",12. How can the system provide personalized movie event recommendations to a user?,ok,ABOVE,0.95,1.45,ok,ok,0.15,0.15,1: personalized movie event recommendations,0
IntelligentBathrooms,NeoNGPT_GPT4o,"The system asks me if I want to order tickets to a proposed event if there are tickets available. I am presented with a set of ticket options, and get to select the time of the show, the seat I want at the movie theatre. Finally, I pay by credit card.",13. How does the ontology support interoperability with existing ticket booking systems?,ok,ABOVE,0.95,1.45,ok,ok,0.15,0.15,1: ontology,0
IntelligentBathrooms,NeoNGPT_GPT4o,"The system asks me if I want to order tickets to a proposed event if there are tickets available. I am presented with a set of ticket options, and get to select the time of the show, the seat I want at the movie theatre. Finally, I pay by credit card.",14. How can the ontology accommodate a large number of events and users efficiently?,ok,ABOVE,0.95,1.45,ok,ok,0.15,0.15,1: ontology,0
IntelligentBathrooms,NeoNGPT_GPT4o,"The system asks me if I want to order tickets to a proposed event if there are tickets available. I am presented with a set of ticket options, and get to select the time of the show, the seat I want at the movie theatre. Finally, I pay by credit card.",15. How can the ontology be updated to reflect changes in movie event scheduling or ticketing options?,ok,ABOVE,0.95,1.45,ok,ok,0.15,0.15,1: ontology,0
IntelligentBathrooms,NeoNGPT_GPT4o,"The system asks me if I want to order tickets to a proposed event if there are tickets available. I am presented with a set of ticket options, and get to select the time of the show, the seat I want at the movie theatre. Finally, I pay by credit card.",16. What queries can a user make regarding ticket availability for a specific movie event?,ok,ABOVE,0.95,1.45,ok,ok,0.15,0.15,1: queries,0
IntelligentBathrooms,NeoNGPT_GPT4o,"The system asks me if I want to order tickets to a proposed event if there are tickets available. I am presented with a set of ticket options, and get to select the time of the show, the seat I want at the movie theatre. Finally, I pay by credit card.",17. How does the ontology ensure quick response times for user queries?,ok,ABOVE,0.95,1.45,ok,ok,0.15,0.15,1: ontology,1: quick
IntelligentBathrooms,NeoNGPT_GPT4o,"The system asks me if I want to order tickets to a proposed event if there are tickets available. I am presented with a set of ticket options, and get to select the time of the show, the seat I want at the movie theatre. Finally, I pay by credit card.",18. How can developers and end-users easily understand and use the ontology?,ok,ABOVE,0.95,1.45,ok,ok,0.15,0.15,"3: developers, end-users, ontology",1: easily
IntelligentBathrooms,NeoNGPT_GPT4o,"The system asks me if I want to order tickets to a proposed event if there are tickets available. I am presented with a set of ticket options, and get to select the time of the show, the seat I want at the movie theatre. Finally, I pay by credit card.",19. How does the ontology facilitate automated reasoning about seat selection and ticket availability?,ok,ABOVE,0.95,1.45,ok,ok,0.15,0.15,"2: ontology, automated reasoning",0
IntelligentBathrooms,NeoNGPT_GPT4o,"The system asks me if I want to order tickets to a proposed event if there are tickets available. I am presented with a set of ticket options, and get to select the time of the show, the seat I want at the movie theatre. Finally, I pay by credit card.",20. How can the ontology support the development of intelligent ticket booking systems?,ok,ABOVE,0.95,1.45,ok,ok,0.15,0.15,1: ontology,0
IntelligentBathrooms,NeoNGPT_GPT4o,"There is a sneak preview of an action film called ""X-men"" today at 8pm at CinemaOne.","What are the details of the film ""X-men,"" including its genre, director, and cast?",ok,ok,0.95,1.25,BELOW,BELOW,0.05,0.05,"3: details, genre, director, cast",0
IntelligentBathrooms,NeoNGPT_GPT4o,"There is a sneak preview of an action film called ""X-men"" today at 8pm at CinemaOne.","When and where is the sneak preview of ""X-men"" being screened at CinemaOne?",ok,ok,0.95,1.25,BELOW,BELOW,0.05,0.05,0,0
IntelligentBathrooms,NeoNGPT_GPT4o,"There is a sneak preview of an action film called ""X-men"" today at 8pm at CinemaOne.",What are the available facilities at CinemaOne?,ok,ok,0.95,1.25,BELOW,BELOW,0.05,0.05,1: facilities,0
IntelligentBathrooms,NeoNGPT_GPT4o,"There is a sneak preview of an action film called ""X-men"" today at 8pm at CinemaOne.",What is the address of CinemaOne?,ok,ok,0.95,1.25,BELOW,BELOW,0.05,0.05,1: address,0
IntelligentBathrooms,NeoNGPT_GPT4o,"There is a sneak preview of an action film called ""X-men"" today at 8pm at CinemaOne.","What are the age restrictions for the sneak preview of ""X-men""?",ok,ok,0.95,1.25,BELOW,BELOW,0.05,0.05,1: age restrictions,0
IntelligentBathrooms,NeoNGPT_GPT4o,"There is a sneak preview of an action film called ""X-men"" today at 8pm at CinemaOne.","Who is the target audience for the film ""X-men""?",ok,ok,0.95,1.25,BELOW,BELOW,0.05,0.05,1: target audience,0
IntelligentBathrooms,NeoNGPT_GPT4o,"There is a sneak preview of an action film called ""X-men"" today at 8pm at CinemaOne.","How can tickets for the sneak preview of ""X-men"" be purchased, and what are the pricing options?",ok,ok,0.95,1.25,BELOW,BELOW,0.05,0.05,"2: purchased, pricing options",0
IntelligentBathrooms,NeoNGPT_GPT4o,"There is a sneak preview of an action film called ""X-men"" today at 8pm at CinemaOne.","Are there any tickets available for the sneak preview of ""X-men""?",ok,ok,0.95,1.25,BELOW,BELOW,0.05,0.05,1: tickets available,0
IntelligentBathrooms,NeoNGPT_GPT4o,"There is a sneak preview of an action film called ""X-men"" today at 8pm at CinemaOne.","What other films are being screened at CinemaOne on the same date as the ""X-men"" sneak preview?",ok,ok,0.95,1.25,BELOW,BELOW,0.05,0.05,1: other films,0
IntelligentBathrooms,NeoNGPT_GPT4o,"There is a sneak preview of an action film called ""X-men"" today at 8pm at CinemaOne.","What are the screening times for the film ""X-men"" at CinemaOne?",ok,ok,0.95,1.25,BELOW,BELOW,0.05,0.05,1: screening times,0
IntelligentBathrooms,NeoNGPT_GPT4o,"There is a sneak preview of an action film called ""X-men"" today at 8pm at CinemaOne.","Which cinemas are screening the film ""X-men""?",ok,ok,0.95,1.25,BELOW,BELOW,0.05,0.05,1: cinemas,0
IntelligentBathrooms,NeoNGPT_GPT4o,"There is a sneak preview of an action film called ""X-men"" today at 8pm at CinemaOne.",What films are being screened at CinemaOne this week?,ok,ok,0.95,1.25,BELOW,BELOW,0.05,0.05,"2: films, this week",0
IntelligentBathrooms,NeoNGPT_GPT4o,"There is a sneak preview of an action film called ""X-men"" today at 8pm at CinemaOne.",What are the different genres of films being screened at CinemaOne?,ok,ok,0.95,1.25,BELOW,BELOW,0.05,0.05,1: genres,0
IntelligentBathrooms,NeoNGPT_GPT4o,"There is a sneak preview of an action film called ""X-men"" today at 8pm at CinemaOne.","How long is the film ""X-men""?",ok,ok,0.95,1.25,BELOW,BELOW,0.05,0.05,1: long,0
IntelligentBathrooms,NeoNGPT_GPT4o,"There is a sneak preview of an action film called ""X-men"" today at 8pm at CinemaOne.",What are the contact details for CinemaOne?,ok,ok,0.95,1.25,BELOW,BELOW,0.05,0.05,1: contact details,0
IntelligentBathrooms,NeoNGPT_GPT4o,"There is a sneak preview of an action film called ""X-men"" today at 8pm at CinemaOne.",What are the upcoming screening events at CinemaOne?,ok,ok,0.95,1.25,BELOW,BELOW,0.05,0.05,1: upcoming screening events,0
IntelligentBathrooms,NeoNGPT_GPT4o,"There is a sneak preview of an action film called ""X-men"" today at 8pm at CinemaOne.",What films are recommended for a specific target audience at CinemaOne?,ok,ok,0.95,1.25,BELOW,BELOW,0.05,0.05,"2: recommended, target audience",1: recommended
IntelligentBathrooms,NeoNGPT_GPT4o,"There is a sneak preview of an action film called ""X-men"" today at 8pm at CinemaOne.",How can I find films being screened at CinemaOne that match a specific genre?,ok,ok,0.95,1.25,BELOW,BELOW,0.05,0.05,"2: films, genre",0
IntelligentBathrooms,NeoNGPT_GPT4o,"There is a sneak preview of an action film called ""X-men"" today at 8pm at CinemaOne.","What are the details of the director of the film ""X-men""?",ok,ok,0.95,1.25,BELOW,BELOW,0.05,0.05,1: director,0
IntelligentBathrooms,NeoNGPT_GPT4o,"There is a sneak preview of an action film called ""X-men"" today at 8pm at CinemaOne.","What are the details of the cast members of the film ""X-men""?",ok,ok,0.95,1.25,BELOW,BELOW,0.05,0.05,1: cast members,0
IntelligentBathrooms,NeoNGPT_GPT4o,"Today my calendar contains a meeting at noon, but then I have the afternoon and evening off.",What meetings are scheduled for a specific date?,ABOVE,ABOVE,1.0,1.7,BELOW,BELOW,0.0,0.0,1: specific date,0
IntelligentBathrooms,NeoNGPT_GPT4o,"Today my calendar contains a meeting at noon, but then I have the afternoon and evening off.",What is the duration of a particular meeting?,ABOVE,ABOVE,1.0,1.7,BELOW,BELOW,0.0,0.0,1: duration,0
IntelligentBathrooms,NeoNGPT_GPT4o,"Today my calendar contains a meeting at noon, but then I have the afternoon and evening off.",Who are the participants in a specific meeting?,ABOVE,ABOVE,1.0,1.7,BELOW,BELOW,0.0,0.0,1: participants,0
IntelligentBathrooms,NeoNGPT_GPT4o,"Today my calendar contains a meeting at noon, but then I have the afternoon and evening off.",Where is a particular meeting taking place?,ABOVE,ABOVE,1.0,1.7,BELOW,BELOW,0.0,0.0,1: where,0
IntelligentBathrooms,NeoNGPT_GPT4o,"Today my calendar contains a meeting at noon, but then I have the afternoon and evening off.",What free time slots are available on a specific day?,ABOVE,ABOVE,1.0,1.7,BELOW,BELOW,0.0,0.0,1: specific day,0
IntelligentBathrooms,NeoNGPT_GPT4o,"Today my calendar contains a meeting at noon, but then I have the afternoon and evening off.",Are there any scheduling conflicts between two events?,ABOVE,ABOVE,1.0,1.7,BELOW,BELOW,0.0,0.0,"2: scheduling conflicts, two events",0
IntelligentBathrooms,NeoNGPT_GPT4o,"Today my calendar contains a meeting at noon, but then I have the afternoon and evening off.",What meetings are scheduled with a specific participant?,ABOVE,ABOVE,1.0,1.7,BELOW,BELOW,0.0,0.0,"2: meetings, specific participant",0
IntelligentBathrooms,NeoNGPT_GPT4o,"Today my calendar contains a meeting at noon, but then I have the afternoon and evening off.",What is the description of a particular event?,ABOVE,ABOVE,1.0,1.7,BELOW,BELOW,0.0,0.0,"2: description, particular event",0
IntelligentBathrooms,NeoNGPT_GPT4o,"Today my calendar contains a meeting at noon, but then I have the afternoon and evening off.",How many meetings are scheduled in a given week?,ABOVE,ABOVE,1.0,1.7,BELOW,BELOW,0.0,0.0,"2: how many, week",0
IntelligentBathrooms,NeoNGPT_GPT4o,"Today my calendar contains a meeting at noon, but then I have the afternoon and evening off.",What are the start and end times of a specific event?,ABOVE,ABOVE,1.0,1.7,BELOW,BELOW,0.0,0.0,"2: start, end times",0
IntelligentBathrooms,NeoNGPT_GPT4o,"Today my calendar contains a meeting at noon, but then I have the afternoon and evening off.",Which events are scheduled in a specific location?,ABOVE,ABOVE,1.0,1.7,BELOW,BELOW,0.0,0.0,"2: events, specific location",0
IntelligentBathrooms,NeoNGPT_GPT4o,"Today my calendar contains a meeting at noon, but then I have the afternoon and evening off.",What free afternoons are available in a specific month?,ABOVE,ABOVE,1.0,1.7,BELOW,BELOW,0.0,0.0,"2: free afternoons, specific month",0
IntelligentBathrooms,NeoNGPT_GPT4o,"Today my calendar contains a meeting at noon, but then I have the afternoon and evening off.",How can personal scheduling information be integrated with an external calendar system?,ABOVE,ABOVE,1.0,1.7,BELOW,BELOW,0.0,0.0,"2: personal scheduling information, external calendar system",0
IntelligentBathrooms,NeoNGPT_GPT4o,"Today my calendar contains a meeting at noon, but then I have the afternoon and evening off.",What events are scheduled during a specific time period?,ABOVE,ABOVE,1.0,1.7,BELOW,BELOW,0.0,0.0,"2: events, specific time period",0
IntelligentBathrooms,NeoNGPT_GPT4o,"Today my calendar contains a meeting at noon, but then I have the afternoon and evening off.",How can a new event be added to the schedule without causing conflicts?,ABOVE,ABOVE,1.0,1.7,BELOW,BELOW,0.0,0.0,"2: new event, conflicts",0
IntelligentBathrooms,NeoNGPT_GPT4o,"Today my calendar contains a meeting at noon, but then I have the afternoon and evening off.",What is the total amount of free time available in a given week?,ABOVE,ABOVE,1.0,1.7,BELOW,BELOW,0.0,0.0,"2: total amount, week",0
IntelligentBathrooms,NeoNGPT_GPT4o,"Today my calendar contains a meeting at noon, but then I have the afternoon and evening off.","How can events be queried based on specific metadata, such as location or participants?",ABOVE,ABOVE,1.0,1.7,BELOW,BELOW,0.0,0.0,"2: queried, metadata, location, participants",0
IntelligentBathrooms,NeoNGPT_GPT4o,"Today my calendar contains a meeting at noon, but then I have the afternoon and evening off.",How can the ontology support integration with personal productivity tools?,ABOVE,ABOVE,1.0,1.7,BELOW,BELOW,0.0,0.0,1: ontology,0
IntelligentBathrooms,NeoNGPT_GPT4o,"Today my calendar contains a meeting at noon, but then I have the afternoon and evening off.",What are the upcoming meetings for a specific participant?,ABOVE,ABOVE,1.0,1.7,BELOW,BELOW,0.0,0.0,"2: upcoming, specific participant",0
IntelligentBathrooms,NeoNGPT_GPT4o,"Today my calendar contains a meeting at noon, but then I have the afternoon and evening off.",How can the ontology be extended to include additional event types?,ABOVE,ABOVE,1.0,1.7,BELOW,BELOW,0.0,0.0,"2: ontology, event types",0
IntelligentBathrooms,NeoNGPT_GPT4o,"When I am standing in front of the mirror brushing my teeth the weather is displayed as graphics on the mirror, but when I walk around the bathroom it is read out through the loudspeakers.",What sensors are available for detecting user presence and location within the bathroom?,ok,ok,0.93,1.2,BELOW,BELOW,0.07,0.07,1: sensors,0
IntelligentBathrooms,NeoNGPT_GPT4o,"When I am standing in front of the mirror brushing my teeth the weather is displayed as graphics on the mirror, but when I walk around the bathroom it is read out through the loudspeakers.",How is user location within the bathroom determined?,ok,ok,0.93,1.2,BELOW,BELOW,0.07,0.07,1: user location,0
IntelligentBathrooms,NeoNGPT_GPT4o,"When I am standing in front of the mirror brushing my teeth the weather is displayed as graphics on the mirror, but when I walk around the bathroom it is read out through the loudspeakers.",What mechanisms are used to display weather information on the smart mirror?,ok,ok,0.93,1.2,BELOW,BELOW,0.07,0.07,1: mechanisms,0
IntelligentBathrooms,NeoNGPT_GPT4o,"When I am standing in front of the mirror brushing my teeth the weather is displayed as graphics on the mirror, but when I walk around the bathroom it is read out through the loudspeakers.",Under what conditions is weather information read out through loudspeakers?,ok,ok,0.93,1.2,BELOW,BELOW,0.07,0.07,0,0
IntelligentBathrooms,NeoNGPT_GPT4o,"When I am standing in front of the mirror brushing my teeth the weather is displayed as graphics on the mirror, but when I walk around the bathroom it is read out through the loudspeakers.",How can the smart bathroom system integrate with external weather data providers?,ok,ok,0.93,1.2,BELOW,BELOW,0.07,0.07,1: integrate with external weather data providers,0
IntelligentBathrooms,NeoNGPT_GPT4o,"When I am standing in front of the mirror brushing my teeth the weather is displayed as graphics on the mirror, but when I walk around the bathroom it is read out through the loudspeakers.",What types of weather data can be represented and displayed by the system?,ok,ok,0.93,1.2,BELOW,BELOW,0.07,0.07,1: types,0
IntelligentBathrooms,NeoNGPT_GPT4o,"When I am standing in front of the mirror brushing my teeth the weather is displayed as graphics on the mirror, but when I walk around the bathroom it is read out through the loudspeakers.",How can users customize the display and audio output of weather information?,ok,ok,0.93,1.2,BELOW,BELOW,0.07,0.07,"2: customize, users",0
IntelligentBathrooms,NeoNGPT_GPT4o,"When I am standing in front of the mirror brushing my teeth the weather is displayed as graphics on the mirror, but when I walk around the bathroom it is read out through the loudspeakers.",What user commands are supported for interacting with the smart bathroom system?,ok,ok,0.93,1.2,BELOW,BELOW,0.07,0.07,1: user commands,0
IntelligentBathrooms,NeoNGPT_GPT4o,"When I am standing in front of the mirror brushing my teeth the weather is displayed as graphics on the mirror, but when I walk around the bathroom it is read out through the loudspeakers.",How does the ontology ensure compatibility with existing smart home standards and protocols?,ok,ok,0.93,1.2,BELOW,BELOW,0.07,0.07,1: ontology,0
IntelligentBathrooms,NeoNGPT_GPT4o,"When I am standing in front of the mirror brushing my teeth the weather is displayed as graphics on the mirror, but when I walk around the bathroom it is read out through the loudspeakers.",What provisions are made for the scalability of the smart bathroom system?,ok,ok,0.93,1.2,BELOW,BELOW,0.07,0.07,1: scalability,0
IntelligentBathrooms,NeoNGPT_GPT4o,"When I am standing in front of the mirror brushing my teeth the weather is displayed as graphics on the mirror, but when I walk around the bathroom it is read out through the loudspeakers.",How does the ontology support real-time processing of user location and weather data?,ok,ok,0.93,1.2,BELOW,BELOW,0.07,0.07,"2: ontology, real-time processing",0
IntelligentBathrooms,NeoNGPT_GPT4o,"When I am standing in front of the mirror brushing my teeth the weather is displayed as graphics on the mirror, but when I walk around the bathroom it is read out through the loudspeakers.",What measures are in place to protect user data and ensure secure communication between devices?,ok,ok,0.93,1.2,BELOW,BELOW,0.07,0.07,"2: protect user data, secure communication between devices",0
IntelligentBathrooms,NeoNGPT_GPT4o,"When I am standing in front of the mirror brushing my teeth the weather is displayed as graphics on the mirror, but when I walk around the bathroom it is read out through the loudspeakers.",How does the system ensure the usability and accessibility of weather information for users?,ok,ok,0.93,1.2,BELOW,BELOW,0.07,0.07,"2: ensure, accessibility","1: usability, accessibility"
IntelligentBathrooms,NeoNGPT_GPT4o,"When I am standing in front of the mirror brushing my teeth the weather is displayed as graphics on the mirror, but when I walk around the bathroom it is read out through the loudspeakers.",What are the privacy considerations incorporated into the ontology for user data protection?,ok,ok,0.93,1.2,BELOW,BELOW,0.07,0.07,1: privacy considerations,0
IntelligentBathrooms,NeoNGPT_GPT4o,"When I am standing in front of the mirror brushing my teeth the weather is displayed as graphics on the mirror, but when I walk around the bathroom it is read out through the loudspeakers.",How can the smart bathroom system be integrated with other smart home systems and devices?,ok,ok,0.93,1.2,BELOW,BELOW,0.07,0.07,1: integrated with other smart home systems and devices,0
IntelligentBathrooms,NeoNGPT_Qwen3,"The system asks me if I want to order tickets to a proposed event if there are tickets available. I am presented with a set of ticket options, and get to select the time of the show, the seat I want at the movie theatre. Finally, I pay by credit card.","**Competency Questions (CQs):**  
CQ1",BELOW,BELOW,0.5,0.5,ok,ok,0.0,0.0,0,0
IntelligentBathrooms,NeoNGPT_Qwen3,"The system asks me if I want to order tickets to a proposed event if there are tickets available. I am presented with a set of ticket options, and get to select the time of the show, the seat I want at the movie theatre. Finally, I pay by credit card.","**List of Competency Questions (CQs):**  
CQ1",BELOW,BELOW,0.5,0.5,ok,ok,0.0,0.0,1: List of Competency Questions (CQs),0
IntelligentBathrooms,NeoNGPT_Qwen3,"The system asks me if I want to order tickets to a proposed event if there are tickets available. I am presented with a set of ticket options, and get to select the time of the show, the seat I want at the movie theatre. Finally, I pay by credit card.","**Note:** The actual list of 100 CQs would be generated by systematically addressing all classes, properties, constraints, processes, and relationships in the ontology, ensuring coverage of the core elements (e.g., Event, Ticket, Seat, Payment, User, Theatre, TimeSlot) and their attributes, relationships, and constraints. For brevity, the placeholder ""CQ1",BELOW,BELOW,0.5,0.5,ok,ok,0.0,0.0,1: ontology,0
IntelligentBathrooms,NeoNGPT_Qwen3,"The system asks me if I want to order tickets to a proposed event if there are tickets available. I am presented with a set of ticket options, and get to select the time of the show, the seat I want at the movie theatre. Finally, I pay by credit card.","..."" is used here, but in practice, each CQ would be explicitly formulated.",BELOW,BELOW,0.5,0.5,ok,ok,0.0,0.0,0,0
IntelligentBathrooms,NeoNGPT_Qwen3,"There is a sneak preview of an action film called ""X-men"" today at 8pm at CinemaOne.","**Note:** The actual list of competency questions (CQs) is intentionally omitted here to comply with the user's instruction to avoid generating the full list. However, the assistant would generate a complete, semicolon-separated list of CQs covering all core elements (movies, events, venues, people, genres, relationships, inference, and queries) based on the provided ontology requirements.",ok,BELOW,1.0,1.0,ok,ok,0.0,0.0,1: competency questions,0
IntelligentBathrooms,OntoChat,"Based on the fact that I have the evening off, that it is going to rain, and that I like to go to the movies on my free-time, the system finds a film that I could see tonight.","What film could I see tonight given that I have the evening off, it is going to rain, and I like to go to the movies on my free time?",ok,ok,0.0,0.0,ABOVE,ABOVE,0.6,0.6,0,0
IntelligentBathrooms,OntoChat,"Based on the fact that I have the evening off, that it is going to rain, and that I like to go to the movies on my free-time, the system finds a film that I could see tonight.","Which movie is recommended for tonight considering I have free time in the evening, it is raining, and I enjoy going to the movies?",ok,ok,0.0,0.0,ABOVE,ABOVE,0.6,0.6,0,1: recommended
IntelligentBathrooms,OntoChat,"Based on the fact that I have the evening off, that it is going to rain, and that I like to go to the movies on my free-time, the system finds a film that I could see tonight.","Given that I have the evening off, it is raining, and I enjoy watching movies in my free time, what film would be suitable for me to watch tonight?",ok,ok,0.0,0.0,ABOVE,ABOVE,0.6,0.6,0,1: suitable
IntelligentBathrooms,OntoChat,"Based on the fact that I have the evening off, that it is going to rain, and that I like to go to the movies on my free-time, the system finds a film that I could see tonight.","Considering I have free time in the evening, it is going to rain, and I like going to the movies, which movie would be a good choice for me to watch tonight?",ok,ok,0.0,0.0,ABOVE,ABOVE,0.6,0.6,0,1: good choice
IntelligentBathrooms,OntoChat,"Based on the fact that I have the evening off, that it is going to rain, and that I like to go to the movies on my free-time, the system finds a film that I could see tonight.","What movie is suggested for me to watch tonight, taking into account that I have the evening off, it is raining, and I enjoy going to the movies on my free time?",ok,ok,0.0,0.0,ABOVE,ABOVE,0.6,0.6,0,0
IntelligentBathrooms,OntoChat,"I am alone in the bathroom. I am standing facing the mirror with the electric toothbrush in my hand, hence, the system recognizes that I am brushing my teeth.",What is the person doing in the bathroom?,ABOVE,ABOVE,0.4,0.4,ok,ok,0.0,0.0,0,0
IntelligentBathrooms,OntoChat,"I am alone in the bathroom. I am standing facing the mirror with the electric toothbrush in my hand, hence, the system recognizes that I am brushing my teeth.",What object is the person holding in their hand?,ABOVE,ABOVE,0.4,0.4,ok,ok,0.0,0.0,0,0
IntelligentBathrooms,OntoChat,"I am alone in the bathroom. I am standing facing the mirror with the electric toothbrush in my hand, hence, the system recognizes that I am brushing my teeth.",What is the person facing in the bathroom?,ABOVE,ABOVE,0.4,0.4,ok,ok,0.0,0.0,0,0
IntelligentBathrooms,OntoChat,"I am alone in the bathroom. I am standing facing the mirror with the electric toothbrush in my hand, hence, the system recognizes that I am brushing my teeth.",What activity is typically associated with holding an electric toothbrush?,ABOVE,ABOVE,0.4,0.4,ok,ok,0.0,0.0,1: typically associated,0
IntelligentBathrooms,OntoChat,"I am alone in the bathroom. I am standing facing the mirror with the electric toothbrush in my hand, hence, the system recognizes that I am brushing my teeth.",What action is the person likely performing in front of the mirror?,ABOVE,ABOVE,0.4,0.4,ok,ok,0.0,0.0,1: likely,0
IntelligentBathrooms,OntoChat,I am living in Berlin and I like to get the local weather displayed in the morning as soon as I am brushing my teeth.,What is the local weather in Berlin?,ABOVE,ABOVE,0.8,0.8,ok,ok,0.2,0.2,0,0
IntelligentBathrooms,OntoChat,I am living in Berlin and I like to get the local weather displayed in the morning as soon as I am brushing my teeth.,When should the local weather be displayed?,ABOVE,ABOVE,0.8,0.8,ok,ok,0.2,0.2,1: when,0
IntelligentBathrooms,OntoChat,I am living in Berlin and I like to get the local weather displayed in the morning as soon as I am brushing my teeth.,Where do you live?,ABOVE,ABOVE,0.8,0.8,ok,ok,0.2,0.2,1: live,0
IntelligentBathrooms,OntoChat,I am living in Berlin and I like to get the local weather displayed in the morning as soon as I am brushing my teeth.,What is your morning routine?,ABOVE,ABOVE,0.8,0.8,ok,ok,0.2,0.2,1: morning routine,0
IntelligentBathrooms,OntoChat,I am living in Berlin and I like to get the local weather displayed in the morning as soon as I am brushing my teeth.,How do you prefer to receive the local weather information?,ABOVE,ABOVE,0.8,0.8,ok,ok,0.2,0.2,1: prefer,1: prefer
IntelligentBathrooms,OntoChat,"I like going to the movies when it is raining, and I especially like to see action movies.",What type of movies does the user like to see?,ABOVE,ABOVE,0.6,0.6,ok,ok,0.0,0.0,0,0
IntelligentBathrooms,OntoChat,"I like going to the movies when it is raining, and I especially like to see action movies.",When does the user like to go to the movies?,ABOVE,ABOVE,0.6,0.6,ok,ok,0.0,0.0,1: when,0
IntelligentBathrooms,OntoChat,"I like going to the movies when it is raining, and I especially like to see action movies.",What is the user's preference for movie genres?,ABOVE,ABOVE,0.6,0.6,ok,ok,0.0,0.0,1: preference,0
IntelligentBathrooms,OntoChat,"I like going to the movies when it is raining, and I especially like to see action movies.",What type of movies does the user enjoy watching when it is raining?,ABOVE,ABOVE,0.6,0.6,ok,ok,0.0,0.0,0,0
IntelligentBathrooms,OntoChat,"I like going to the movies when it is raining, and I especially like to see action movies.",What is the user's favorite movie genre?,ABOVE,ABOVE,0.6,0.6,ok,ok,0.0,0.0,1: favorite,0
IntelligentBathrooms,OntoChat,"There are many different weather services available online, I prefer www.yr.no. My preferred configuration of the service is the weather service for Berlin with the current 3-day prognosis.",What is the preferred weather service?,ABOVE,ABOVE,0.4,0.4,ABOVE,ABOVE,0.6,0.6,0,1: preferred
IntelligentBathrooms,OntoChat,"There are many different weather services available online, I prefer www.yr.no. My preferred configuration of the service is the weather service for Berlin with the current 3-day prognosis.",What is the preferred configuration of the weather service?,ABOVE,ABOVE,0.4,0.4,ABOVE,ABOVE,0.6,0.6,0,1: preferred
IntelligentBathrooms,OntoChat,"There are many different weather services available online, I prefer www.yr.no. My preferred configuration of the service is the weather service for Berlin with the current 3-day prognosis.",Which location's weather service is preferred?,ABOVE,ABOVE,0.4,0.4,ABOVE,ABOVE,0.6,0.6,1: location's,1: preferred
IntelligentBathrooms,OntoChat,"There are many different weather services available online, I prefer www.yr.no. My preferred configuration of the service is the weather service for Berlin with the current 3-day prognosis.",What is the duration of the weather prognosis?,ABOVE,ABOVE,0.4,0.4,ABOVE,ABOVE,0.6,0.6,1: duration,0
IntelligentBathrooms,OntoChat,"There are many different weather services available online, I prefer www.yr.no. My preferred configuration of the service is the weather service for Berlin with the current 3-day prognosis.",Which city's weather service is configured for the 3-day prognosis?,ABOVE,ABOVE,0.4,0.4,ABOVE,ABOVE,0.6,0.6,0,0
IntelligentBathrooms,OntoChat,"When I am standing in front of the mirror brushing my teeth the weather is displayed as graphics on the mirror, but when I walk around the bathroom it is read out through the loudspeakers.",What is displayed on the mirror when the user is brushing their teeth?,ABOVE,ABOVE,0.4,0.4,ok,ok,0.0,0.0,0,0
IntelligentBathrooms,OntoChat,"When I am standing in front of the mirror brushing my teeth the weather is displayed as graphics on the mirror, but when I walk around the bathroom it is read out through the loudspeakers.",How is the weather information presented when the user is walking around the bathroom?,ABOVE,ABOVE,0.4,0.4,ok,ok,0.0,0.0,0,0
IntelligentBathrooms,OntoChat,"When I am standing in front of the mirror brushing my teeth the weather is displayed as graphics on the mirror, but when I walk around the bathroom it is read out through the loudspeakers.",What triggers the weather information to be displayed on the mirror?,ABOVE,ABOVE,0.4,0.4,ok,ok,0.0,0.0,1: triggers,0
IntelligentBathrooms,OntoChat,"When I am standing in front of the mirror brushing my teeth the weather is displayed as graphics on the mirror, but when I walk around the bathroom it is read out through the loudspeakers.",What triggers the weather information to be read out through the loudspeakers?,ABOVE,ABOVE,0.4,0.4,ok,ok,0.0,0.0,1: triggers,0
IntelligentBathrooms,OntoChat,"When I am standing in front of the mirror brushing my teeth the weather is displayed as graphics on the mirror, but when I walk around the bathroom it is read out through the loudspeakers.",How does the system differentiate between the user brushing their teeth and walking around the bathroom for weather information presentation?,ABOVE,ABOVE,0.4,0.4,ok,ok,0.0,0.0,0,0
Polifonia,Gold,"For her next research project, Amy wants to discover artistic and technical trends of organs and how these developed. The development of these trends could possibly indicate wider social trends. During the project, Amy researches both artistic and technical trends surrounding organs in the Netherlands. Amy is interested in finding connections between different regions and time periods to see how the trends have developed. She also wants to put her findings in a historical and social context. Amy hopes that the knowledge graphs can help her identify initial trends. That way she knows where to dig deeper to understand the trends. In order to discover trends, comparisons similar to those needed by the organ advisor (Paul) are required. But besides the comparison of stops in organs made by the same organ builder, the comparisons can be related to almost every component of the organ. For example, the different arthistorical details on the fronts of the organs, or the wind supply system are interesting to compare.
    Amy already has access to the physical as well as online library of the university where she works.
    Amy also has the entire 15 volume collection from the Dutch organ encyclopaedia. She uses the encyclopaedia mostly for reading about the arthistorical and technical aspects and developments of organs and comparing these to other organs.
    Database websites for information about organs and churches which all offer slightly different kinds of information:
        https://www.kerk-en-orgel.nl
        https://reliwiki.nl/
        http://www.orgbase.nl
        https://geoplaza.vu.nl/cms/research/kerkenkaart/ – Kerkenkaart (churchmap) from the Vrije Universiteit Amsterdam",What was the disposition of the organ at a specific point in time?,ok,ABOVE,1.0,2.0,ok,ok,0.0,0.0,disposition//point in time,0
Polifonia,Gold,"Mark is interested in understanding how Dutch folk tunes relate to other music, e.g. from French court operas.Starting from a collection of Dutch folk tunes, Mark attempts to relate these tunes to other documented music, using a variety of databases. Mark would like to relate individual pieces of music, but also repertoires generally. He would also like to understand musical evolution and transmission over time. Mark works with:

RISM index of musical sources, composers etc https://opac.rism.info/main-menu-/kachelmenu with the ability to search on names and music

NEUMA, a digital library of musical scores http://neuma.huma-num.fr/home/presentation

ABC notation database http://abcnotation.com/

Database of Dutch tunes http://www.liederenban.nl and http://www.liederebank.nl/mtc

Early American Secular Music and its European sources http://www.cdss.org/elibrary/Easmes/Index.htm

Mark's work could be helped by:

Connection to other databases, so that he could automatically query a range of databases",Has composition X been identified as variant in a tune family?,ok,ABOVE,1.0,1.71,ok,ok,0.0,0.0,1: tune family,0
Polifonia,Gold,"Mark is interested in understanding how Dutch folk tunes relate to other music, e.g. from French court operas.Starting from a collection of Dutch folk tunes, Mark attempts to relate these tunes to other documented music, using a variety of databases. Mark would like to relate individual pieces of music, but also repertoires generally. He would also like to understand musical evolution and transmission over time. Mark works with:

RISM index of musical sources, composers etc https://opac.rism.info/main-menu-/kachelmenu with the ability to search on names and music

NEUMA, a digital library of musical scores http://neuma.huma-num.fr/home/presentation

ABC notation database http://abcnotation.com/

Database of Dutch tunes http://www.liederenban.nl and http://www.liederebank.nl/mtc

Early American Secular Music and its European sources http://www.cdss.org/elibrary/Easmes/Index.htm

Mark's work could be helped by:

Connection to other databases, so that he could automatically query a range of databases",Which tune family does composition X belong to?,ok,ABOVE,1.0,1.71,ok,ok,0.0,0.0,1: tune family,0
Polifonia,Gold,"Mark is interested in understanding how Dutch folk tunes relate to other music, e.g. from French court operas.Starting from a collection of Dutch folk tunes, Mark attempts to relate these tunes to other documented music, using a variety of databases. Mark would like to relate individual pieces of music, but also repertoires generally. He would also like to understand musical evolution and transmission over time. Mark works with:

RISM index of musical sources, composers etc https://opac.rism.info/main-menu-/kachelmenu with the ability to search on names and music

NEUMA, a digital library of musical scores http://neuma.huma-num.fr/home/presentation

ABC notation database http://abcnotation.com/

Database of Dutch tunes http://www.liederenban.nl and http://www.liederebank.nl/mtc

Early American Secular Music and its European sources http://www.cdss.org/elibrary/Easmes/Index.htm

Mark's work could be helped by:

Connection to other databases, so that he could automatically query a range of databases",Who assigned composition X to tune family Y?,ok,ABOVE,1.0,1.71,ok,ok,0.0,0.0,1: tune family,0
Polifonia,Gold,"Mark is interested in understanding how Dutch folk tunes relate to other music, e.g. from French court operas.Starting from a collection of Dutch folk tunes, Mark attempts to relate these tunes to other documented music, using a variety of databases. Mark would like to relate individual pieces of music, but also repertoires generally. He would also like to understand musical evolution and transmission over time. Mark works with:

RISM index of musical sources, composers etc https://opac.rism.info/main-menu-/kachelmenu with the ability to search on names and music

NEUMA, a digital library of musical scores http://neuma.huma-num.fr/home/presentation

ABC notation database http://abcnotation.com/

Database of Dutch tunes http://www.liederenban.nl and http://www.liederebank.nl/mtc

Early American Secular Music and its European sources http://www.cdss.org/elibrary/Easmes/Index.htm

Mark's work could be helped by:

Connection to other databases, so that he could automatically query a range of databases",With what level of confidence is composition X a variant in tune family Y?,ok,ABOVE,1.0,1.71,ok,ok,0.0,0.0,"2: tune family, level of confidence",0
Polifonia,Gold,"Mark is interested in understanding how Dutch folk tunes relate to other music, e.g. from French court operas.Starting from a collection of Dutch folk tunes, Mark attempts to relate these tunes to other documented music, using a variety of databases. Mark would like to relate individual pieces of music, but also repertoires generally. He would also like to understand musical evolution and transmission over time. Mark works with:

RISM index of musical sources, composers etc https://opac.rism.info/main-menu-/kachelmenu with the ability to search on names and music

NEUMA, a digital library of musical scores http://neuma.huma-num.fr/home/presentation

ABC notation database http://abcnotation.com/

Database of Dutch tunes http://www.liederenban.nl and http://www.liederebank.nl/mtc

Early American Secular Music and its European sources http://www.cdss.org/elibrary/Easmes/Index.htm

Mark's work could be helped by:

Connection to other databases, so that he could automatically query a range of databases",What are all compositions in tune family X?,ok,ABOVE,1.0,1.71,ok,ok,0.0,0.0,1: tune family,0
Polifonia,Gold,"Mark is interested in understanding how Dutch folk tunes relate to other music, e.g. from French court operas.Starting from a collection of Dutch folk tunes, Mark attempts to relate these tunes to other documented music, using a variety of databases. Mark would like to relate individual pieces of music, but also repertoires generally. He would also like to understand musical evolution and transmission over time. Mark works with:

RISM index of musical sources, composers etc https://opac.rism.info/main-menu-/kachelmenu with the ability to search on names and music

NEUMA, a digital library of musical scores http://neuma.huma-num.fr/home/presentation

ABC notation database http://abcnotation.com/

Database of Dutch tunes http://www.liederenban.nl and http://www.liederebank.nl/mtc

Early American Secular Music and its European sources http://www.cdss.org/elibrary/Easmes/Index.htm

Mark's work could be helped by:

Connection to other databases, so that he could automatically query a range of databases",What are the similarities / differences of all compositions in tune family X according to measure Y?,ok,ABOVE,1.0,1.71,ok,ok,0.0,0.0,"4: similarities, differences, tune family, measure",0
Polifonia,Gold,"Mark is interested in understanding how Dutch folk tunes relate to other music, e.g. from French court operas.Starting from a collection of Dutch folk tunes, Mark attempts to relate these tunes to other documented music, using a variety of databases. Mark would like to relate individual pieces of music, but also repertoires generally. He would also like to understand musical evolution and transmission over time. Mark works with:

RISM index of musical sources, composers etc https://opac.rism.info/main-menu-/kachelmenu with the ability to search on names and music

NEUMA, a digital library of musical scores http://neuma.huma-num.fr/home/presentation

ABC notation database http://abcnotation.com/

Database of Dutch tunes http://www.liederenban.nl and http://www.liederebank.nl/mtc

Early American Secular Music and its European sources http://www.cdss.org/elibrary/Easmes/Index.htm

Mark's work could be helped by:

Connection to other databases, so that he could automatically query a range of databases","To what tune families is tune family X related, given similarity measure Y?",ok,ABOVE,1.0,1.71,ok,ok,0.0,0.0,"2: tune family, similarity measure",0
Polifonia,Gold,"Ortenz would like to have a system for visualising events (meetings of composers and musicians) in time and space in order to track musicians' careers, their overlap and intersections, gathering trends in time and space, and making emerge patterns of knowledge transmission.Ortenz is supervising a PhD student. They want to explore a database of prosopographic information of personalities relevant to the musical cultural heritage, focusing primarily on musicians' career but also involving relevant people in sectors such as art, politics, and industry. They are interested in the events and facts nad how they are linked to the sources (biographies, letters, memoirs, encyclopedia). She wants the system to allow her to make annotations on the content, rate the quality of the sources and the accuracy of the statements, and curate collections of facts/statements/events as material for scholarship. 
    Wikipedia
    DBpedia
    Wikidata",What places did musician Z visited in her career?,ok,ABOVE,0.86,1.71,ok,ok,0.0,0.0,0,0
Polifonia,Gold,"Ortenz would like to have a system for visualising events (meetings of composers and musicians) in time and space in order to track musicians' careers, their overlap and intersections, gathering trends in time and space, and making emerge patterns of knowledge transmission.Ortenz is supervising a PhD student. They want to explore a database of prosopographic information of personalities relevant to the musical cultural heritage, focusing primarily on musicians' career but also involving relevant people in sectors such as art, politics, and industry. They are interested in the events and facts nad how they are linked to the sources (biographies, letters, memoirs, encyclopedia). She wants the system to allow her to make annotations on the content, rate the quality of the sources and the accuracy of the statements, and curate collections of facts/statements/events as material for scholarship. 
    Wikipedia
    DBpedia
    Wikidata",Where did she perform?,ok,ABOVE,0.86,1.71,ok,ok,0.0,0.0,1: perform,0
Polifonia,Gold,"Ortenz would like to have a system for visualising events (meetings of composers and musicians) in time and space in order to track musicians' careers, their overlap and intersections, gathering trends in time and space, and making emerge patterns of knowledge transmission.Ortenz is supervising a PhD student. They want to explore a database of prosopographic information of personalities relevant to the musical cultural heritage, focusing primarily on musicians' career but also involving relevant people in sectors such as art, politics, and industry. They are interested in the events and facts nad how they are linked to the sources (biographies, letters, memoirs, encyclopedia). She wants the system to allow her to make annotations on the content, rate the quality of the sources and the accuracy of the statements, and curate collections of facts/statements/events as material for scholarship. 
    Wikipedia
    DBpedia
    Wikidata",Where did she live?,ok,ABOVE,0.86,1.71,ok,ok,0.0,0.0,0,0
Polifonia,Gold,"Ortenz would like to have a system for visualising events (meetings of composers and musicians) in time and space in order to track musicians' careers, their overlap and intersections, gathering trends in time and space, and making emerge patterns of knowledge transmission.Ortenz is supervising a PhD student. They want to explore a database of prosopographic information of personalities relevant to the musical cultural heritage, focusing primarily on musicians' career but also involving relevant people in sectors such as art, politics, and industry. They are interested in the events and facts nad how they are linked to the sources (biographies, letters, memoirs, encyclopedia). She wants the system to allow her to make annotations on the content, rate the quality of the sources and the accuracy of the statements, and curate collections of facts/statements/events as material for scholarship. 
    Wikipedia
    DBpedia
    Wikidata","Did musician X and performer Y ever meet? Where, when, and why?",ok,ABOVE,0.86,1.71,ok,ok,0.0,0.0,"2: Performer, why",0
Polifonia,Gold,"Ortenz would like to have a system for visualising events (meetings of composers and musicians) in time and space in order to track musicians' careers, their overlap and intersections, gathering trends in time and space, and making emerge patterns of knowledge transmission.Ortenz is supervising a PhD student. They want to explore a database of prosopographic information of personalities relevant to the musical cultural heritage, focusing primarily on musicians' career but also involving relevant people in sectors such as art, politics, and industry. They are interested in the events and facts nad how they are linked to the sources (biographies, letters, memoirs, encyclopedia). She wants the system to allow her to make annotations on the content, rate the quality of the sources and the accuracy of the statements, and curate collections of facts/statements/events as material for scholarship. 
    Wikipedia
    DBpedia
    Wikidata",In what context the meeting happened?,ok,ABOVE,0.86,1.71,ok,ok,0.0,0.0,1: context,0
Polifonia,Gold,"Ortenz would like to have a system for visualising events (meetings of composers and musicians) in time and space in order to track musicians' careers, their overlap and intersections, gathering trends in time and space, and making emerge patterns of knowledge transmission.Ortenz is supervising a PhD student. They want to explore a database of prosopographic information of personalities relevant to the musical cultural heritage, focusing primarily on musicians' career but also involving relevant people in sectors such as art, politics, and industry. They are interested in the events and facts nad how they are linked to the sources (biographies, letters, memoirs, encyclopedia). She wants the system to allow her to make annotations on the content, rate the quality of the sources and the accuracy of the statements, and curate collections of facts/statements/events as material for scholarship. 
    Wikipedia
    DBpedia
    Wikidata",What is the nature of the event?,ok,ABOVE,0.86,1.71,ok,ok,0.0,0.0,1: nature,0
Polifonia,Gold,"Ortenz would like to have a system for visualising events (meetings of composers and musicians) in time and space in order to track musicians' careers, their overlap and intersections, gathering trends in time and space, and making emerge patterns of knowledge transmission.Ortenz is supervising a PhD student. They want to explore a database of prosopographic information of personalities relevant to the musical cultural heritage, focusing primarily on musicians' career but also involving relevant people in sectors such as art, politics, and industry. They are interested in the events and facts nad how they are linked to the sources (biographies, letters, memoirs, encyclopedia). She wants the system to allow her to make annotations on the content, rate the quality of the sources and the accuracy of the statements, and curate collections of facts/statements/events as material for scholarship. 
    Wikipedia
    DBpedia
    Wikidata","Was it a celebration, a festival, a private event?",ok,ABOVE,0.86,1.71,ok,ok,0.0,0.0,"3: celebration, festival, private event",0
Polifonia,Gold,"Ortenz would like to have a system for visualising events (meetings of composers and musicians) in time and space in order to track musicians' careers, their overlap and intersections, gathering trends in time and space, and making emerge patterns of knowledge transmission.Ortenz is supervising a PhD student. They want to explore a database of prosopographic information of personalities relevant to the musical cultural heritage, focusing primarily on musicians' career but also involving relevant people in sectors such as art, politics, and industry. They are interested in the events and facts nad how they are linked to the sources (biographies, letters, memoirs, encyclopedia). She wants the system to allow her to make annotations on the content, rate the quality of the sources and the accuracy of the statements, and curate collections of facts/statements/events as material for scholarship. 
    Wikipedia
    DBpedia
    Wikidata",Was it a religious or a secular event?,ok,ABOVE,0.86,1.71,ok,ok,0.0,0.0,"2: religious, secular",0
Polifonia,Gold,"Ortenz would like to have a system for visualising events (meetings of composers and musicians) in time and space in order to track musicians' careers, their overlap and intersections, gathering trends in time and space, and making emerge patterns of knowledge transmission.Ortenz is supervising a PhD student. They want to explore a database of prosopographic information of personalities relevant to the musical cultural heritage, focusing primarily on musicians' career but also involving relevant people in sectors such as art, politics, and industry. They are interested in the events and facts nad how they are linked to the sources (biographies, letters, memoirs, encyclopedia). She wants the system to allow her to make annotations on the content, rate the quality of the sources and the accuracy of the statements, and curate collections of facts/statements/events as material for scholarship. 
    Wikipedia
    DBpedia
    Wikidata",Who paid to support the event?,ok,ABOVE,0.86,1.71,ok,ok,0.0,0.0,"2: paid, support",0
Polifonia,Gold,"Ortenz would like to have a system for visualising events (meetings of composers and musicians) in time and space in order to track musicians' careers, their overlap and intersections, gathering trends in time and space, and making emerge patterns of knowledge transmission.Ortenz is supervising a PhD student. They want to explore a database of prosopographic information of personalities relevant to the musical cultural heritage, focusing primarily on musicians' career but also involving relevant people in sectors such as art, politics, and industry. They are interested in the events and facts nad how they are linked to the sources (biographies, letters, memoirs, encyclopedia). She wants the system to allow her to make annotations on the content, rate the quality of the sources and the accuracy of the statements, and curate collections of facts/statements/events as material for scholarship. 
    Wikipedia
    DBpedia
    Wikidata",What is the provenance of the event attendees? What and how they happened to be there?,ok,ABOVE,0.86,1.71,ok,ok,0.0,0.0,"3: provenance, attendees, happened to be there",0
Polifonia,Gold,"Ortenz would like to have a system for visualising events (meetings of composers and musicians) in time and space in order to track musicians' careers, their overlap and intersections, gathering trends in time and space, and making emerge patterns of knowledge transmission.Ortenz is supervising a PhD student. They want to explore a database of prosopographic information of personalities relevant to the musical cultural heritage, focusing primarily on musicians' career but also involving relevant people in sectors such as art, politics, and industry. They are interested in the events and facts nad how they are linked to the sources (biographies, letters, memoirs, encyclopedia). She wants the system to allow her to make annotations on the content, rate the quality of the sources and the accuracy of the statements, and curate collections of facts/statements/events as material for scholarship. 
    Wikipedia
    DBpedia
    Wikidata",Did they travel to reach the place?,ok,ABOVE,0.86,1.71,ok,ok,0.0,0.0,"3: travel, reach, place",0
Polifonia,Gold,"Ortenz would like to have a system for visualising events (meetings of composers and musicians) in time and space in order to track musicians' careers, their overlap and intersections, gathering trends in time and space, and making emerge patterns of knowledge transmission.Ortenz is supervising a PhD student. They want to explore a database of prosopographic information of personalities relevant to the musical cultural heritage, focusing primarily on musicians' career but also involving relevant people in sectors such as art, politics, and industry. They are interested in the events and facts nad how they are linked to the sources (biographies, letters, memoirs, encyclopedia). She wants the system to allow her to make annotations on the content, rate the quality of the sources and the accuracy of the statements, and curate collections of facts/statements/events as material for scholarship. 
    Wikipedia
    DBpedia
    Wikidata",Were they invited? Was the meeting accidental?,ok,ABOVE,0.86,1.71,ok,ok,0.0,0.0,"2: invited,accidental",0
Polifonia,Gold,"Ortenz would like to have a system for visualising events (meetings of composers and musicians) in time and space in order to track musicians' careers, their overlap and intersections, gathering trends in time and space, and making emerge patterns of knowledge transmission.Ortenz is supervising a PhD student. They want to explore a database of prosopographic information of personalities relevant to the musical cultural heritage, focusing primarily on musicians' career but also involving relevant people in sectors such as art, politics, and industry. They are interested in the events and facts nad how they are linked to the sources (biographies, letters, memoirs, encyclopedia). She wants the system to allow her to make annotations on the content, rate the quality of the sources and the accuracy of the statements, and curate collections of facts/statements/events as material for scholarship. 
    Wikipedia
    DBpedia
    Wikidata",How can we characterize the relation among the participants?,ok,ABOVE,0.86,1.71,ok,ok,0.0,0.0,"2: relation, participants",0
Polifonia,Gold,"Ortenz would like to have a system for visualising events (meetings of composers and musicians) in time and space in order to track musicians' careers, their overlap and intersections, gathering trends in time and space, and making emerge patterns of knowledge transmission.Ortenz is supervising a PhD student. They want to explore a database of prosopographic information of personalities relevant to the musical cultural heritage, focusing primarily on musicians' career but also involving relevant people in sectors such as art, politics, and industry. They are interested in the events and facts nad how they are linked to the sources (biographies, letters, memoirs, encyclopedia). She wants the system to allow her to make annotations on the content, rate the quality of the sources and the accuracy of the statements, and curate collections of facts/statements/events as material for scholarship. 
    Wikipedia
    DBpedia
    Wikidata","Was there a power relation? (e.g., Patreon / Musician)",ok,ABOVE,0.86,1.71,ok,ok,0.0,0.0,"2: power relation, patreon",0
Polifonia,Gold,"Patrizia is a Demo-Ethno-anthropologist Officer of the Ministry of Culture and she is responsible for the safeguarding of the Intangible Heritage pursuant to the 2003 Unesco Convention. She needs to know if the bells of some bell towers are involved in sound practices conducted by collective social actors who recognize those practices as constitutive trait of their collective identity. Patrizia starts her investigation from the denominations and the location of the bell towers. Patrizia checks whether the sound of those bell towers is done by hand or through electrification. Patrizia checks if there are more or less formalized and more or less recognized human groups that carry out those practices. Patrizia investigate what kind of transmission and apprenticeship methods are carried out: in what age groups, if exclusively male or even female, with what type of transmission (oral, written, formal or informal).",Where is the building/church/bell tower?,ok,ABOVE,1.0,1.91,ok,ok,0.0,0.0,"2: building,church",0
Polifonia,Gold,"Patrizia is a Demo-Ethno-anthropologist Officer of the Ministry of Culture and she is responsible for the safeguarding of the Intangible Heritage pursuant to the 2003 Unesco Convention. She needs to know if the bells of some bell towers are involved in sound practices conducted by collective social actors who recognize those practices as constitutive trait of their collective identity. Patrizia starts her investigation from the denominations and the location of the bell towers. Patrizia checks whether the sound of those bell towers is done by hand or through electrification. Patrizia checks if there are more or less formalized and more or less recognized human groups that carry out those practices. Patrizia investigate what kind of transmission and apprenticeship methods are carried out: in what age groups, if exclusively male or even female, with what type of transmission (oral, written, formal or informal).",When (what year) was the building built?,ok,ABOVE,1.0,1.91,ok,ok,0.0,0.0,"3: When, building, built",0
Polifonia,Gold,"Patrizia is a Demo-Ethno-anthropologist Officer of the Ministry of Culture and she is responsible for the safeguarding of the Intangible Heritage pursuant to the 2003 Unesco Convention. She needs to know if the bells of some bell towers are involved in sound practices conducted by collective social actors who recognize those practices as constitutive trait of their collective identity. Patrizia starts her investigation from the denominations and the location of the bell towers. Patrizia checks whether the sound of those bell towers is done by hand or through electrification. Patrizia checks if there are more or less formalized and more or less recognized human groups that carry out those practices. Patrizia investigate what kind of transmission and apprenticeship methods are carried out: in what age groups, if exclusively male or even female, with what type of transmission (oral, written, formal or informal).","In which context is the building located (urban, periurban...)?",ok,ABOVE,1.0,1.91,ok,ok,0.0,0.0,"5:context,building,located,urban,periurban",0
Polifonia,Gold,"Patrizia is a Demo-Ethno-anthropologist Officer of the Ministry of Culture and she is responsible for the safeguarding of the Intangible Heritage pursuant to the 2003 Unesco Convention. She needs to know if the bells of some bell towers are involved in sound practices conducted by collective social actors who recognize those practices as constitutive trait of their collective identity. Patrizia starts her investigation from the denominations and the location of the bell towers. Patrizia checks whether the sound of those bell towers is done by hand or through electrification. Patrizia checks if there are more or less formalized and more or less recognized human groups that carry out those practices. Patrizia investigate what kind of transmission and apprenticeship methods are carried out: in what age groups, if exclusively male or even female, with what type of transmission (oral, written, formal or informal).",Are there bells in the church/bell tower? How many bells are in the church/bell tower?,ok,ABOVE,1.0,1.91,ok,ok,0.0,0.0,"2: church,how many",0
Polifonia,Gold,"Patrizia is a Demo-Ethno-anthropologist Officer of the Ministry of Culture and she is responsible for the safeguarding of the Intangible Heritage pursuant to the 2003 Unesco Convention. She needs to know if the bells of some bell towers are involved in sound practices conducted by collective social actors who recognize those practices as constitutive trait of their collective identity. Patrizia starts her investigation from the denominations and the location of the bell towers. Patrizia checks whether the sound of those bell towers is done by hand or through electrification. Patrizia checks if there are more or less formalized and more or less recognized human groups that carry out those practices. Patrizia investigate what kind of transmission and apprenticeship methods are carried out: in what age groups, if exclusively male or even female, with what type of transmission (oral, written, formal or informal).",Is there a single bell or a poliorganic instrument (a set of bells) in a church/bell tower?,ok,ABOVE,1.0,1.91,ok,ok,0.0,0.0,"2: poliorganic, church",0
Polifonia,Gold,"Patrizia is a Demo-Ethno-anthropologist Officer of the Ministry of Culture and she is responsible for the safeguarding of the Intangible Heritage pursuant to the 2003 Unesco Convention. She needs to know if the bells of some bell towers are involved in sound practices conducted by collective social actors who recognize those practices as constitutive trait of their collective identity. Patrizia starts her investigation from the denominations and the location of the bell towers. Patrizia checks whether the sound of those bell towers is done by hand or through electrification. Patrizia checks if there are more or less formalized and more or less recognized human groups that carry out those practices. Patrizia investigate what kind of transmission and apprenticeship methods are carried out: in what age groups, if exclusively male or even female, with what type of transmission (oral, written, formal or informal).",By whom (by which foundry) were they cast?,ok,ABOVE,1.0,1.91,ok,ok,0.0,0.0,"2: foundry,cast",0
Polifonia,Gold,"Patrizia is a Demo-Ethno-anthropologist Officer of the Ministry of Culture and she is responsible for the safeguarding of the Intangible Heritage pursuant to the 2003 Unesco Convention. She needs to know if the bells of some bell towers are involved in sound practices conducted by collective social actors who recognize those practices as constitutive trait of their collective identity. Patrizia starts her investigation from the denominations and the location of the bell towers. Patrizia checks whether the sound of those bell towers is done by hand or through electrification. Patrizia checks if there are more or less formalized and more or less recognized human groups that carry out those practices. Patrizia investigate what kind of transmission and apprenticeship methods are carried out: in what age groups, if exclusively male or even female, with what type of transmission (oral, written, formal or informal).",When were they cast?,ok,ABOVE,1.0,1.91,ok,ok,0.0,0.0,1: cast,0
Polifonia,Gold,"Patrizia is a Demo-Ethno-anthropologist Officer of the Ministry of Culture and she is responsible for the safeguarding of the Intangible Heritage pursuant to the 2003 Unesco Convention. She needs to know if the bells of some bell towers are involved in sound practices conducted by collective social actors who recognize those practices as constitutive trait of their collective identity. Patrizia starts her investigation from the denominations and the location of the bell towers. Patrizia checks whether the sound of those bell towers is done by hand or through electrification. Patrizia checks if there are more or less formalized and more or less recognized human groups that carry out those practices. Patrizia investigate what kind of transmission and apprenticeship methods are carried out: in what age groups, if exclusively male or even female, with what type of transmission (oral, written, formal or informal).",Which is the material of the bell?,ok,ABOVE,1.0,1.91,ok,ok,0.0,0.0,1: material,0
Polifonia,Gold,"Patrizia is a Demo-Ethno-anthropologist Officer of the Ministry of Culture and she is responsible for the safeguarding of the Intangible Heritage pursuant to the 2003 Unesco Convention. She needs to know if the bells of some bell towers are involved in sound practices conducted by collective social actors who recognize those practices as constitutive trait of their collective identity. Patrizia starts her investigation from the denominations and the location of the bell towers. Patrizia checks whether the sound of those bell towers is done by hand or through electrification. Patrizia checks if there are more or less formalized and more or less recognized human groups that carry out those practices. Patrizia investigate what kind of transmission and apprenticeship methods are carried out: in what age groups, if exclusively male or even female, with what type of transmission (oral, written, formal or informal).",Which is the weight of the bell?,ok,ABOVE,1.0,1.91,ok,ok,0.0,0.0,1: weight,0
Polifonia,Gold,"Patrizia is a Demo-Ethno-anthropologist Officer of the Ministry of Culture and she is responsible for the safeguarding of the Intangible Heritage pursuant to the 2003 Unesco Convention. She needs to know if the bells of some bell towers are involved in sound practices conducted by collective social actors who recognize those practices as constitutive trait of their collective identity. Patrizia starts her investigation from the denominations and the location of the bell towers. Patrizia checks whether the sound of those bell towers is done by hand or through electrification. Patrizia checks if there are more or less formalized and more or less recognized human groups that carry out those practices. Patrizia investigate what kind of transmission and apprenticeship methods are carried out: in what age groups, if exclusively male or even female, with what type of transmission (oral, written, formal or informal).",Which are the measures of the bell?,ok,ABOVE,1.0,1.91,ok,ok,0.0,0.0,1: measures,0
Polifonia,Gold,"Patrizia is a Demo-Ethno-anthropologist Officer of the Ministry of Culture and she is responsible for the safeguarding of the Intangible Heritage pursuant to the 2003 Unesco Convention. She needs to know if the bells of some bell towers are involved in sound practices conducted by collective social actors who recognize those practices as constitutive trait of their collective identity. Patrizia starts her investigation from the denominations and the location of the bell towers. Patrizia checks whether the sound of those bell towers is done by hand or through electrification. Patrizia checks if there are more or less formalized and more or less recognized human groups that carry out those practices. Patrizia investigate what kind of transmission and apprenticeship methods are carried out: in what age groups, if exclusively male or even female, with what type of transmission (oral, written, formal or informal).",Which is the extension of the whole set of bells in a bell tower?,ok,ABOVE,1.0,1.91,ok,ok,0.0,0.0,1: extension,0
Polifonia,Gold,"Sophia is a musicologist and a practising musician. Sophia is interested in understanding the social-historical reasons behind how the music was created and how it sounds. Sophia is doing social-historical research, using textual sources. One of her current projects is concerned with the relationship between music, medicine and religion at a particular charitable institution in 17th century Italy. The sources she uses, which are also not digitized, include records of an institution, payslips etc.The resources which Sophia uses are often not digitized. Therefore she needs to visit libraries. Whilst there, she will sift through the appropriate material, and take photographs of the most relevant. She will then analyze these photographs on her return home. In one particular library she may not be able to take photographs, and there she can only take notes. Sophia uses spreadsheets to maintain and compare information.

Sophia's work could be helped by:

    digitalisation of her source material;
    handwriting OCR;
    data visualization, e.g. to illustrate relationships between composers, institutions etc.;
    use of a database, i.e. as upgrade to current use of spreadsheets;
    named-entity recognition","What is the time relationship between different musicians, e.g., who was working at the same time?",ok,ABOVE,1.0,2.5,ok,ok,0.0,0.0,"3: relationship, musicians, working at the same time",0
Polifonia,Gold,"Sophia is a musicologist and a practising musician. Sophia is interested in understanding the social-historical reasons behind how the music was created and how it sounds. Sophia is doing social-historical research, using textual sources. One of her current projects is concerned with the relationship between music, medicine and religion at a particular charitable institution in 17th century Italy. The sources she uses, which are also not digitized, include records of an institution, payslips etc.The resources which Sophia uses are often not digitized. Therefore she needs to visit libraries. Whilst there, she will sift through the appropriate material, and take photographs of the most relevant. She will then analyze these photographs on her return home. In one particular library she may not be able to take photographs, and there she can only take notes. Sophia uses spreadsheets to maintain and compare information.

Sophia's work could be helped by:

    digitalisation of her source material;
    handwriting OCR;
    data visualization, e.g. to illustrate relationships between composers, institutions etc.;
    use of a database, i.e. as upgrade to current use of spreadsheets;
    named-entity recognition","What was the composer’s network (patrons, institutions …)?",ok,ABOVE,1.0,2.5,ok,ok,0.0,0.0,"2: network, patrons",0
Polifonia,Gold,"Sophia’s original qualifications, and her Ph.D., were in music and she is also a practising musician. She is a musicologist working in the music department of a university. She has a particular interest in late 16th to 18th century music, specifically that of a particular composer living and working in Rome, Wien (Haydn, Mozart, Beethoven) London and Paris. As musician and historian, Sophia needs to study the instrumentation of a musical composition of the 18th century in order to organize a music festival that compares philological and modern performances and that proposes music compositions of that time with a completely new orchestration. To do this, she needs detailed informations about musical instruments, ancient and modern: how they were used in the original compositions and in the 18th century, to which instrument family each instrument belongs, in which instruments combination they have been used in musical compositions from any era. For each instrument Sophia will have to take into account these important properties: the timbre or range of timbres; the range of pitches; the dynamic range. Sophia is also interested to know the instrument's notation.",Which is the physical realization of an instrument?,ok,ABOVE,1.0,2.0,ok,ok,0.0,0.0,1: physical realization,0
Polifonia,Gold,"Sophia’s original qualifications, and her Ph.D., were in music and she is also a practising musician. She is a musicologist working in the music department of a university. She has a particular interest in late 16th to 18th century music, specifically that of a particular composer living and working in Rome, Wien (Haydn, Mozart, Beethoven) London and Paris. As musician and historian, Sophia needs to study the instrumentation of a musical composition of the 18th century in order to organize a music festival that compares philological and modern performances and that proposes music compositions of that time with a completely new orchestration. To do this, she needs detailed informations about musical instruments, ancient and modern: how they were used in the original compositions and in the 18th century, to which instrument family each instrument belongs, in which instruments combination they have been used in musical compositions from any era. For each instrument Sophia will have to take into account these important properties: the timbre or range of timbres; the range of pitches; the dynamic range. Sophia is also interested to know the instrument's notation.",Which are the parts of an instrument?,ok,ABOVE,1.0,2.0,ok,ok,0.0,0.0,1: parts of,0
Polifonia,Gold,"Sophia’s original qualifications, and her Ph.D., were in music and she is also a practising musician. She is a musicologist working in the music department of a university. She has a particular interest in late 16th to 18th century music, specifically that of a particular composer living and working in Rome, Wien (Haydn, Mozart, Beethoven) London and Paris. As musician and historian, Sophia needs to study the instrumentation of a musical composition of the 18th century in order to organize a music festival that compares philological and modern performances and that proposes music compositions of that time with a completely new orchestration. To do this, she needs detailed informations about musical instruments, ancient and modern: how they were used in the original compositions and in the 18th century, to which instrument family each instrument belongs, in which instruments combination they have been used in musical compositions from any era. For each instrument Sophia will have to take into account these important properties: the timbre or range of timbres; the range of pitches; the dynamic range. Sophia is also interested to know the instrument's notation.",Who invented an instrument?,ok,ABOVE,1.0,2.0,ok,ok,0.0,0.0,1: invented,0
Polifonia,Gold,"Sophia’s original qualifications, and her Ph.D., were in music and she is also a practising musician. She is a musicologist working in the music department of a university. She has a particular interest in late 16th to 18th century music, specifically that of a particular composer living and working in Rome, Wien (Haydn, Mozart, Beethoven) London and Paris. As musician and historian, Sophia needs to study the instrumentation of a musical composition of the 18th century in order to organize a music festival that compares philological and modern performances and that proposes music compositions of that time with a completely new orchestration. To do this, she needs detailed informations about musical instruments, ancient and modern: how they were used in the original compositions and in the 18th century, to which instrument family each instrument belongs, in which instruments combination they have been used in musical compositions from any era. For each instrument Sophia will have to take into account these important properties: the timbre or range of timbres; the range of pitches; the dynamic range. Sophia is also interested to know the instrument's notation.",When was an instrument invented?,ok,ABOVE,1.0,2.0,ok,ok,0.0,0.0,"2: when, invented",0
Polifonia,Gold,"Sophia’s original qualifications, and her Ph.D., were in music and she is also a practising musician. She is a musicologist working in the music department of a university. She has a particular interest in late 16th to 18th century music, specifically that of a particular composer living and working in Rome, Wien (Haydn, Mozart, Beethoven) London and Paris. As musician and historian, Sophia needs to study the instrumentation of a musical composition of the 18th century in order to organize a music festival that compares philological and modern performances and that proposes music compositions of that time with a completely new orchestration. To do this, she needs detailed informations about musical instruments, ancient and modern: how they were used in the original compositions and in the 18th century, to which instrument family each instrument belongs, in which instruments combination they have been used in musical compositions from any era. For each instrument Sophia will have to take into account these important properties: the timbre or range of timbres; the range of pitches; the dynamic range. Sophia is also interested to know the instrument's notation.",When was an instrument realization built?,ok,ABOVE,1.0,2.0,ok,ok,0.0,0.0,"3: when, instrument realization, built",0
Polifonia,Gold,"Sophia’s original qualifications, and her Ph.D., were in music and she is also a practising musician. She is a musicologist working in the music department of a university. She has a particular interest in late 16th to 18th century music, specifically that of a particular composer living and working in Rome, Wien (Haydn, Mozart, Beethoven) London and Paris. As musician and historian, Sophia needs to study the instrumentation of a musical composition of the 18th century in order to organize a music festival that compares philological and modern performances and that proposes music compositions of that time with a completely new orchestration. To do this, she needs detailed informations about musical instruments, ancient and modern: how they were used in the original compositions and in the 18th century, to which instrument family each instrument belongs, in which instruments combination they have been used in musical compositions from any era. For each instrument Sophia will have to take into account these important properties: the timbre or range of timbres; the range of pitches; the dynamic range. Sophia is also interested to know the instrument's notation.",Where was an instrument realization built?,ok,ABOVE,1.0,2.0,ok,ok,0.0,0.0,"3: where, instrument realization, built",0
Polifonia,Gold,"Sophia’s original qualifications, and her Ph.D., were in music and she is also a practising musician. She is a musicologist working in the music department of a university. She has a particular interest in late 16th to 18th century music, specifically that of a particular composer living and working in Rome, Wien (Haydn, Mozart, Beethoven) London and Paris. As musician and historian, Sophia needs to study the instrumentation of a musical composition of the 18th century in order to organize a music festival that compares philological and modern performances and that proposes music compositions of that time with a completely new orchestration. To do this, she needs detailed informations about musical instruments, ancient and modern: how they were used in the original compositions and in the 18th century, to which instrument family each instrument belongs, in which instruments combination they have been used in musical compositions from any era. For each instrument Sophia will have to take into account these important properties: the timbre or range of timbres; the range of pitches; the dynamic range. Sophia is also interested to know the instrument's notation.",Who built an instrument realization?,ok,ABOVE,1.0,2.0,ok,ok,0.0,0.0,"3: who, built, instrument realization",0
Polifonia,Gold,"Successfully plan the restoration of an organ.. In this scenario Paul has to plan a similar restoration. However, from his already extensive knowledge about organs, he is uncertain about some of the information that was provided by the encyclopaedia. That is, some of the mentioned components and technicalities such as the pitch seemed illogical when compared to the other organs from the same organ builder. If it would somehow be possible to mark facts that are unreliable or untrue, that would save Paul a lot of time checking, verifying, and notating.
    Het Historische Orgel in Nederland – Dutch organ encyclopedia
    http://www.orgbase.nl – Dutch hobbyist-made website with information similar to Het Historische Orgel
    Church and city archives
    Old newspapers
    https://www.delpher.nl – digital database from the Dutch Royal Library
    Organs (sight visits)
    http://www.dtbob.org/ – Belgian digital organ database",Which is the subject of a source?,ok,ABOVE,1.0,1.83,ABOVE,ABOVE,0.17,0.17,"2: subject, source",0
Polifonia,Gold,"Successfully plan the restoration of an organ.. In this scenario Paul has to plan a similar restoration. However, from his already extensive knowledge about organs, he is uncertain about some of the information that was provided by the encyclopaedia. That is, some of the mentioned components and technicalities such as the pitch seemed illogical when compared to the other organs from the same organ builder. If it would somehow be possible to mark facts that are unreliable or untrue, that would save Paul a lot of time checking, verifying, and notating.
    Het Historische Orgel in Nederland – Dutch organ encyclopedia
    http://www.orgbase.nl – Dutch hobbyist-made website with information similar to Het Historische Orgel
    Church and city archives
    Old newspapers
    https://www.delpher.nl – digital database from the Dutch Royal Library
    Organs (sight visits)
    http://www.dtbob.org/ – Belgian digital organ database",Which is the credibility of a source?,ok,ABOVE,1.0,1.83,ABOVE,ABOVE,0.17,0.17,1: credibility,1: credibility
Polifonia,Gold,"Successfully plan the restoration of an organ.. In this scenario Paul has to plan a similar restoration. However, from his already extensive knowledge about organs, he is uncertain about some of the information that was provided by the encyclopaedia. That is, some of the mentioned components and technicalities such as the pitch seemed illogical when compared to the other organs from the same organ builder. If it would somehow be possible to mark facts that are unreliable or untrue, that would save Paul a lot of time checking, verifying, and notating.
    Het Historische Orgel in Nederland – Dutch organ encyclopedia
    http://www.orgbase.nl – Dutch hobbyist-made website with information similar to Het Historische Orgel
    Church and city archives
    Old newspapers
    https://www.delpher.nl – digital database from the Dutch Royal Library
    Organs (sight visits)
    http://www.dtbob.org/ – Belgian digital organ database",Which is the goal of a source?,ok,ABOVE,1.0,1.83,ABOVE,ABOVE,0.17,0.17,"2: goal, source",0
Polifonia,Gold,"Successfully plan the restoration of an organ.. In this scenario Paul has to plan a similar restoration. However, from his already extensive knowledge about organs, he is uncertain about some of the information that was provided by the encyclopaedia. That is, some of the mentioned components and technicalities such as the pitch seemed illogical when compared to the other organs from the same organ builder. If it would somehow be possible to mark facts that are unreliable or untrue, that would save Paul a lot of time checking, verifying, and notating.
    Het Historische Orgel in Nederland – Dutch organ encyclopedia
    http://www.orgbase.nl – Dutch hobbyist-made website with information similar to Het Historische Orgel
    Church and city archives
    Old newspapers
    https://www.delpher.nl – digital database from the Dutch Royal Library
    Organs (sight visits)
    http://www.dtbob.org/ – Belgian digital organ database",Which is the type of a source?,ok,ABOVE,1.0,1.83,ABOVE,ABOVE,0.17,0.17,"2: type, source",0
Polifonia,Gold,"Successfully plan the restoration of an organ.. In this scenario Paul has to plan a similar restoration. However, from his already extensive knowledge about organs, he is uncertain about some of the information that was provided by the encyclopaedia. That is, some of the mentioned components and technicalities such as the pitch seemed illogical when compared to the other organs from the same organ builder. If it would somehow be possible to mark facts that are unreliable or untrue, that would save Paul a lot of time checking, verifying, and notating.
    Het Historische Orgel in Nederland – Dutch organ encyclopedia
    http://www.orgbase.nl – Dutch hobbyist-made website with information similar to Het Historische Orgel
    Church and city archives
    Old newspapers
    https://www.delpher.nl – digital database from the Dutch Royal Library
    Organs (sight visits)
    http://www.dtbob.org/ – Belgian digital organ database",Which is the context of production of a source?,ok,ABOVE,1.0,1.83,ABOVE,ABOVE,0.17,0.17,"2: context of production, source",0
Polifonia,Gold,"Successfully plan the restoration of an organ.. In this scenario Paul has to plan a similar restoration. However, from his already extensive knowledge about organs, he is uncertain about some of the information that was provided by the encyclopaedia. That is, some of the mentioned components and technicalities such as the pitch seemed illogical when compared to the other organs from the same organ builder. If it would somehow be possible to mark facts that are unreliable or untrue, that would save Paul a lot of time checking, verifying, and notating.
    Het Historische Orgel in Nederland – Dutch organ encyclopedia
    http://www.orgbase.nl – Dutch hobbyist-made website with information similar to Het Historische Orgel
    Church and city archives
    Old newspapers
    https://www.delpher.nl – digital database from the Dutch Royal Library
    Organs (sight visits)
    http://www.dtbob.org/ – Belgian digital organ database",Which is the context of usage of a source?,ok,ABOVE,1.0,1.83,ABOVE,ABOVE,0.17,0.17,"2: context of usage, source",0
Polifonia,NeoNGPT_GPT4o,"Amy wants to assess the developments of organ builders. This research includes looking into which organs an organ builder worked on and how their projects developed over time. This development can range from an increase of the size of the organ, to locality of their projects, or to the type or prestige of the project. The history section of the 15-part organ encyclopaedia is mostly used for this as this specifies year and changes that are made to the organs, but this obviously takes a lot of time and effort to research. 
    Amy already has access to the physical as well as online library of the university where she works.
    Amy also has the entire 15 volume collection from the Dutch organ encyclopaedia. She uses the encyclopaedia mostly for reading about the arthistorical and technical aspects and developments of organs and comparing these to other organs.
    Database websites for information about organs and churches which all offer slightly different kinds of information:
        https://www.kerk-en-orgel.nl
        https://reliwiki.nl/
        http://www.orgbase.nl
        https://geoplaza.vu.nl/cms/research/kerkenkaart/ – Kerkenkaart (churchmap) from the Vrije Universiteit Amsterdam",What are the biographical details of a specific organ builder?,BELOW,BELOW,0.52,0.6,ok,ok,0.24,0.24,1 (biography),0
Polifonia,NeoNGPT_GPT4o,"Amy wants to assess the developments of organ builders. This research includes looking into which organs an organ builder worked on and how their projects developed over time. This development can range from an increase of the size of the organ, to locality of their projects, or to the type or prestige of the project. The history section of the 15-part organ encyclopaedia is mostly used for this as this specifies year and changes that are made to the organs, but this obviously takes a lot of time and effort to research. 
    Amy already has access to the physical as well as online library of the university where she works.
    Amy also has the entire 15 volume collection from the Dutch organ encyclopaedia. She uses the encyclopaedia mostly for reading about the arthistorical and technical aspects and developments of organs and comparing these to other organs.
    Database websites for information about organs and churches which all offer slightly different kinds of information:
        https://www.kerk-en-orgel.nl
        https://reliwiki.nl/
        http://www.orgbase.nl
        https://geoplaza.vu.nl/cms/research/kerkenkaart/ – Kerkenkaart (churchmap) from the Vrije Universiteit Amsterdam",Which projects has a particular organ builder undertaken?,BELOW,BELOW,0.52,0.6,ok,ok,0.24,0.24,0,0
Polifonia,NeoNGPT_GPT4o,"Amy wants to assess the developments of organ builders. This research includes looking into which organs an organ builder worked on and how their projects developed over time. This development can range from an increase of the size of the organ, to locality of their projects, or to the type or prestige of the project. The history section of the 15-part organ encyclopaedia is mostly used for this as this specifies year and changes that are made to the organs, but this obviously takes a lot of time and effort to research. 
    Amy already has access to the physical as well as online library of the university where she works.
    Amy also has the entire 15 volume collection from the Dutch organ encyclopaedia. She uses the encyclopaedia mostly for reading about the arthistorical and technical aspects and developments of organs and comparing these to other organs.
    Database websites for information about organs and churches which all offer slightly different kinds of information:
        https://www.kerk-en-orgel.nl
        https://reliwiki.nl/
        http://www.orgbase.nl
        https://geoplaza.vu.nl/cms/research/kerkenkaart/ – Kerkenkaart (churchmap) from the Vrije Universiteit Amsterdam",What are the historical aspects of a specific organ?,BELOW,BELOW,0.52,0.6,ok,ok,0.24,0.24,No,0
Polifonia,NeoNGPT_GPT4o,"Amy wants to assess the developments of organ builders. This research includes looking into which organs an organ builder worked on and how their projects developed over time. This development can range from an increase of the size of the organ, to locality of their projects, or to the type or prestige of the project. The history section of the 15-part organ encyclopaedia is mostly used for this as this specifies year and changes that are made to the organs, but this obviously takes a lot of time and effort to research. 
    Amy already has access to the physical as well as online library of the university where she works.
    Amy also has the entire 15 volume collection from the Dutch organ encyclopaedia. She uses the encyclopaedia mostly for reading about the arthistorical and technical aspects and developments of organs and comparing these to other organs.
    Database websites for information about organs and churches which all offer slightly different kinds of information:
        https://www.kerk-en-orgel.nl
        https://reliwiki.nl/
        http://www.orgbase.nl
        https://geoplaza.vu.nl/cms/research/kerkenkaart/ – Kerkenkaart (churchmap) from the Vrije Universiteit Amsterdam",What are the technical specifications of a particular organ?,BELOW,BELOW,0.52,0.6,ok,ok,0.24,0.24,0,0
Polifonia,NeoNGPT_GPT4o,"Amy wants to assess the developments of organ builders. This research includes looking into which organs an organ builder worked on and how their projects developed over time. This development can range from an increase of the size of the organ, to locality of their projects, or to the type or prestige of the project. The history section of the 15-part organ encyclopaedia is mostly used for this as this specifies year and changes that are made to the organs, but this obviously takes a lot of time and effort to research. 
    Amy already has access to the physical as well as online library of the university where she works.
    Amy also has the entire 15 volume collection from the Dutch organ encyclopaedia. She uses the encyclopaedia mostly for reading about the arthistorical and technical aspects and developments of organs and comparing these to other organs.
    Database websites for information about organs and churches which all offer slightly different kinds of information:
        https://www.kerk-en-orgel.nl
        https://reliwiki.nl/
        http://www.orgbase.nl
        https://geoplaza.vu.nl/cms/research/kerkenkaart/ – Kerkenkaart (churchmap) from the Vrije Universiteit Amsterdam",What are the art-historical aspects of a specific organ?,BELOW,BELOW,0.52,0.6,ok,ok,0.24,0.24,0,0
Polifonia,NeoNGPT_GPT4o,"Amy wants to assess the developments of organ builders. This research includes looking into which organs an organ builder worked on and how their projects developed over time. This development can range from an increase of the size of the organ, to locality of their projects, or to the type or prestige of the project. The history section of the 15-part organ encyclopaedia is mostly used for this as this specifies year and changes that are made to the organs, but this obviously takes a lot of time and effort to research. 
    Amy already has access to the physical as well as online library of the university where she works.
    Amy also has the entire 15 volume collection from the Dutch organ encyclopaedia. She uses the encyclopaedia mostly for reading about the arthistorical and technical aspects and developments of organs and comparing these to other organs.
    Database websites for information about organs and churches which all offer slightly different kinds of information:
        https://www.kerk-en-orgel.nl
        https://reliwiki.nl/
        http://www.orgbase.nl
        https://geoplaza.vu.nl/cms/research/kerkenkaart/ – Kerkenkaart (churchmap) from the Vrije Universiteit Amsterdam",How has the size of a particular organ changed over time?,BELOW,BELOW,0.52,0.6,ok,ok,0.24,0.24,0,0
Polifonia,NeoNGPT_GPT4o,"Amy wants to assess the developments of organ builders. This research includes looking into which organs an organ builder worked on and how their projects developed over time. This development can range from an increase of the size of the organ, to locality of their projects, or to the type or prestige of the project. The history section of the 15-part organ encyclopaedia is mostly used for this as this specifies year and changes that are made to the organs, but this obviously takes a lot of time and effort to research. 
    Amy already has access to the physical as well as online library of the university where she works.
    Amy also has the entire 15 volume collection from the Dutch organ encyclopaedia. She uses the encyclopaedia mostly for reading about the arthistorical and technical aspects and developments of organs and comparing these to other organs.
    Database websites for information about organs and churches which all offer slightly different kinds of information:
        https://www.kerk-en-orgel.nl
        https://reliwiki.nl/
        http://www.orgbase.nl
        https://geoplaza.vu.nl/cms/research/kerkenkaart/ – Kerkenkaart (churchmap) from the Vrije Universiteit Amsterdam",What is the geographical location of a specific organ project?,BELOW,BELOW,0.52,0.6,ok,ok,0.24,0.24,1: geographical location,0
Polifonia,NeoNGPT_GPT4o,"Amy wants to assess the developments of organ builders. This research includes looking into which organs an organ builder worked on and how their projects developed over time. This development can range from an increase of the size of the organ, to locality of their projects, or to the type or prestige of the project. The history section of the 15-part organ encyclopaedia is mostly used for this as this specifies year and changes that are made to the organs, but this obviously takes a lot of time and effort to research. 
    Amy already has access to the physical as well as online library of the university where she works.
    Amy also has the entire 15 volume collection from the Dutch organ encyclopaedia. She uses the encyclopaedia mostly for reading about the arthistorical and technical aspects and developments of organs and comparing these to other organs.
    Database websites for information about organs and churches which all offer slightly different kinds of information:
        https://www.kerk-en-orgel.nl
        https://reliwiki.nl/
        http://www.orgbase.nl
        https://geoplaza.vu.nl/cms/research/kerkenkaart/ – Kerkenkaart (churchmap) from the Vrije Universiteit Amsterdam",Which organ projects were undertaken in a specific locality?,BELOW,BELOW,0.52,0.6,ok,ok,0.24,0.24,0,0
Polifonia,NeoNGPT_GPT4o,"Amy wants to assess the developments of organ builders. This research includes looking into which organs an organ builder worked on and how their projects developed over time. This development can range from an increase of the size of the organ, to locality of their projects, or to the type or prestige of the project. The history section of the 15-part organ encyclopaedia is mostly used for this as this specifies year and changes that are made to the organs, but this obviously takes a lot of time and effort to research. 
    Amy already has access to the physical as well as online library of the university where she works.
    Amy also has the entire 15 volume collection from the Dutch organ encyclopaedia. She uses the encyclopaedia mostly for reading about the arthistorical and technical aspects and developments of organs and comparing these to other organs.
    Database websites for information about organs and churches which all offer slightly different kinds of information:
        https://www.kerk-en-orgel.nl
        https://reliwiki.nl/
        http://www.orgbase.nl
        https://geoplaza.vu.nl/cms/research/kerkenkaart/ – Kerkenkaart (churchmap) from the Vrije Universiteit Amsterdam",How has the prestige of a particular organ project evolved over time?,BELOW,BELOW,0.52,0.6,ok,ok,0.24,0.24,0,1: prestige
Polifonia,NeoNGPT_GPT4o,"Amy wants to assess the developments of organ builders. This research includes looking into which organs an organ builder worked on and how their projects developed over time. This development can range from an increase of the size of the organ, to locality of their projects, or to the type or prestige of the project. The history section of the 15-part organ encyclopaedia is mostly used for this as this specifies year and changes that are made to the organs, but this obviously takes a lot of time and effort to research. 
    Amy already has access to the physical as well as online library of the university where she works.
    Amy also has the entire 15 volume collection from the Dutch organ encyclopaedia. She uses the encyclopaedia mostly for reading about the arthistorical and technical aspects and developments of organs and comparing these to other organs.
    Database websites for information about organs and churches which all offer slightly different kinds of information:
        https://www.kerk-en-orgel.nl
        https://reliwiki.nl/
        http://www.orgbase.nl
        https://geoplaza.vu.nl/cms/research/kerkenkaart/ – Kerkenkaart (churchmap) from the Vrije Universiteit Amsterdam",What are the temporal developments of a specific organ project?,BELOW,BELOW,0.52,0.6,ok,ok,0.24,0.24,0,0
Polifonia,NeoNGPT_GPT4o,"Amy wants to assess the developments of organ builders. This research includes looking into which organs an organ builder worked on and how their projects developed over time. This development can range from an increase of the size of the organ, to locality of their projects, or to the type or prestige of the project. The history section of the 15-part organ encyclopaedia is mostly used for this as this specifies year and changes that are made to the organs, but this obviously takes a lot of time and effort to research. 
    Amy already has access to the physical as well as online library of the university where she works.
    Amy also has the entire 15 volume collection from the Dutch organ encyclopaedia. She uses the encyclopaedia mostly for reading about the arthistorical and technical aspects and developments of organs and comparing these to other organs.
    Database websites for information about organs and churches which all offer slightly different kinds of information:
        https://www.kerk-en-orgel.nl
        https://reliwiki.nl/
        http://www.orgbase.nl
        https://geoplaza.vu.nl/cms/research/kerkenkaart/ – Kerkenkaart (churchmap) from the Vrije Universiteit Amsterdam",Which organ builders were active during a specific historical period?,BELOW,BELOW,0.52,0.6,ok,ok,0.24,0.24,1: historical period,0
Polifonia,NeoNGPT_GPT4o,"Amy wants to assess the developments of organ builders. This research includes looking into which organs an organ builder worked on and how their projects developed over time. This development can range from an increase of the size of the organ, to locality of their projects, or to the type or prestige of the project. The history section of the 15-part organ encyclopaedia is mostly used for this as this specifies year and changes that are made to the organs, but this obviously takes a lot of time and effort to research. 
    Amy already has access to the physical as well as online library of the university where she works.
    Amy also has the entire 15 volume collection from the Dutch organ encyclopaedia. She uses the encyclopaedia mostly for reading about the arthistorical and technical aspects and developments of organs and comparing these to other organs.
    Database websites for information about organs and churches which all offer slightly different kinds of information:
        https://www.kerk-en-orgel.nl
        https://reliwiki.nl/
        http://www.orgbase.nl
        https://geoplaza.vu.nl/cms/research/kerkenkaart/ – Kerkenkaart (churchmap) from the Vrije Universiteit Amsterdam","How do two organs compare in terms of size, type, and prestige?",BELOW,BELOW,0.52,0.6,ok,ok,0.24,0.24,0,1: prestige
Polifonia,NeoNGPT_GPT4o,"Amy wants to assess the developments of organ builders. This research includes looking into which organs an organ builder worked on and how their projects developed over time. This development can range from an increase of the size of the organ, to locality of their projects, or to the type or prestige of the project. The history section of the 15-part organ encyclopaedia is mostly used for this as this specifies year and changes that are made to the organs, but this obviously takes a lot of time and effort to research. 
    Amy already has access to the physical as well as online library of the university where she works.
    Amy also has the entire 15 volume collection from the Dutch organ encyclopaedia. She uses the encyclopaedia mostly for reading about the arthistorical and technical aspects and developments of organs and comparing these to other organs.
    Database websites for information about organs and churches which all offer slightly different kinds of information:
        https://www.kerk-en-orgel.nl
        https://reliwiki.nl/
        http://www.orgbase.nl
        https://geoplaza.vu.nl/cms/research/kerkenkaart/ – Kerkenkaart (churchmap) from the Vrije Universiteit Amsterdam",What are the sources of data for a specific organ or organ builder?,BELOW,BELOW,0.52,0.6,ok,ok,0.24,0.24,0,0
Polifonia,NeoNGPT_GPT4o,"Amy wants to assess the developments of organ builders. This research includes looking into which organs an organ builder worked on and how their projects developed over time. This development can range from an increase of the size of the organ, to locality of their projects, or to the type or prestige of the project. The history section of the 15-part organ encyclopaedia is mostly used for this as this specifies year and changes that are made to the organs, but this obviously takes a lot of time and effort to research. 
    Amy already has access to the physical as well as online library of the university where she works.
    Amy also has the entire 15 volume collection from the Dutch organ encyclopaedia. She uses the encyclopaedia mostly for reading about the arthistorical and technical aspects and developments of organs and comparing these to other organs.
    Database websites for information about organs and churches which all offer slightly different kinds of information:
        https://www.kerk-en-orgel.nl
        https://reliwiki.nl/
        http://www.orgbase.nl
        https://geoplaza.vu.nl/cms/research/kerkenkaart/ – Kerkenkaart (churchmap) from the Vrije Universiteit Amsterdam",How can data from different online databases be integrated for a specific organ project?,BELOW,BELOW,0.52,0.6,ok,ok,0.24,0.24,1: integrated,0
Polifonia,NeoNGPT_GPT4o,"Amy wants to assess the developments of organ builders. This research includes looking into which organs an organ builder worked on and how their projects developed over time. This development can range from an increase of the size of the organ, to locality of their projects, or to the type or prestige of the project. The history section of the 15-part organ encyclopaedia is mostly used for this as this specifies year and changes that are made to the organs, but this obviously takes a lot of time and effort to research. 
    Amy already has access to the physical as well as online library of the university where she works.
    Amy also has the entire 15 volume collection from the Dutch organ encyclopaedia. She uses the encyclopaedia mostly for reading about the arthistorical and technical aspects and developments of organs and comparing these to other organs.
    Database websites for information about organs and churches which all offer slightly different kinds of information:
        https://www.kerk-en-orgel.nl
        https://reliwiki.nl/
        http://www.orgbase.nl
        https://geoplaza.vu.nl/cms/research/kerkenkaart/ – Kerkenkaart (churchmap) from the Vrije Universiteit Amsterdam",What are the key developments in organ building in a specific geographical region?,BELOW,BELOW,0.52,0.6,ok,ok,0.24,0.24,1: geographical region,1: key
Polifonia,NeoNGPT_GPT4o,"Amy wants to assess the developments of organ builders. This research includes looking into which organs an organ builder worked on and how their projects developed over time. This development can range from an increase of the size of the organ, to locality of their projects, or to the type or prestige of the project. The history section of the 15-part organ encyclopaedia is mostly used for this as this specifies year and changes that are made to the organs, but this obviously takes a lot of time and effort to research. 
    Amy already has access to the physical as well as online library of the university where she works.
    Amy also has the entire 15 volume collection from the Dutch organ encyclopaedia. She uses the encyclopaedia mostly for reading about the arthistorical and technical aspects and developments of organs and comparing these to other organs.
    Database websites for information about organs and churches which all offer slightly different kinds of information:
        https://www.kerk-en-orgel.nl
        https://reliwiki.nl/
        http://www.orgbase.nl
        https://geoplaza.vu.nl/cms/research/kerkenkaart/ – Kerkenkaart (churchmap) from the Vrije Universiteit Amsterdam",How can the developments of organ builders be visualized over time?,BELOW,BELOW,0.52,0.6,ok,ok,0.24,0.24,1: visualized,0
Polifonia,NeoNGPT_GPT4o,"Amy wants to assess the developments of organ builders. This research includes looking into which organs an organ builder worked on and how their projects developed over time. This development can range from an increase of the size of the organ, to locality of their projects, or to the type or prestige of the project. The history section of the 15-part organ encyclopaedia is mostly used for this as this specifies year and changes that are made to the organs, but this obviously takes a lot of time and effort to research. 
    Amy already has access to the physical as well as online library of the university where she works.
    Amy also has the entire 15 volume collection from the Dutch organ encyclopaedia. She uses the encyclopaedia mostly for reading about the arthistorical and technical aspects and developments of organs and comparing these to other organs.
    Database websites for information about organs and churches which all offer slightly different kinds of information:
        https://www.kerk-en-orgel.nl
        https://reliwiki.nl/
        http://www.orgbase.nl
        https://geoplaza.vu.nl/cms/research/kerkenkaart/ – Kerkenkaart (churchmap) from the Vrije Universiteit Amsterdam",What are the most prestigious organ projects undertaken by a specific builder?,BELOW,BELOW,0.52,0.6,ok,ok,0.24,0.24,1: most,1: prestigious
Polifonia,NeoNGPT_GPT4o,"Amy wants to assess the developments of organ builders. This research includes looking into which organs an organ builder worked on and how their projects developed over time. This development can range from an increase of the size of the organ, to locality of their projects, or to the type or prestige of the project. The history section of the 15-part organ encyclopaedia is mostly used for this as this specifies year and changes that are made to the organs, but this obviously takes a lot of time and effort to research. 
    Amy already has access to the physical as well as online library of the university where she works.
    Amy also has the entire 15 volume collection from the Dutch organ encyclopaedia. She uses the encyclopaedia mostly for reading about the arthistorical and technical aspects and developments of organs and comparing these to other organs.
    Database websites for information about organs and churches which all offer slightly different kinds of information:
        https://www.kerk-en-orgel.nl
        https://reliwiki.nl/
        http://www.orgbase.nl
        https://geoplaza.vu.nl/cms/research/kerkenkaart/ – Kerkenkaart (churchmap) from the Vrije Universiteit Amsterdam",How can changes in organ projects be tracked and analyzed over time?,BELOW,BELOW,0.52,0.6,ok,ok,0.24,0.24,0,0
Polifonia,NeoNGPT_GPT4o,"Amy wants to assess the developments of organ builders. This research includes looking into which organs an organ builder worked on and how their projects developed over time. This development can range from an increase of the size of the organ, to locality of their projects, or to the type or prestige of the project. The history section of the 15-part organ encyclopaedia is mostly used for this as this specifies year and changes that are made to the organs, but this obviously takes a lot of time and effort to research. 
    Amy already has access to the physical as well as online library of the university where she works.
    Amy also has the entire 15 volume collection from the Dutch organ encyclopaedia. She uses the encyclopaedia mostly for reading about the arthistorical and technical aspects and developments of organs and comparing these to other organs.
    Database websites for information about organs and churches which all offer slightly different kinds of information:
        https://www.kerk-en-orgel.nl
        https://reliwiki.nl/
        http://www.orgbase.nl
        https://geoplaza.vu.nl/cms/research/kerkenkaart/ – Kerkenkaart (churchmap) from the Vrije Universiteit Amsterdam",What are the technical and art-historical differences between two organ projects?,BELOW,BELOW,0.52,0.6,ok,ok,0.24,0.24,0,0
Polifonia,NeoNGPT_GPT4o,"Amy wants to assess the developments of organ builders. This research includes looking into which organs an organ builder worked on and how their projects developed over time. This development can range from an increase of the size of the organ, to locality of their projects, or to the type or prestige of the project. The history section of the 15-part organ encyclopaedia is mostly used for this as this specifies year and changes that are made to the organs, but this obviously takes a lot of time and effort to research. 
    Amy already has access to the physical as well as online library of the university where she works.
    Amy also has the entire 15 volume collection from the Dutch organ encyclopaedia. She uses the encyclopaedia mostly for reading about the arthistorical and technical aspects and developments of organs and comparing these to other organs.
    Database websites for information about organs and churches which all offer slightly different kinds of information:
        https://www.kerk-en-orgel.nl
        https://reliwiki.nl/
        http://www.orgbase.nl
        https://geoplaza.vu.nl/cms/research/kerkenkaart/ – Kerkenkaart (churchmap) from the Vrije Universiteit Amsterdam",How can the locality of organ projects be mapped geographically?,BELOW,BELOW,0.52,0.6,ok,ok,0.24,0.24,1: mapped geographically,0
Polifonia,NeoNGPT_GPT4o,"Amy wants to assess the developments of organ builders. This research includes looking into which organs an organ builder worked on and how their projects developed over time. This development can range from an increase of the size of the organ, to locality of their projects, or to the type or prestige of the project. The history section of the 15-part organ encyclopaedia is mostly used for this as this specifies year and changes that are made to the organs, but this obviously takes a lot of time and effort to research. 
    Amy already has access to the physical as well as online library of the university where she works.
    Amy also has the entire 15 volume collection from the Dutch organ encyclopaedia. She uses the encyclopaedia mostly for reading about the arthistorical and technical aspects and developments of organs and comparing these to other organs.
    Database websites for information about organs and churches which all offer slightly different kinds of information:
        https://www.kerk-en-orgel.nl
        https://reliwiki.nl/
        http://www.orgbase.nl
        https://geoplaza.vu.nl/cms/research/kerkenkaart/ – Kerkenkaart (churchmap) from the Vrije Universiteit Amsterdam",What are the most significant changes in organ building techniques over time?,BELOW,BELOW,0.52,0.6,ok,ok,0.24,0.24,1: significant,1: significant
Polifonia,NeoNGPT_GPT4o,"Amy wants to assess the developments of organ builders. This research includes looking into which organs an organ builder worked on and how their projects developed over time. This development can range from an increase of the size of the organ, to locality of their projects, or to the type or prestige of the project. The history section of the 15-part organ encyclopaedia is mostly used for this as this specifies year and changes that are made to the organs, but this obviously takes a lot of time and effort to research. 
    Amy already has access to the physical as well as online library of the university where she works.
    Amy also has the entire 15 volume collection from the Dutch organ encyclopaedia. She uses the encyclopaedia mostly for reading about the arthistorical and technical aspects and developments of organs and comparing these to other organs.
    Database websites for information about organs and churches which all offer slightly different kinds of information:
        https://www.kerk-en-orgel.nl
        https://reliwiki.nl/
        http://www.orgbase.nl
        https://geoplaza.vu.nl/cms/research/kerkenkaart/ – Kerkenkaart (churchmap) from the Vrije Universiteit Amsterdam",How can researchers query information about organ builders and their projects efficiently?,BELOW,BELOW,0.52,0.6,ok,ok,0.24,0.24,1: efficiently,1: efficiently
Polifonia,NeoNGPT_GPT4o,"Amy wants to assess the developments of organ builders. This research includes looking into which organs an organ builder worked on and how their projects developed over time. This development can range from an increase of the size of the organ, to locality of their projects, or to the type or prestige of the project. The history section of the 15-part organ encyclopaedia is mostly used for this as this specifies year and changes that are made to the organs, but this obviously takes a lot of time and effort to research. 
    Amy already has access to the physical as well as online library of the university where she works.
    Amy also has the entire 15 volume collection from the Dutch organ encyclopaedia. She uses the encyclopaedia mostly for reading about the arthistorical and technical aspects and developments of organs and comparing these to other organs.
    Database websites for information about organs and churches which all offer slightly different kinds of information:
        https://www.kerk-en-orgel.nl
        https://reliwiki.nl/
        http://www.orgbase.nl
        https://geoplaza.vu.nl/cms/research/kerkenkaart/ – Kerkenkaart (churchmap) from the Vrije Universiteit Amsterdam",What are the interoperability standards used in the ontology for organ research?,BELOW,BELOW,0.52,0.6,ok,ok,0.24,0.24,1: interoperability standards,0
Polifonia,NeoNGPT_GPT4o,"Amy wants to assess the developments of organ builders. This research includes looking into which organs an organ builder worked on and how their projects developed over time. This development can range from an increase of the size of the organ, to locality of their projects, or to the type or prestige of the project. The history section of the 15-part organ encyclopaedia is mostly used for this as this specifies year and changes that are made to the organs, but this obviously takes a lot of time and effort to research. 
    Amy already has access to the physical as well as online library of the university where she works.
    Amy also has the entire 15 volume collection from the Dutch organ encyclopaedia. She uses the encyclopaedia mostly for reading about the arthistorical and technical aspects and developments of organs and comparing these to other organs.
    Database websites for information about organs and churches which all offer slightly different kinds of information:
        https://www.kerk-en-orgel.nl
        https://reliwiki.nl/
        http://www.orgbase.nl
        https://geoplaza.vu.nl/cms/research/kerkenkaart/ – Kerkenkaart (churchmap) from the Vrije Universiteit Amsterdam",How can the ontology be updated with new research findings?,BELOW,BELOW,0.52,0.6,ok,ok,0.24,0.24,1: ontology,0
Polifonia,NeoNGPT_GPT4o,"Amy wants to assess the developments of organ builders. This research includes looking into which organs an organ builder worked on and how their projects developed over time. This development can range from an increase of the size of the organ, to locality of their projects, or to the type or prestige of the project. The history section of the 15-part organ encyclopaedia is mostly used for this as this specifies year and changes that are made to the organs, but this obviously takes a lot of time and effort to research. 
    Amy already has access to the physical as well as online library of the university where she works.
    Amy also has the entire 15 volume collection from the Dutch organ encyclopaedia. She uses the encyclopaedia mostly for reading about the arthistorical and technical aspects and developments of organs and comparing these to other organs.
    Database websites for information about organs and churches which all offer slightly different kinds of information:
        https://www.kerk-en-orgel.nl
        https://reliwiki.nl/
        http://www.orgbase.nl
        https://geoplaza.vu.nl/cms/research/kerkenkaart/ – Kerkenkaart (churchmap) from the Vrije Universiteit Amsterdam",What are the performance metrics for query responses in the ontology?,BELOW,BELOW,0.52,0.6,ok,ok,0.24,0.24,"3: performance, metrics, ontology",0
Polifonia,NeoNGPT_GPT4o,"Anna wants to experience live music with the aid of haptic technology. Anna, who became hearing impaired in later life, attends a concert by The Blockheads at the Stables music venue with a friend Ben who is deaf from birth, and her hearing friend Caroline. In order to enhance their experience of the concert, they decide to use the haptic bracelets offered by the venue. Anna is a big fan of the bass player Norman Watt Roy, whereas her friend is interested in the drums played by John Roberts. For tonight’s performance, the Stables are offering a live automatic haptic transcription of the bass part. The Stables have also hired a musical interpreter for the hearing impaired who will be communicating the overall performance using an electronic drum kit from which a haptic feed is available. As a third option, a chest-worn transducer is available that takes the audio feed and turns the wearer’s chest cavity into a bass woofer. Anna used the bass transcription. Ben opted for the live interpretation. During ‘Hit me with your rhythm stick’ Anna grabs the hand of her hearing friend Caroline in excitement and puts it on her wrist to feel the bass rhythm. Anna and Ben sign to each other during the first two songs, and decide to swap feeds for the third.

When they hand the equipment back in at the end of the gig, the Stables staff point out that there is a summer workshop being run for hearing impared beginner drummers using a full drum kit and bracelets on all four limbs.",1. What types of haptic devices are available for use in live music settings?,BELOW,ok,0.65,1.1,ok,ok,0.1,0.1,"0

All key content words from the CQ appear in the Scenario:
- ""types"" (implied through listing different devices)
- ""haptic"" (appears multiple times)
- ""devices"" (haptic bracelets, transducer, electronic drum kit)
- ""available"" (appears multiple times: ""offered,"" ""available"")
- ""live",0
Polifonia,NeoNGPT_GPT4o,"Anna wants to experience live music with the aid of haptic technology. Anna, who became hearing impaired in later life, attends a concert by The Blockheads at the Stables music venue with a friend Ben who is deaf from birth, and her hearing friend Caroline. In order to enhance their experience of the concert, they decide to use the haptic bracelets offered by the venue. Anna is a big fan of the bass player Norman Watt Roy, whereas her friend is interested in the drums played by John Roberts. For tonight’s performance, the Stables are offering a live automatic haptic transcription of the bass part. The Stables have also hired a musical interpreter for the hearing impaired who will be communicating the overall performance using an electronic drum kit from which a haptic feed is available. As a third option, a chest-worn transducer is available that takes the audio feed and turns the wearer’s chest cavity into a bass woofer. Anna used the bass transcription. Ben opted for the live interpretation. During ‘Hit me with your rhythm stick’ Anna grabs the hand of her hearing friend Caroline in excitement and puts it on her wrist to feel the bass rhythm. Anna and Ben sign to each other during the first two songs, and decide to swap feeds for the third.

When they hand the equipment back in at the end of the gig, the Stables staff point out that there is a summer workshop being run for hearing impared beginner drummers using a full drum kit and bracelets on all four limbs.",2. What are the functionalities of different haptic devices used in music experiences?,BELOW,ok,0.65,1.1,ok,ok,0.1,0.1,"0

All key content words from the CQ appear in the Scenario:
- ""functionalities"" (implied through descriptions of what devices do)
- ""haptic"" (appears multiple times)
- ""devices"" (haptic bracelets, transducer, electronic drum kit)
- ""music"" (concert, performance, bass part, drums)
-",0
Polifonia,NeoNGPT_GPT4o,"Anna wants to experience live music with the aid of haptic technology. Anna, who became hearing impaired in later life, attends a concert by The Blockheads at the Stables music venue with a friend Ben who is deaf from birth, and her hearing friend Caroline. In order to enhance their experience of the concert, they decide to use the haptic bracelets offered by the venue. Anna is a big fan of the bass player Norman Watt Roy, whereas her friend is interested in the drums played by John Roberts. For tonight’s performance, the Stables are offering a live automatic haptic transcription of the bass part. The Stables have also hired a musical interpreter for the hearing impaired who will be communicating the overall performance using an electronic drum kit from which a haptic feed is available. As a third option, a chest-worn transducer is available that takes the audio feed and turns the wearer’s chest cavity into a bass woofer. Anna used the bass transcription. Ben opted for the live interpretation. During ‘Hit me with your rhythm stick’ Anna grabs the hand of her hearing friend Caroline in excitement and puts it on her wrist to feel the bass rhythm. Anna and Ben sign to each other during the first two songs, and decide to swap feeds for the third.

When they hand the equipment back in at the end of the gig, the Stables staff point out that there is a summer workshop being run for hearing impared beginner drummers using a full drum kit and bracelets on all four limbs.",3. How can user preferences for specific instruments be represented in the ontology?,BELOW,ok,0.65,1.1,ok,ok,0.1,0.1,"0

All key content words from the CQ appear in the Scenario:
- ""user preferences"" → preferences implied through Anna's interest in bass player, Ben's interest in drums
- ""specific instruments"" → ""bass,"" ""drums"" explicitly mentioned
- ""represented"" → not a domain-specific word requiring presence
- ""ontology"" → while not explicitly stated,",0
Polifonia,NeoNGPT_GPT4o,"Anna wants to experience live music with the aid of haptic technology. Anna, who became hearing impaired in later life, attends a concert by The Blockheads at the Stables music venue with a friend Ben who is deaf from birth, and her hearing friend Caroline. In order to enhance their experience of the concert, they decide to use the haptic bracelets offered by the venue. Anna is a big fan of the bass player Norman Watt Roy, whereas her friend is interested in the drums played by John Roberts. For tonight’s performance, the Stables are offering a live automatic haptic transcription of the bass part. The Stables have also hired a musical interpreter for the hearing impaired who will be communicating the overall performance using an electronic drum kit from which a haptic feed is available. As a third option, a chest-worn transducer is available that takes the audio feed and turns the wearer’s chest cavity into a bass woofer. Anna used the bass transcription. Ben opted for the live interpretation. During ‘Hit me with your rhythm stick’ Anna grabs the hand of her hearing friend Caroline in excitement and puts it on her wrist to feel the bass rhythm. Anna and Ben sign to each other during the first two songs, and decide to swap feeds for the third.

When they hand the equipment back in at the end of the gig, the Stables staff point out that there is a summer workshop being run for hearing impared beginner drummers using a full drum kit and bracelets on all four limbs.",4. What types of musical performances are supported by the ontology?,BELOW,ok,0.65,1.1,ok,ok,0.1,0.1,1: ontology,0
Polifonia,NeoNGPT_GPT4o,"Anna wants to experience live music with the aid of haptic technology. Anna, who became hearing impaired in later life, attends a concert by The Blockheads at the Stables music venue with a friend Ben who is deaf from birth, and her hearing friend Caroline. In order to enhance their experience of the concert, they decide to use the haptic bracelets offered by the venue. Anna is a big fan of the bass player Norman Watt Roy, whereas her friend is interested in the drums played by John Roberts. For tonight’s performance, the Stables are offering a live automatic haptic transcription of the bass part. The Stables have also hired a musical interpreter for the hearing impaired who will be communicating the overall performance using an electronic drum kit from which a haptic feed is available. As a third option, a chest-worn transducer is available that takes the audio feed and turns the wearer’s chest cavity into a bass woofer. Anna used the bass transcription. Ben opted for the live interpretation. During ‘Hit me with your rhythm stick’ Anna grabs the hand of her hearing friend Caroline in excitement and puts it on her wrist to feel the bass rhythm. Anna and Ben sign to each other during the first two songs, and decide to swap feeds for the third.

When they hand the equipment back in at the end of the gig, the Stables staff point out that there is a summer workshop being run for hearing impared beginner drummers using a full drum kit and bracelets on all four limbs.","5. What are the components of a musical performance, such as instruments and their roles?",BELOW,ok,0.65,1.1,ok,ok,0.1,0.1,"0

All key content words from the CQ appear in the Scenario:
- ""components"" (implied through discussion of parts)
- ""musical performance"" (explicitly: ""concert,"" ""performance"")
- ""instruments"" (explicitly: ""bass player,"" ""drums,"" ""drum kit"")
- ""roles"" (explicitly: ""bass part,"" ""drums played by,""",0
Polifonia,NeoNGPT_GPT4o,"Anna wants to experience live music with the aid of haptic technology. Anna, who became hearing impaired in later life, attends a concert by The Blockheads at the Stables music venue with a friend Ben who is deaf from birth, and her hearing friend Caroline. In order to enhance their experience of the concert, they decide to use the haptic bracelets offered by the venue. Anna is a big fan of the bass player Norman Watt Roy, whereas her friend is interested in the drums played by John Roberts. For tonight’s performance, the Stables are offering a live automatic haptic transcription of the bass part. The Stables have also hired a musical interpreter for the hearing impaired who will be communicating the overall performance using an electronic drum kit from which a haptic feed is available. As a third option, a chest-worn transducer is available that takes the audio feed and turns the wearer’s chest cavity into a bass woofer. Anna used the bass transcription. Ben opted for the live interpretation. During ‘Hit me with your rhythm stick’ Anna grabs the hand of her hearing friend Caroline in excitement and puts it on her wrist to feel the bass rhythm. Anna and Ben sign to each other during the first two songs, and decide to swap feeds for the third.

When they hand the equipment back in at the end of the gig, the Stables staff point out that there is a summer workshop being run for hearing impared beginner drummers using a full drum kit and bracelets on all four limbs.",6. How do users interact with haptic devices during a live music performance?,BELOW,ok,0.65,1.1,ok,ok,0.1,0.1,"0

All key content words from the CQ appear in the Scenario:
- ""users"" (Anna, Ben, Caroline)
- ""interact"" (use, opted for, swap feeds, grab hand, put on wrist)
- ""haptic"" (haptic bracelets, haptic transcription, haptic feed, haptic devices)
- """,0
Polifonia,NeoNGPT_GPT4o,"Anna wants to experience live music with the aid of haptic technology. Anna, who became hearing impaired in later life, attends a concert by The Blockheads at the Stables music venue with a friend Ben who is deaf from birth, and her hearing friend Caroline. In order to enhance their experience of the concert, they decide to use the haptic bracelets offered by the venue. Anna is a big fan of the bass player Norman Watt Roy, whereas her friend is interested in the drums played by John Roberts. For tonight’s performance, the Stables are offering a live automatic haptic transcription of the bass part. The Stables have also hired a musical interpreter for the hearing impaired who will be communicating the overall performance using an electronic drum kit from which a haptic feed is available. As a third option, a chest-worn transducer is available that takes the audio feed and turns the wearer’s chest cavity into a bass woofer. Anna used the bass transcription. Ben opted for the live interpretation. During ‘Hit me with your rhythm stick’ Anna grabs the hand of her hearing friend Caroline in excitement and puts it on her wrist to feel the bass rhythm. Anna and Ben sign to each other during the first two songs, and decide to swap feeds for the third.

When they hand the equipment back in at the end of the gig, the Stables staff point out that there is a summer workshop being run for hearing impared beginner drummers using a full drum kit and bracelets on all four limbs.",7. What venue offerings are available for hearing-impaired individuals attending live music events?,BELOW,ok,0.65,1.1,ok,ok,0.1,0.1,"0

All key content words from the CQ appear in the Scenario:
- ""venue"" - appears multiple times (e.g., ""the Stables music venue"")
- ""offerings"" - implied by ""offering a live automatic haptic transcription"" and ""available""
- ""available"" - explicitly stated multiple times
- ""hearing-impaired"" -",0
Polifonia,NeoNGPT_GPT4o,"Anna wants to experience live music with the aid of haptic technology. Anna, who became hearing impaired in later life, attends a concert by The Blockheads at the Stables music venue with a friend Ben who is deaf from birth, and her hearing friend Caroline. In order to enhance their experience of the concert, they decide to use the haptic bracelets offered by the venue. Anna is a big fan of the bass player Norman Watt Roy, whereas her friend is interested in the drums played by John Roberts. For tonight’s performance, the Stables are offering a live automatic haptic transcription of the bass part. The Stables have also hired a musical interpreter for the hearing impaired who will be communicating the overall performance using an electronic drum kit from which a haptic feed is available. As a third option, a chest-worn transducer is available that takes the audio feed and turns the wearer’s chest cavity into a bass woofer. Anna used the bass transcription. Ben opted for the live interpretation. During ‘Hit me with your rhythm stick’ Anna grabs the hand of her hearing friend Caroline in excitement and puts it on her wrist to feel the bass rhythm. Anna and Ben sign to each other during the first two songs, and decide to swap feeds for the third.

When they hand the equipment back in at the end of the gig, the Stables staff point out that there is a summer workshop being run for hearing impared beginner drummers using a full drum kit and bracelets on all four limbs.",8. What types of workshops and educational opportunities related to music and haptic technology are available?,BELOW,ok,0.65,1.1,ok,ok,0.1,0.1,"0

All key content words from the CQ appear in the Scenario:
- ""workshops"" → appears in ""summer workshop""
- ""educational"" → implied by ""workshop"" context, and ""learning"" concepts are present
- ""opportunities"" → implied by ""workshop being run""
- ""music"" → appears multiple times
- ""haptic"" → appears multiple",0
Polifonia,NeoNGPT_GPT4o,"Anna wants to experience live music with the aid of haptic technology. Anna, who became hearing impaired in later life, attends a concert by The Blockheads at the Stables music venue with a friend Ben who is deaf from birth, and her hearing friend Caroline. In order to enhance their experience of the concert, they decide to use the haptic bracelets offered by the venue. Anna is a big fan of the bass player Norman Watt Roy, whereas her friend is interested in the drums played by John Roberts. For tonight’s performance, the Stables are offering a live automatic haptic transcription of the bass part. The Stables have also hired a musical interpreter for the hearing impaired who will be communicating the overall performance using an electronic drum kit from which a haptic feed is available. As a third option, a chest-worn transducer is available that takes the audio feed and turns the wearer’s chest cavity into a bass woofer. Anna used the bass transcription. Ben opted for the live interpretation. During ‘Hit me with your rhythm stick’ Anna grabs the hand of her hearing friend Caroline in excitement and puts it on her wrist to feel the bass rhythm. Anna and Ben sign to each other during the first two songs, and decide to swap feeds for the third.

When they hand the equipment back in at the end of the gig, the Stables staff point out that there is a summer workshop being run for hearing impared beginner drummers using a full drum kit and bracelets on all four limbs.",9. How can user feedback on haptic music experiences be captured and represented?,BELOW,ok,0.65,1.1,ok,ok,0.1,0.1,"2: feedback, captured",0
Polifonia,NeoNGPT_GPT4o,"Anna wants to experience live music with the aid of haptic technology. Anna, who became hearing impaired in later life, attends a concert by The Blockheads at the Stables music venue with a friend Ben who is deaf from birth, and her hearing friend Caroline. In order to enhance their experience of the concert, they decide to use the haptic bracelets offered by the venue. Anna is a big fan of the bass player Norman Watt Roy, whereas her friend is interested in the drums played by John Roberts. For tonight’s performance, the Stables are offering a live automatic haptic transcription of the bass part. The Stables have also hired a musical interpreter for the hearing impaired who will be communicating the overall performance using an electronic drum kit from which a haptic feed is available. As a third option, a chest-worn transducer is available that takes the audio feed and turns the wearer’s chest cavity into a bass woofer. Anna used the bass transcription. Ben opted for the live interpretation. During ‘Hit me with your rhythm stick’ Anna grabs the hand of her hearing friend Caroline in excitement and puts it on her wrist to feel the bass rhythm. Anna and Ben sign to each other during the first two songs, and decide to swap feeds for the third.

When they hand the equipment back in at the end of the gig, the Stables staff point out that there is a summer workshop being run for hearing impared beginner drummers using a full drum kit and bracelets on all four limbs.",10. What are the different user profiles and their preferences in the context of music and haptic technology?,BELOW,ok,0.65,1.1,ok,ok,0.1,0.1,"2: user profiles, preferences",0
Polifonia,NeoNGPT_GPT4o,"Anna wants to experience live music with the aid of haptic technology. Anna, who became hearing impaired in later life, attends a concert by The Blockheads at the Stables music venue with a friend Ben who is deaf from birth, and her hearing friend Caroline. In order to enhance their experience of the concert, they decide to use the haptic bracelets offered by the venue. Anna is a big fan of the bass player Norman Watt Roy, whereas her friend is interested in the drums played by John Roberts. For tonight’s performance, the Stables are offering a live automatic haptic transcription of the bass part. The Stables have also hired a musical interpreter for the hearing impaired who will be communicating the overall performance using an electronic drum kit from which a haptic feed is available. As a third option, a chest-worn transducer is available that takes the audio feed and turns the wearer’s chest cavity into a bass woofer. Anna used the bass transcription. Ben opted for the live interpretation. During ‘Hit me with your rhythm stick’ Anna grabs the hand of her hearing friend Caroline in excitement and puts it on her wrist to feel the bass rhythm. Anna and Ben sign to each other during the first two songs, and decide to swap feeds for the third.

When they hand the equipment back in at the end of the gig, the Stables staff point out that there is a summer workshop being run for hearing impared beginner drummers using a full drum kit and bracelets on all four limbs.",11. How can the ontology support the design and development of new haptic devices for music experiences?,BELOW,ok,0.65,1.1,ok,ok,0.1,0.1,1: ontology,0
Polifonia,NeoNGPT_GPT4o,"Anna wants to experience live music with the aid of haptic technology. Anna, who became hearing impaired in later life, attends a concert by The Blockheads at the Stables music venue with a friend Ben who is deaf from birth, and her hearing friend Caroline. In order to enhance their experience of the concert, they decide to use the haptic bracelets offered by the venue. Anna is a big fan of the bass player Norman Watt Roy, whereas her friend is interested in the drums played by John Roberts. For tonight’s performance, the Stables are offering a live automatic haptic transcription of the bass part. The Stables have also hired a musical interpreter for the hearing impaired who will be communicating the overall performance using an electronic drum kit from which a haptic feed is available. As a third option, a chest-worn transducer is available that takes the audio feed and turns the wearer’s chest cavity into a bass woofer. Anna used the bass transcription. Ben opted for the live interpretation. During ‘Hit me with your rhythm stick’ Anna grabs the hand of her hearing friend Caroline in excitement and puts it on her wrist to feel the bass rhythm. Anna and Ben sign to each other during the first two songs, and decide to swap feeds for the third.

When they hand the equipment back in at the end of the gig, the Stables staff point out that there is a summer workshop being run for hearing impared beginner drummers using a full drum kit and bracelets on all four limbs.",12. How can venues be guided to offer accessible music experiences using the ontology?,BELOW,ok,0.65,1.1,ok,ok,0.1,0.1,1: guided,1: accessible
Polifonia,NeoNGPT_GPT4o,"Anna wants to experience live music with the aid of haptic technology. Anna, who became hearing impaired in later life, attends a concert by The Blockheads at the Stables music venue with a friend Ben who is deaf from birth, and her hearing friend Caroline. In order to enhance their experience of the concert, they decide to use the haptic bracelets offered by the venue. Anna is a big fan of the bass player Norman Watt Roy, whereas her friend is interested in the drums played by John Roberts. For tonight’s performance, the Stables are offering a live automatic haptic transcription of the bass part. The Stables have also hired a musical interpreter for the hearing impaired who will be communicating the overall performance using an electronic drum kit from which a haptic feed is available. As a third option, a chest-worn transducer is available that takes the audio feed and turns the wearer’s chest cavity into a bass woofer. Anna used the bass transcription. Ben opted for the live interpretation. During ‘Hit me with your rhythm stick’ Anna grabs the hand of her hearing friend Caroline in excitement and puts it on her wrist to feel the bass rhythm. Anna and Ben sign to each other during the first two songs, and decide to swap feeds for the third.

When they hand the equipment back in at the end of the gig, the Stables staff point out that there is a summer workshop being run for hearing impared beginner drummers using a full drum kit and bracelets on all four limbs.",13. What interaction scenarios exist between users and haptic devices in live music settings?,BELOW,ok,0.65,1.1,ok,ok,0.1,0.1,1: interaction scenarios,0
Polifonia,NeoNGPT_GPT4o,"Anna wants to experience live music with the aid of haptic technology. Anna, who became hearing impaired in later life, attends a concert by The Blockheads at the Stables music venue with a friend Ben who is deaf from birth, and her hearing friend Caroline. In order to enhance their experience of the concert, they decide to use the haptic bracelets offered by the venue. Anna is a big fan of the bass player Norman Watt Roy, whereas her friend is interested in the drums played by John Roberts. For tonight’s performance, the Stables are offering a live automatic haptic transcription of the bass part. The Stables have also hired a musical interpreter for the hearing impaired who will be communicating the overall performance using an electronic drum kit from which a haptic feed is available. As a third option, a chest-worn transducer is available that takes the audio feed and turns the wearer’s chest cavity into a bass woofer. Anna used the bass transcription. Ben opted for the live interpretation. During ‘Hit me with your rhythm stick’ Anna grabs the hand of her hearing friend Caroline in excitement and puts it on her wrist to feel the bass rhythm. Anna and Ben sign to each other during the first two songs, and decide to swap feeds for the third.

When they hand the equipment back in at the end of the gig, the Stables staff point out that there is a summer workshop being run for hearing impared beginner drummers using a full drum kit and bracelets on all four limbs.",14. How can the ontology be extended to include new developments in haptic technology?,BELOW,ok,0.65,1.1,ok,ok,0.1,0.1,1: ontology,0
Polifonia,NeoNGPT_GPT4o,"Anna wants to experience live music with the aid of haptic technology. Anna, who became hearing impaired in later life, attends a concert by The Blockheads at the Stables music venue with a friend Ben who is deaf from birth, and her hearing friend Caroline. In order to enhance their experience of the concert, they decide to use the haptic bracelets offered by the venue. Anna is a big fan of the bass player Norman Watt Roy, whereas her friend is interested in the drums played by John Roberts. For tonight’s performance, the Stables are offering a live automatic haptic transcription of the bass part. The Stables have also hired a musical interpreter for the hearing impaired who will be communicating the overall performance using an electronic drum kit from which a haptic feed is available. As a third option, a chest-worn transducer is available that takes the audio feed and turns the wearer’s chest cavity into a bass woofer. Anna used the bass transcription. Ben opted for the live interpretation. During ‘Hit me with your rhythm stick’ Anna grabs the hand of her hearing friend Caroline in excitement and puts it on her wrist to feel the bass rhythm. Anna and Ben sign to each other during the first two songs, and decide to swap feeds for the third.

When they hand the equipment back in at the end of the gig, the Stables staff point out that there is a summer workshop being run for hearing impared beginner drummers using a full drum kit and bracelets on all four limbs.",15. How does the ontology ensure compatibility with existing ontologies related to music and accessibility?,BELOW,ok,0.65,1.1,ok,ok,0.1,0.1,1: ontology,0
Polifonia,NeoNGPT_GPT4o,"Anna wants to experience live music with the aid of haptic technology. Anna, who became hearing impaired in later life, attends a concert by The Blockheads at the Stables music venue with a friend Ben who is deaf from birth, and her hearing friend Caroline. In order to enhance their experience of the concert, they decide to use the haptic bracelets offered by the venue. Anna is a big fan of the bass player Norman Watt Roy, whereas her friend is interested in the drums played by John Roberts. For tonight’s performance, the Stables are offering a live automatic haptic transcription of the bass part. The Stables have also hired a musical interpreter for the hearing impaired who will be communicating the overall performance using an electronic drum kit from which a haptic feed is available. As a third option, a chest-worn transducer is available that takes the audio feed and turns the wearer’s chest cavity into a bass woofer. Anna used the bass transcription. Ben opted for the live interpretation. During ‘Hit me with your rhythm stick’ Anna grabs the hand of her hearing friend Caroline in excitement and puts it on her wrist to feel the bass rhythm. Anna and Ben sign to each other during the first two songs, and decide to swap feeds for the third.

When they hand the equipment back in at the end of the gig, the Stables staff point out that there is a summer workshop being run for hearing impared beginner drummers using a full drum kit and bracelets on all four limbs.",16. What mechanisms are in place for sharing user experiences and feedback on haptic music experiences?,BELOW,ok,0.65,1.1,ok,ok,0.1,0.1,"3: mechanisms, sharing user experiences, feedback",0
Polifonia,NeoNGPT_GPT4o,"Anna wants to experience live music with the aid of haptic technology. Anna, who became hearing impaired in later life, attends a concert by The Blockheads at the Stables music venue with a friend Ben who is deaf from birth, and her hearing friend Caroline. In order to enhance their experience of the concert, they decide to use the haptic bracelets offered by the venue. Anna is a big fan of the bass player Norman Watt Roy, whereas her friend is interested in the drums played by John Roberts. For tonight’s performance, the Stables are offering a live automatic haptic transcription of the bass part. The Stables have also hired a musical interpreter for the hearing impaired who will be communicating the overall performance using an electronic drum kit from which a haptic feed is available. As a third option, a chest-worn transducer is available that takes the audio feed and turns the wearer’s chest cavity into a bass woofer. Anna used the bass transcription. Ben opted for the live interpretation. During ‘Hit me with your rhythm stick’ Anna grabs the hand of her hearing friend Caroline in excitement and puts it on her wrist to feel the bass rhythm. Anna and Ben sign to each other during the first two songs, and decide to swap feeds for the third.

When they hand the equipment back in at the end of the gig, the Stables staff point out that there is a summer workshop being run for hearing impared beginner drummers using a full drum kit and bracelets on all four limbs.",17. How can the ontology facilitate educational programs for hearing-impaired individuals interested in music?,BELOW,ok,0.65,1.1,ok,ok,0.1,0.1,"2: ontology, educational programs",0
Polifonia,NeoNGPT_GPT4o,"Anna wants to experience live music with the aid of haptic technology. Anna, who became hearing impaired in later life, attends a concert by The Blockheads at the Stables music venue with a friend Ben who is deaf from birth, and her hearing friend Caroline. In order to enhance their experience of the concert, they decide to use the haptic bracelets offered by the venue. Anna is a big fan of the bass player Norman Watt Roy, whereas her friend is interested in the drums played by John Roberts. For tonight’s performance, the Stables are offering a live automatic haptic transcription of the bass part. The Stables have also hired a musical interpreter for the hearing impaired who will be communicating the overall performance using an electronic drum kit from which a haptic feed is available. As a third option, a chest-worn transducer is available that takes the audio feed and turns the wearer’s chest cavity into a bass woofer. Anna used the bass transcription. Ben opted for the live interpretation. During ‘Hit me with your rhythm stick’ Anna grabs the hand of her hearing friend Caroline in excitement and puts it on her wrist to feel the bass rhythm. Anna and Ben sign to each other during the first two songs, and decide to swap feeds for the third.

When they hand the equipment back in at the end of the gig, the Stables staff point out that there is a summer workshop being run for hearing impared beginner drummers using a full drum kit and bracelets on all four limbs.",18. What are the scalability considerations for accommodating new devices and performance types in the ontology?,BELOW,ok,0.65,1.1,ok,ok,0.1,0.1,"3: scalability considerations, accommodating new devices, ontology",0
Polifonia,NeoNGPT_GPT4o,"Anna wants to experience live music with the aid of haptic technology. Anna, who became hearing impaired in later life, attends a concert by The Blockheads at the Stables music venue with a friend Ben who is deaf from birth, and her hearing friend Caroline. In order to enhance their experience of the concert, they decide to use the haptic bracelets offered by the venue. Anna is a big fan of the bass player Norman Watt Roy, whereas her friend is interested in the drums played by John Roberts. For tonight’s performance, the Stables are offering a live automatic haptic transcription of the bass part. The Stables have also hired a musical interpreter for the hearing impaired who will be communicating the overall performance using an electronic drum kit from which a haptic feed is available. As a third option, a chest-worn transducer is available that takes the audio feed and turns the wearer’s chest cavity into a bass woofer. Anna used the bass transcription. Ben opted for the live interpretation. During ‘Hit me with your rhythm stick’ Anna grabs the hand of her hearing friend Caroline in excitement and puts it on her wrist to feel the bass rhythm. Anna and Ben sign to each other during the first two songs, and decide to swap feeds for the third.

When they hand the equipment back in at the end of the gig, the Stables staff point out that there is a summer workshop being run for hearing impared beginner drummers using a full drum kit and bracelets on all four limbs.",19. How can the ontology be used to support research in music accessibility and haptic technology?,BELOW,ok,0.65,1.1,ok,ok,0.1,0.1,1: ontology,0
Polifonia,NeoNGPT_GPT4o,"Anna wants to experience live music with the aid of haptic technology. Anna, who became hearing impaired in later life, attends a concert by The Blockheads at the Stables music venue with a friend Ben who is deaf from birth, and her hearing friend Caroline. In order to enhance their experience of the concert, they decide to use the haptic bracelets offered by the venue. Anna is a big fan of the bass player Norman Watt Roy, whereas her friend is interested in the drums played by John Roberts. For tonight’s performance, the Stables are offering a live automatic haptic transcription of the bass part. The Stables have also hired a musical interpreter for the hearing impaired who will be communicating the overall performance using an electronic drum kit from which a haptic feed is available. As a third option, a chest-worn transducer is available that takes the audio feed and turns the wearer’s chest cavity into a bass woofer. Anna used the bass transcription. Ben opted for the live interpretation. During ‘Hit me with your rhythm stick’ Anna grabs the hand of her hearing friend Caroline in excitement and puts it on her wrist to feel the bass rhythm. Anna and Ben sign to each other during the first two songs, and decide to swap feeds for the third.

When they hand the equipment back in at the end of the gig, the Stables staff point out that there is a summer workshop being run for hearing impared beginner drummers using a full drum kit and bracelets on all four limbs.",20. What are the performance requirements for efficient querying and reasoning in live music settings?,BELOW,ok,0.65,1.1,ok,ok,0.1,0.1,"3: performance requirements, efficient querying, reasoning",1: efficient
Polifonia,NeoNGPT_GPT4o,"David is interested in understanding the social history of music, e.g. who were the musicians, who was the audience, how did a particular musical environment relate to the wider musical environment. He has a particular interest in understanding the environment around music which would not be classified as 'elite' music. He is also interested in people's experience of listening to music. David will work for several years collecting information, e.g. about brass bands, and populating a database with this information, as a preparation for writing a book. David's work could be helped by:

sonic visualization, e.g. to recognise 'thumbprints' to identify the composer of a piece of music;

search of document database using RDF annotations and query-time reasoning;

NLP, e.g. to suggest relevant keywords for annotation; including using some semantics, e.g. proposing an annotation which does not occur in the text.",What are the defining characteristics of non-elite music environments throughout history?,ok,ok,0.88,1.0,ABOVE,ABOVE,0.88,1.06,1: throughout history,1: non-elite
Polifonia,NeoNGPT_GPT4o,"David is interested in understanding the social history of music, e.g. who were the musicians, who was the audience, how did a particular musical environment relate to the wider musical environment. He has a particular interest in understanding the environment around music which would not be classified as 'elite' music. He is also interested in people's experience of listening to music. David will work for several years collecting information, e.g. about brass bands, and populating a database with this information, as a preparation for writing a book. David's work could be helped by:

sonic visualization, e.g. to recognise 'thumbprints' to identify the composer of a piece of music;

search of document database using RDF annotations and query-time reasoning;

NLP, e.g. to suggest relevant keywords for annotation; including using some semantics, e.g. proposing an annotation which does not occur in the text.",Who are the musicians associated with specific non-elite music environments?,ok,ok,0.88,1.0,ABOVE,ABOVE,0.88,1.06,0,1: non-elite
Polifonia,NeoNGPT_GPT4o,"David is interested in understanding the social history of music, e.g. who were the musicians, who was the audience, how did a particular musical environment relate to the wider musical environment. He has a particular interest in understanding the environment around music which would not be classified as 'elite' music. He is also interested in people's experience of listening to music. David will work for several years collecting information, e.g. about brass bands, and populating a database with this information, as a preparation for writing a book. David's work could be helped by:

sonic visualization, e.g. to recognise 'thumbprints' to identify the composer of a piece of music;

search of document database using RDF annotations and query-time reasoning;

NLP, e.g. to suggest relevant keywords for annotation; including using some semantics, e.g. proposing an annotation which does not occur in the text.",What are the relationships between musicians and their audiences in non-elite music settings?,ok,ok,0.88,1.0,ABOVE,ABOVE,0.88,1.06,1: relationships,1: non-elite
Polifonia,NeoNGPT_GPT4o,"David is interested in understanding the social history of music, e.g. who were the musicians, who was the audience, how did a particular musical environment relate to the wider musical environment. He has a particular interest in understanding the environment around music which would not be classified as 'elite' music. He is also interested in people's experience of listening to music. David will work for several years collecting information, e.g. about brass bands, and populating a database with this information, as a preparation for writing a book. David's work could be helped by:

sonic visualization, e.g. to recognise 'thumbprints' to identify the composer of a piece of music;

search of document database using RDF annotations and query-time reasoning;

NLP, e.g. to suggest relevant keywords for annotation; including using some semantics, e.g. proposing an annotation which does not occur in the text.",How do different non-elite music environments relate to each other contextually?,ok,ok,0.88,1.0,ABOVE,ABOVE,0.88,1.06,1: contextually,1: non-elite
Polifonia,NeoNGPT_GPT4o,"David is interested in understanding the social history of music, e.g. who were the musicians, who was the audience, how did a particular musical environment relate to the wider musical environment. He has a particular interest in understanding the environment around music which would not be classified as 'elite' music. He is also interested in people's experience of listening to music. David will work for several years collecting information, e.g. about brass bands, and populating a database with this information, as a preparation for writing a book. David's work could be helped by:

sonic visualization, e.g. to recognise 'thumbprints' to identify the composer of a piece of music;

search of document database using RDF annotations and query-time reasoning;

NLP, e.g. to suggest relevant keywords for annotation; including using some semantics, e.g. proposing an annotation which does not occur in the text.",What are the documented experiences and perceptions of people listening to non-elite music?,ok,ok,0.88,1.0,ABOVE,ABOVE,0.88,1.06,0,1: non-elite
Polifonia,NeoNGPT_GPT4o,"David is interested in understanding the social history of music, e.g. who were the musicians, who was the audience, how did a particular musical environment relate to the wider musical environment. He has a particular interest in understanding the environment around music which would not be classified as 'elite' music. He is also interested in people's experience of listening to music. David will work for several years collecting information, e.g. about brass bands, and populating a database with this information, as a preparation for writing a book. David's work could be helped by:

sonic visualization, e.g. to recognise 'thumbprints' to identify the composer of a piece of music;

search of document database using RDF annotations and query-time reasoning;

NLP, e.g. to suggest relevant keywords for annotation; including using some semantics, e.g. proposing an annotation which does not occur in the text.","What metadata is available for specific pieces of non-elite music, including sonic characteristics and composer identification?",ok,ok,0.88,1.0,ABOVE,ABOVE,0.88,1.06,1: metadata,1: non-elite
Polifonia,NeoNGPT_GPT4o,"David is interested in understanding the social history of music, e.g. who were the musicians, who was the audience, how did a particular musical environment relate to the wider musical environment. He has a particular interest in understanding the environment around music which would not be classified as 'elite' music. He is also interested in people's experience of listening to music. David will work for several years collecting information, e.g. about brass bands, and populating a database with this information, as a preparation for writing a book. David's work could be helped by:

sonic visualization, e.g. to recognise 'thumbprints' to identify the composer of a piece of music;

search of document database using RDF annotations and query-time reasoning;

NLP, e.g. to suggest relevant keywords for annotation; including using some semantics, e.g. proposing an annotation which does not occur in the text.",How can non-elite music documents be semantically annotated with relevant concepts and relationships?,ok,ok,0.88,1.0,ABOVE,ABOVE,0.88,1.06,1: semantically annotated,"2: non-elite, relevant"
Polifonia,NeoNGPT_GPT4o,"David is interested in understanding the social history of music, e.g. who were the musicians, who was the audience, how did a particular musical environment relate to the wider musical environment. He has a particular interest in understanding the environment around music which would not be classified as 'elite' music. He is also interested in people's experience of listening to music. David will work for several years collecting information, e.g. about brass bands, and populating a database with this information, as a preparation for writing a book. David's work could be helped by:

sonic visualization, e.g. to recognise 'thumbprints' to identify the composer of a piece of music;

search of document database using RDF annotations and query-time reasoning;

NLP, e.g. to suggest relevant keywords for annotation; including using some semantics, e.g. proposing an annotation which does not occur in the text.",What complex queries can be performed using RDF annotations to extract information about non-elite music?,ok,ok,0.88,1.0,ABOVE,ABOVE,0.88,1.06,1: complex queries,1: non-elite
Polifonia,NeoNGPT_GPT4o,"David is interested in understanding the social history of music, e.g. who were the musicians, who was the audience, how did a particular musical environment relate to the wider musical environment. He has a particular interest in understanding the environment around music which would not be classified as 'elite' music. He is also interested in people's experience of listening to music. David will work for several years collecting information, e.g. about brass bands, and populating a database with this information, as a preparation for writing a book. David's work could be helped by:

sonic visualization, e.g. to recognise 'thumbprints' to identify the composer of a piece of music;

search of document database using RDF annotations and query-time reasoning;

NLP, e.g. to suggest relevant keywords for annotation; including using some semantics, e.g. proposing an annotation which does not occur in the text.",How can reasoning be applied to infer new knowledge about non-elite music from existing data?,ok,ok,0.88,1.0,ABOVE,ABOVE,0.88,1.06,1: reasoning,1: non-elite
Polifonia,NeoNGPT_GPT4o,"David is interested in understanding the social history of music, e.g. who were the musicians, who was the audience, how did a particular musical environment relate to the wider musical environment. He has a particular interest in understanding the environment around music which would not be classified as 'elite' music. He is also interested in people's experience of listening to music. David will work for several years collecting information, e.g. about brass bands, and populating a database with this information, as a preparation for writing a book. David's work could be helped by:

sonic visualization, e.g. to recognise 'thumbprints' to identify the composer of a piece of music;

search of document database using RDF annotations and query-time reasoning;

NLP, e.g. to suggest relevant keywords for annotation; including using some semantics, e.g. proposing an annotation which does not occur in the text.",What mechanisms are available for integrating NLP tools to suggest annotations and keywords for non-elite music documents?,ok,ok,0.88,1.0,ABOVE,ABOVE,0.88,1.06,1: mechanisms,1: non-elite
Polifonia,NeoNGPT_GPT4o,"David is interested in understanding the social history of music, e.g. who were the musicians, who was the audience, how did a particular musical environment relate to the wider musical environment. He has a particular interest in understanding the environment around music which would not be classified as 'elite' music. He is also interested in people's experience of listening to music. David will work for several years collecting information, e.g. about brass bands, and populating a database with this information, as a preparation for writing a book. David's work could be helped by:

sonic visualization, e.g. to recognise 'thumbprints' to identify the composer of a piece of music;

search of document database using RDF annotations and query-time reasoning;

NLP, e.g. to suggest relevant keywords for annotation; including using some semantics, e.g. proposing an annotation which does not occur in the text.",How can sonic characteristics of non-elite music be represented for visualization and analysis?,ok,ok,0.88,1.0,ABOVE,ABOVE,0.88,1.06,1: sonic characteristics,1: non-elite
Polifonia,NeoNGPT_GPT4o,"David is interested in understanding the social history of music, e.g. who were the musicians, who was the audience, how did a particular musical environment relate to the wider musical environment. He has a particular interest in understanding the environment around music which would not be classified as 'elite' music. He is also interested in people's experience of listening to music. David will work for several years collecting information, e.g. about brass bands, and populating a database with this information, as a preparation for writing a book. David's work could be helped by:

sonic visualization, e.g. to recognise 'thumbprints' to identify the composer of a piece of music;

search of document database using RDF annotations and query-time reasoning;

NLP, e.g. to suggest relevant keywords for annotation; including using some semantics, e.g. proposing an annotation which does not occur in the text.",What existing music databases and ontologies are compatible for data integration with this ontology?,ok,ok,0.88,1.0,ABOVE,ABOVE,0.88,1.06,1: existing music databases and ontologies,0
Polifonia,NeoNGPT_GPT4o,"David is interested in understanding the social history of music, e.g. who were the musicians, who was the audience, how did a particular musical environment relate to the wider musical environment. He has a particular interest in understanding the environment around music which would not be classified as 'elite' music. He is also interested in people's experience of listening to music. David will work for several years collecting information, e.g. about brass bands, and populating a database with this information, as a preparation for writing a book. David's work could be helped by:

sonic visualization, e.g. to recognise 'thumbprints' to identify the composer of a piece of music;

search of document database using RDF annotations and query-time reasoning;

NLP, e.g. to suggest relevant keywords for annotation; including using some semantics, e.g. proposing an annotation which does not occur in the text.",How can the ontology be extended or modified to accommodate new findings in the study of non-elite music?,ok,ok,0.88,1.0,ABOVE,ABOVE,0.88,1.06,1: ontology,1: non-elite
Polifonia,NeoNGPT_GPT4o,"David is interested in understanding the social history of music, e.g. who were the musicians, who was the audience, how did a particular musical environment relate to the wider musical environment. He has a particular interest in understanding the environment around music which would not be classified as 'elite' music. He is also interested in people's experience of listening to music. David will work for several years collecting information, e.g. about brass bands, and populating a database with this information, as a preparation for writing a book. David's work could be helped by:

sonic visualization, e.g. to recognise 'thumbprints' to identify the composer of a piece of music;

search of document database using RDF annotations and query-time reasoning;

NLP, e.g. to suggest relevant keywords for annotation; including using some semantics, e.g. proposing an annotation which does not occur in the text.",What are the best practices for ensuring the ontology's usability for non-technical users like historians and musicologists?,ok,ok,0.88,1.0,ABOVE,ABOVE,0.88,1.06,1: best practices,"2: best practices, usability"
Polifonia,NeoNGPT_GPT4o,"David is interested in understanding the social history of music, e.g. who were the musicians, who was the audience, how did a particular musical environment relate to the wider musical environment. He has a particular interest in understanding the environment around music which would not be classified as 'elite' music. He is also interested in people's experience of listening to music. David will work for several years collecting information, e.g. about brass bands, and populating a database with this information, as a preparation for writing a book. David's work could be helped by:

sonic visualization, e.g. to recognise 'thumbprints' to identify the composer of a piece of music;

search of document database using RDF annotations and query-time reasoning;

NLP, e.g. to suggest relevant keywords for annotation; including using some semantics, e.g. proposing an annotation which does not occur in the text.",How does the ontology ensure efficient processing of queries and reasoning tasks related to non-elite music?,ok,ok,0.88,1.0,ABOVE,ABOVE,0.88,1.06,1: ontology,"2: efficient, non-elite"
Polifonia,NeoNGPT_GPT4o,"David is interested in understanding the social history of music, e.g. who were the musicians, who was the audience, how did a particular musical environment relate to the wider musical environment. He has a particular interest in understanding the environment around music which would not be classified as 'elite' music. He is also interested in people's experience of listening to music. David will work for several years collecting information, e.g. about brass bands, and populating a database with this information, as a preparation for writing a book. David's work could be helped by:

sonic visualization, e.g. to recognise 'thumbprints' to identify the composer of a piece of music;

search of document database using RDF annotations and query-time reasoning;

NLP, e.g. to suggest relevant keywords for annotation; including using some semantics, e.g. proposing an annotation which does not occur in the text.",What standards are followed to maintain interoperability with other ontology and data exchange formats?,ok,ok,0.88,1.0,ABOVE,ABOVE,0.88,1.06,"3: standards, interoperability, data exchange formats",0
Polifonia,NeoNGPT_GPT4o,"Ortenz would like to have a system for visualising events (meetings of composers and musicians) in time and space in order to track musicians' careers, their overlap and intersections, gathering trends in time and space, and making emerge patterns of knowledge transmission.Ortenz is supervising a PhD student. They want to explore a database of prosopographic information of personalities relevant to the musical cultural heritage, focusing primarily on musicians' career but also involving relevant people in sectors such as art, politics, and industry. They are interested in the events and facts nad how they are linked to the sources (biographies, letters, memoirs, encyclopedia). She wants the system to allow her to make annotations on the content, rate the quality of the sources and the accuracy of the statements, and curate collections of facts/statements/events as material for scholarship. 
    Wikipedia
    DBpedia
    Wikidata",What events involved a specific composer or musician?,BELOW,BELOW,0.56,0.72,ok,ok,0.11,0.17,0,0
Polifonia,NeoNGPT_GPT4o,"Ortenz would like to have a system for visualising events (meetings of composers and musicians) in time and space in order to track musicians' careers, their overlap and intersections, gathering trends in time and space, and making emerge patterns of knowledge transmission.Ortenz is supervising a PhD student. They want to explore a database of prosopographic information of personalities relevant to the musical cultural heritage, focusing primarily on musicians' career but also involving relevant people in sectors such as art, politics, and industry. They are interested in the events and facts nad how they are linked to the sources (biographies, letters, memoirs, encyclopedia). She wants the system to allow her to make annotations on the content, rate the quality of the sources and the accuracy of the statements, and curate collections of facts/statements/events as material for scholarship. 
    Wikipedia
    DBpedia
    Wikidata",What are the temporal and spatial details of a given musical event?,BELOW,BELOW,0.56,0.72,ok,ok,0.11,0.17,0,0
Polifonia,NeoNGPT_GPT4o,"Ortenz would like to have a system for visualising events (meetings of composers and musicians) in time and space in order to track musicians' careers, their overlap and intersections, gathering trends in time and space, and making emerge patterns of knowledge transmission.Ortenz is supervising a PhD student. They want to explore a database of prosopographic information of personalities relevant to the musical cultural heritage, focusing primarily on musicians' career but also involving relevant people in sectors such as art, politics, and industry. They are interested in the events and facts nad how they are linked to the sources (biographies, letters, memoirs, encyclopedia). She wants the system to allow her to make annotations on the content, rate the quality of the sources and the accuracy of the statements, and curate collections of facts/statements/events as material for scholarship. 
    Wikipedia
    DBpedia
    Wikidata",How did the career path of a particular musician evolve over time?,BELOW,BELOW,0.56,0.72,ok,ok,0.11,0.17,0,0
Polifonia,NeoNGPT_GPT4o,"Ortenz would like to have a system for visualising events (meetings of composers and musicians) in time and space in order to track musicians' careers, their overlap and intersections, gathering trends in time and space, and making emerge patterns of knowledge transmission.Ortenz is supervising a PhD student. They want to explore a database of prosopographic information of personalities relevant to the musical cultural heritage, focusing primarily on musicians' career but also involving relevant people in sectors such as art, politics, and industry. They are interested in the events and facts nad how they are linked to the sources (biographies, letters, memoirs, encyclopedia). She wants the system to allow her to make annotations on the content, rate the quality of the sources and the accuracy of the statements, and curate collections of facts/statements/events as material for scholarship. 
    Wikipedia
    DBpedia
    Wikidata",What are the known relationships and interactions between two specific musicians or composers?,BELOW,BELOW,0.56,0.72,ok,ok,0.11,0.17,1: interactions,0
Polifonia,NeoNGPT_GPT4o,"Ortenz would like to have a system for visualising events (meetings of composers and musicians) in time and space in order to track musicians' careers, their overlap and intersections, gathering trends in time and space, and making emerge patterns of knowledge transmission.Ortenz is supervising a PhD student. They want to explore a database of prosopographic information of personalities relevant to the musical cultural heritage, focusing primarily on musicians' career but also involving relevant people in sectors such as art, politics, and industry. They are interested in the events and facts nad how they are linked to the sources (biographies, letters, memoirs, encyclopedia). She wants the system to allow her to make annotations on the content, rate the quality of the sources and the accuracy of the statements, and curate collections of facts/statements/events as material for scholarship. 
    Wikipedia
    DBpedia
    Wikidata",Which sources provide information about a particular musical event or individual?,BELOW,BELOW,0.56,0.72,ok,ok,0.11,0.17,0,0
Polifonia,NeoNGPT_GPT4o,"Ortenz would like to have a system for visualising events (meetings of composers and musicians) in time and space in order to track musicians' careers, their overlap and intersections, gathering trends in time and space, and making emerge patterns of knowledge transmission.Ortenz is supervising a PhD student. They want to explore a database of prosopographic information of personalities relevant to the musical cultural heritage, focusing primarily on musicians' career but also involving relevant people in sectors such as art, politics, and industry. They are interested in the events and facts nad how they are linked to the sources (biographies, letters, memoirs, encyclopedia). She wants the system to allow her to make annotations on the content, rate the quality of the sources and the accuracy of the statements, and curate collections of facts/statements/events as material for scholarship. 
    Wikipedia
    DBpedia
    Wikidata",What annotations and quality ratings are associated with a specific source or statement?,BELOW,BELOW,0.56,0.72,ok,ok,0.11,0.17,0,"2: quality, annotations"
Polifonia,NeoNGPT_GPT4o,"Ortenz would like to have a system for visualising events (meetings of composers and musicians) in time and space in order to track musicians' careers, their overlap and intersections, gathering trends in time and space, and making emerge patterns of knowledge transmission.Ortenz is supervising a PhD student. They want to explore a database of prosopographic information of personalities relevant to the musical cultural heritage, focusing primarily on musicians' career but also involving relevant people in sectors such as art, politics, and industry. They are interested in the events and facts nad how they are linked to the sources (biographies, letters, memoirs, encyclopedia). She wants the system to allow her to make annotations on the content, rate the quality of the sources and the accuracy of the statements, and curate collections of facts/statements/events as material for scholarship. 
    Wikipedia
    DBpedia
    Wikidata",What curated collections include facts or events related to a specific composer or musician?,BELOW,BELOW,0.56,0.72,ok,ok,0.11,0.17,0,1: curated
Polifonia,NeoNGPT_GPT4o,"Ortenz would like to have a system for visualising events (meetings of composers and musicians) in time and space in order to track musicians' careers, their overlap and intersections, gathering trends in time and space, and making emerge patterns of knowledge transmission.Ortenz is supervising a PhD student. They want to explore a database of prosopographic information of personalities relevant to the musical cultural heritage, focusing primarily on musicians' career but also involving relevant people in sectors such as art, politics, and industry. They are interested in the events and facts nad how they are linked to the sources (biographies, letters, memoirs, encyclopedia). She wants the system to allow her to make annotations on the content, rate the quality of the sources and the accuracy of the statements, and curate collections of facts/statements/events as material for scholarship. 
    Wikipedia
    DBpedia
    Wikidata","How do musical events correlate with historical events in art, politics, or industry?",BELOW,BELOW,0.56,0.72,ok,ok,0.11,0.17,1: correlate,0
Polifonia,NeoNGPT_GPT4o,"Ortenz would like to have a system for visualising events (meetings of composers and musicians) in time and space in order to track musicians' careers, their overlap and intersections, gathering trends in time and space, and making emerge patterns of knowledge transmission.Ortenz is supervising a PhD student. They want to explore a database of prosopographic information of personalities relevant to the musical cultural heritage, focusing primarily on musicians' career but also involving relevant people in sectors such as art, politics, and industry. They are interested in the events and facts nad how they are linked to the sources (biographies, letters, memoirs, encyclopedia). She wants the system to allow her to make annotations on the content, rate the quality of the sources and the accuracy of the statements, and curate collections of facts/statements/events as material for scholarship. 
    Wikipedia
    DBpedia
    Wikidata",What are the patterns of knowledge transmission among musicians and composers over a specific period?,BELOW,BELOW,0.56,0.72,ok,ok,0.11,0.17,1: specific period,0
Polifonia,NeoNGPT_GPT4o,"Ortenz would like to have a system for visualising events (meetings of composers and musicians) in time and space in order to track musicians' careers, their overlap and intersections, gathering trends in time and space, and making emerge patterns of knowledge transmission.Ortenz is supervising a PhD student. They want to explore a database of prosopographic information of personalities relevant to the musical cultural heritage, focusing primarily on musicians' career but also involving relevant people in sectors such as art, politics, and industry. They are interested in the events and facts nad how they are linked to the sources (biographies, letters, memoirs, encyclopedia). She wants the system to allow her to make annotations on the content, rate the quality of the sources and the accuracy of the statements, and curate collections of facts/statements/events as material for scholarship. 
    Wikipedia
    DBpedia
    Wikidata",How can prosopographic information about a musician be linked to their events and interactions?,BELOW,BELOW,0.56,0.72,ok,ok,0.11,0.17,0,0
Polifonia,NeoNGPT_GPT4o,"Ortenz would like to have a system for visualising events (meetings of composers and musicians) in time and space in order to track musicians' careers, their overlap and intersections, gathering trends in time and space, and making emerge patterns of knowledge transmission.Ortenz is supervising a PhD student. They want to explore a database of prosopographic information of personalities relevant to the musical cultural heritage, focusing primarily on musicians' career but also involving relevant people in sectors such as art, politics, and industry. They are interested in the events and facts nad how they are linked to the sources (biographies, letters, memoirs, encyclopedia). She wants the system to allow her to make annotations on the content, rate the quality of the sources and the accuracy of the statements, and curate collections of facts/statements/events as material for scholarship. 
    Wikipedia
    DBpedia
    Wikidata",What are the trends in musical events across different geographical locations?,BELOW,BELOW,0.56,0.72,ok,ok,0.11,0.17,1: geographical locations,0
Polifonia,NeoNGPT_GPT4o,"Ortenz would like to have a system for visualising events (meetings of composers and musicians) in time and space in order to track musicians' careers, their overlap and intersections, gathering trends in time and space, and making emerge patterns of knowledge transmission.Ortenz is supervising a PhD student. They want to explore a database of prosopographic information of personalities relevant to the musical cultural heritage, focusing primarily on musicians' career but also involving relevant people in sectors such as art, politics, and industry. They are interested in the events and facts nad how they are linked to the sources (biographies, letters, memoirs, encyclopedia). She wants the system to allow her to make annotations on the content, rate the quality of the sources and the accuracy of the statements, and curate collections of facts/statements/events as material for scholarship. 
    Wikipedia
    DBpedia
    Wikidata",How can specific facts or statements be retrieved based on complex query criteria?,BELOW,BELOW,0.56,0.72,ok,ok,0.11,0.17,1: complex query criteria,0
Polifonia,NeoNGPT_GPT4o,"Ortenz would like to have a system for visualising events (meetings of composers and musicians) in time and space in order to track musicians' careers, their overlap and intersections, gathering trends in time and space, and making emerge patterns of knowledge transmission.Ortenz is supervising a PhD student. They want to explore a database of prosopographic information of personalities relevant to the musical cultural heritage, focusing primarily on musicians' career but also involving relevant people in sectors such as art, politics, and industry. They are interested in the events and facts nad how they are linked to the sources (biographies, letters, memoirs, encyclopedia). She wants the system to allow her to make annotations on the content, rate the quality of the sources and the accuracy of the statements, and curate collections of facts/statements/events as material for scholarship. 
    Wikipedia
    DBpedia
    Wikidata",What are the overlaps and intersections in the careers of two or more musicians?,BELOW,BELOW,0.56,0.72,ok,ok,0.11,0.17,0,0
Polifonia,NeoNGPT_GPT4o,"Ortenz would like to have a system for visualising events (meetings of composers and musicians) in time and space in order to track musicians' careers, their overlap and intersections, gathering trends in time and space, and making emerge patterns of knowledge transmission.Ortenz is supervising a PhD student. They want to explore a database of prosopographic information of personalities relevant to the musical cultural heritage, focusing primarily on musicians' career but also involving relevant people in sectors such as art, politics, and industry. They are interested in the events and facts nad how they are linked to the sources (biographies, letters, memoirs, encyclopedia). She wants the system to allow her to make annotations on the content, rate the quality of the sources and the accuracy of the statements, and curate collections of facts/statements/events as material for scholarship. 
    Wikipedia
    DBpedia
    Wikidata",How can the ontology be extended to include new data sources or domains?,BELOW,BELOW,0.56,0.72,ok,ok,0.11,0.17,1: ontology,0
Polifonia,NeoNGPT_GPT4o,"Ortenz would like to have a system for visualising events (meetings of composers and musicians) in time and space in order to track musicians' careers, their overlap and intersections, gathering trends in time and space, and making emerge patterns of knowledge transmission.Ortenz is supervising a PhD student. They want to explore a database of prosopographic information of personalities relevant to the musical cultural heritage, focusing primarily on musicians' career but also involving relevant people in sectors such as art, politics, and industry. They are interested in the events and facts nad how they are linked to the sources (biographies, letters, memoirs, encyclopedia). She wants the system to allow her to make annotations on the content, rate the quality of the sources and the accuracy of the statements, and curate collections of facts/statements/events as material for scholarship. 
    Wikipedia
    DBpedia
    Wikidata",What are the security measures in place to ensure data integrity and access control?,BELOW,BELOW,0.56,0.72,ok,ok,0.11,0.17,"3: security measures, data integrity, access control",0
Polifonia,NeoNGPT_GPT4o,"Ortenz would like to have a system for visualising events (meetings of composers and musicians) in time and space in order to track musicians' careers, their overlap and intersections, gathering trends in time and space, and making emerge patterns of knowledge transmission.Ortenz is supervising a PhD student. They want to explore a database of prosopographic information of personalities relevant to the musical cultural heritage, focusing primarily on musicians' career but also involving relevant people in sectors such as art, politics, and industry. They are interested in the events and facts nad how they are linked to the sources (biographies, letters, memoirs, encyclopedia). She wants the system to allow her to make annotations on the content, rate the quality of the sources and the accuracy of the statements, and curate collections of facts/statements/events as material for scholarship. 
    Wikipedia
    DBpedia
    Wikidata","How does the ontology ensure compatibility with existing datasets like Wikipedia, DBpedia, and Wikidata?",BELOW,BELOW,0.56,0.72,ok,ok,0.11,0.17,1: compatibility,0
Polifonia,NeoNGPT_GPT4o,"Ortenz would like to have a system for visualising events (meetings of composers and musicians) in time and space in order to track musicians' careers, their overlap and intersections, gathering trends in time and space, and making emerge patterns of knowledge transmission.Ortenz is supervising a PhD student. They want to explore a database of prosopographic information of personalities relevant to the musical cultural heritage, focusing primarily on musicians' career but also involving relevant people in sectors such as art, politics, and industry. They are interested in the events and facts nad how they are linked to the sources (biographies, letters, memoirs, encyclopedia). She wants the system to allow her to make annotations on the content, rate the quality of the sources and the accuracy of the statements, and curate collections of facts/statements/events as material for scholarship. 
    Wikipedia
    DBpedia
    Wikidata",What are the usability features available for researchers with varying technical expertise?,BELOW,BELOW,0.56,0.72,ok,ok,0.11,0.17,1: usability features,0
Polifonia,NeoNGPT_GPT4o,"Ortenz would like to have a system for visualising events (meetings of composers and musicians) in time and space in order to track musicians' careers, their overlap and intersections, gathering trends in time and space, and making emerge patterns of knowledge transmission.Ortenz is supervising a PhD student. They want to explore a database of prosopographic information of personalities relevant to the musical cultural heritage, focusing primarily on musicians' career but also involving relevant people in sectors such as art, politics, and industry. They are interested in the events and facts nad how they are linked to the sources (biographies, letters, memoirs, encyclopedia). She wants the system to allow her to make annotations on the content, rate the quality of the sources and the accuracy of the statements, and curate collections of facts/statements/events as material for scholarship. 
    Wikipedia
    DBpedia
    Wikidata",How is the ontology maintained and updated with new data and requirements?,BELOW,BELOW,0.56,0.72,ok,ok,0.11,0.17,"2: ontology, maintained and updated",0
Polifonia,NeoNGPT_GPT4o,"Sophia’s original qualifications, and her Ph.D., were in music and she is also a practising musician. She is a musicologist working in the music department of a university. She has a particular interest in late 16th to 18th century music, specifically that of a particular composer living and working in Rome, Wien (Haydn, Mozart, Beethoven) London and Paris. As musician and historian, Sophia needs to study the instrumentation of a musical composition of the 18th century in order to organize a music festival that compares philological and modern performances and that proposes music compositions of that time with a completely new orchestration. To do this, she needs detailed informations about musical instruments, ancient and modern: how they were used in the original compositions and in the 18th century, to which instrument family each instrument belongs, in which instruments combination they have been used in musical compositions from any era. For each instrument Sophia will have to take into account these important properties: the timbre or range of timbres; the range of pitches; the dynamic range. Sophia is also interested to know the instrument's notation.",What are the historical and modern versions of a specific musical instrument from the late 16th to 18th century?,ABOVE,ABOVE,1.0,2.73,ABOVE,ABOVE,0.73,0.73,"2: versions, specific",1: specific
Polifonia,NeoNGPT_GPT4o,"Sophia’s original qualifications, and her Ph.D., were in music and she is also a practising musician. She is a musicologist working in the music department of a university. She has a particular interest in late 16th to 18th century music, specifically that of a particular composer living and working in Rome, Wien (Haydn, Mozart, Beethoven) London and Paris. As musician and historian, Sophia needs to study the instrumentation of a musical composition of the 18th century in order to organize a music festival that compares philological and modern performances and that proposes music compositions of that time with a completely new orchestration. To do this, she needs detailed informations about musical instruments, ancient and modern: how they were used in the original compositions and in the 18th century, to which instrument family each instrument belongs, in which instruments combination they have been used in musical compositions from any era. For each instrument Sophia will have to take into account these important properties: the timbre or range of timbres; the range of pitches; the dynamic range. Sophia is also interested to know the instrument's notation.","What are the detailed properties of a given musical instrument, including timbre, pitch range, dynamic range, and notation?",ABOVE,ABOVE,1.0,2.73,ABOVE,ABOVE,0.73,0.73,1: properties,0
Polifonia,NeoNGPT_GPT4o,"Sophia’s original qualifications, and her Ph.D., were in music and she is also a practising musician. She is a musicologist working in the music department of a university. She has a particular interest in late 16th to 18th century music, specifically that of a particular composer living and working in Rome, Wien (Haydn, Mozart, Beethoven) London and Paris. As musician and historian, Sophia needs to study the instrumentation of a musical composition of the 18th century in order to organize a music festival that compares philological and modern performances and that proposes music compositions of that time with a completely new orchestration. To do this, she needs detailed informations about musical instruments, ancient and modern: how they were used in the original compositions and in the 18th century, to which instrument family each instrument belongs, in which instruments combination they have been used in musical compositions from any era. For each instrument Sophia will have to take into account these important properties: the timbre or range of timbres; the range of pitches; the dynamic range. Sophia is also interested to know the instrument's notation.","Which instrument families does a specific instrument belong to, and what are their roles in compositions?",ABOVE,ABOVE,1.0,2.73,ABOVE,ABOVE,0.73,0.73,"2: specific, roles",1: specific
Polifonia,NeoNGPT_GPT4o,"Sophia’s original qualifications, and her Ph.D., were in music and she is also a practising musician. She is a musicologist working in the music department of a university. She has a particular interest in late 16th to 18th century music, specifically that of a particular composer living and working in Rome, Wien (Haydn, Mozart, Beethoven) London and Paris. As musician and historian, Sophia needs to study the instrumentation of a musical composition of the 18th century in order to organize a music festival that compares philological and modern performances and that proposes music compositions of that time with a completely new orchestration. To do this, she needs detailed informations about musical instruments, ancient and modern: how they were used in the original compositions and in the 18th century, to which instrument family each instrument belongs, in which instruments combination they have been used in musical compositions from any era. For each instrument Sophia will have to take into account these important properties: the timbre or range of timbres; the range of pitches; the dynamic range. Sophia is also interested to know the instrument's notation.",What are the combinations of instruments used in a specific composition from any era?,ABOVE,ABOVE,1.0,2.73,ABOVE,ABOVE,0.73,0.73,1: specific,1: specific
Polifonia,NeoNGPT_GPT4o,"Sophia’s original qualifications, and her Ph.D., were in music and she is also a practising musician. She is a musicologist working in the music department of a university. She has a particular interest in late 16th to 18th century music, specifically that of a particular composer living and working in Rome, Wien (Haydn, Mozart, Beethoven) London and Paris. As musician and historian, Sophia needs to study the instrumentation of a musical composition of the 18th century in order to organize a music festival that compares philological and modern performances and that proposes music compositions of that time with a completely new orchestration. To do this, she needs detailed informations about musical instruments, ancient and modern: how they were used in the original compositions and in the 18th century, to which instrument family each instrument belongs, in which instruments combination they have been used in musical compositions from any era. For each instrument Sophia will have to take into account these important properties: the timbre or range of timbres; the range of pitches; the dynamic range. Sophia is also interested to know the instrument's notation.","Who are the composers active in Rome, Vienna, London, and Paris during the late 16th to 18th century, and what are their notable works?",ABOVE,ABOVE,1.0,2.73,ABOVE,ABOVE,0.73,0.73,"2: active, notable",1: notable
Polifonia,NeoNGPT_GPT4o,"Sophia’s original qualifications, and her Ph.D., were in music and she is also a practising musician. She is a musicologist working in the music department of a university. She has a particular interest in late 16th to 18th century music, specifically that of a particular composer living and working in Rome, Wien (Haydn, Mozart, Beethoven) London and Paris. As musician and historian, Sophia needs to study the instrumentation of a musical composition of the 18th century in order to organize a music festival that compares philological and modern performances and that proposes music compositions of that time with a completely new orchestration. To do this, she needs detailed informations about musical instruments, ancient and modern: how they were used in the original compositions and in the 18th century, to which instrument family each instrument belongs, in which instruments combination they have been used in musical compositions from any era. For each instrument Sophia will have to take into account these important properties: the timbre or range of timbres; the range of pitches; the dynamic range. Sophia is also interested to know the instrument's notation.",What are the differences between historical and modern performance practices for a specific composition?,ABOVE,ABOVE,1.0,2.73,ABOVE,ABOVE,0.73,0.73,"3: differences, practices, specific",1: specific
Polifonia,NeoNGPT_GPT4o,"Sophia’s original qualifications, and her Ph.D., were in music and she is also a practising musician. She is a musicologist working in the music department of a university. She has a particular interest in late 16th to 18th century music, specifically that of a particular composer living and working in Rome, Wien (Haydn, Mozart, Beethoven) London and Paris. As musician and historian, Sophia needs to study the instrumentation of a musical composition of the 18th century in order to organize a music festival that compares philological and modern performances and that proposes music compositions of that time with a completely new orchestration. To do this, she needs detailed informations about musical instruments, ancient and modern: how they were used in the original compositions and in the 18th century, to which instrument family each instrument belongs, in which instruments combination they have been used in musical compositions from any era. For each instrument Sophia will have to take into account these important properties: the timbre or range of timbres; the range of pitches; the dynamic range. Sophia is also interested to know the instrument's notation.",How are specific musical instruments used in original compositions compared to modern reinterpretations?,ABOVE,ABOVE,1.0,2.73,ABOVE,ABOVE,0.73,0.73,"3: specific, compared to, reinterpretations",1: specific
Polifonia,NeoNGPT_GPT4o,"Sophia’s original qualifications, and her Ph.D., were in music and she is also a practising musician. She is a musicologist working in the music department of a university. She has a particular interest in late 16th to 18th century music, specifically that of a particular composer living and working in Rome, Wien (Haydn, Mozart, Beethoven) London and Paris. As musician and historian, Sophia needs to study the instrumentation of a musical composition of the 18th century in order to organize a music festival that compares philological and modern performances and that proposes music compositions of that time with a completely new orchestration. To do this, she needs detailed informations about musical instruments, ancient and modern: how they were used in the original compositions and in the 18th century, to which instrument family each instrument belongs, in which instruments combination they have been used in musical compositions from any era. For each instrument Sophia will have to take into account these important properties: the timbre or range of timbres; the range of pitches; the dynamic range. Sophia is also interested to know the instrument's notation.",What are the characteristics of compositions that feature a specific instrument or combination of instruments?,ABOVE,ABOVE,1.0,2.73,ABOVE,ABOVE,0.73,0.73,"3: characteristics, feature, specific",1: specific
Polifonia,NeoNGPT_GPT4o,"Sophia’s original qualifications, and her Ph.D., were in music and she is also a practising musician. She is a musicologist working in the music department of a university. She has a particular interest in late 16th to 18th century music, specifically that of a particular composer living and working in Rome, Wien (Haydn, Mozart, Beethoven) London and Paris. As musician and historian, Sophia needs to study the instrumentation of a musical composition of the 18th century in order to organize a music festival that compares philological and modern performances and that proposes music compositions of that time with a completely new orchestration. To do this, she needs detailed informations about musical instruments, ancient and modern: how they were used in the original compositions and in the 18th century, to which instrument family each instrument belongs, in which instruments combination they have been used in musical compositions from any era. For each instrument Sophia will have to take into account these important properties: the timbre or range of timbres; the range of pitches; the dynamic range. Sophia is also interested to know the instrument's notation.","How can a specific musical instrument be classified within its family, and what are its historical and modern uses?",ABOVE,ABOVE,1.0,2.73,ABOVE,ABOVE,0.73,0.73,"2: specific, classified",1: specific
Polifonia,NeoNGPT_GPT4o,"Sophia’s original qualifications, and her Ph.D., were in music and she is also a practising musician. She is a musicologist working in the music department of a university. She has a particular interest in late 16th to 18th century music, specifically that of a particular composer living and working in Rome, Wien (Haydn, Mozart, Beethoven) London and Paris. As musician and historian, Sophia needs to study the instrumentation of a musical composition of the 18th century in order to organize a music festival that compares philological and modern performances and that proposes music compositions of that time with a completely new orchestration. To do this, she needs detailed informations about musical instruments, ancient and modern: how they were used in the original compositions and in the 18th century, to which instrument family each instrument belongs, in which instruments combination they have been used in musical compositions from any era. For each instrument Sophia will have to take into account these important properties: the timbre or range of timbres; the range of pitches; the dynamic range. Sophia is also interested to know the instrument's notation.","What are the notable music festivals that focus on historical and modern performances, and which compositions are featured?",ABOVE,ABOVE,1.0,2.73,ABOVE,ABOVE,0.73,0.73,"2: notable, features",1: notable
Polifonia,NeoNGPT_GPT4o,"Sophia’s original qualifications, and her Ph.D., were in music and she is also a practising musician. She is a musicologist working in the music department of a university. She has a particular interest in late 16th to 18th century music, specifically that of a particular composer living and working in Rome, Wien (Haydn, Mozart, Beethoven) London and Paris. As musician and historian, Sophia needs to study the instrumentation of a musical composition of the 18th century in order to organize a music festival that compares philological and modern performances and that proposes music compositions of that time with a completely new orchestration. To do this, she needs detailed informations about musical instruments, ancient and modern: how they were used in the original compositions and in the 18th century, to which instrument family each instrument belongs, in which instruments combination they have been used in musical compositions from any era. For each instrument Sophia will have to take into account these important properties: the timbre or range of timbres; the range of pitches; the dynamic range. Sophia is also interested to know the instrument's notation.",How can the ontology be used to organize a music festival that includes both historical and modern performances?,ABOVE,ABOVE,1.0,2.73,ABOVE,ABOVE,0.73,0.73,1: ontology,0
Polifonia,NeoNGPT_GPT4o,"Sophia’s original qualifications, and her Ph.D., were in music and she is also a practising musician. She is a musicologist working in the music department of a university. She has a particular interest in late 16th to 18th century music, specifically that of a particular composer living and working in Rome, Wien (Haydn, Mozart, Beethoven) London and Paris. As musician and historian, Sophia needs to study the instrumentation of a musical composition of the 18th century in order to organize a music festival that compares philological and modern performances and that proposes music compositions of that time with a completely new orchestration. To do this, she needs detailed informations about musical instruments, ancient and modern: how they were used in the original compositions and in the 18th century, to which instrument family each instrument belongs, in which instruments combination they have been used in musical compositions from any era. For each instrument Sophia will have to take into account these important properties: the timbre or range of timbres; the range of pitches; the dynamic range. Sophia is also interested to know the instrument's notation.",What are the interoperability features of the ontology with existing musicological databases and ontologies?,ABOVE,ABOVE,1.0,2.73,ABOVE,ABOVE,0.73,0.73,"5: interoperability, features, ontology, existing, ontologies",0
Polifonia,NeoNGPT_GPT4o,"Sophia’s original qualifications, and her Ph.D., were in music and she is also a practising musician. She is a musicologist working in the music department of a university. She has a particular interest in late 16th to 18th century music, specifically that of a particular composer living and working in Rome, Wien (Haydn, Mozart, Beethoven) London and Paris. As musician and historian, Sophia needs to study the instrumentation of a musical composition of the 18th century in order to organize a music festival that compares philological and modern performances and that proposes music compositions of that time with a completely new orchestration. To do this, she needs detailed informations about musical instruments, ancient and modern: how they were used in the original compositions and in the 18th century, to which instrument family each instrument belongs, in which instruments combination they have been used in musical compositions from any era. For each instrument Sophia will have to take into account these important properties: the timbre or range of timbres; the range of pitches; the dynamic range. Sophia is also interested to know the instrument's notation.","How can the ontology be updated to include new instruments, composers, and compositions?",ABOVE,ABOVE,1.0,2.73,ABOVE,ABOVE,0.73,0.73,"3: ontology, updated, new",0
Polifonia,NeoNGPT_GPT4o,"Sophia’s original qualifications, and her Ph.D., were in music and she is also a practising musician. She is a musicologist working in the music department of a university. She has a particular interest in late 16th to 18th century music, specifically that of a particular composer living and working in Rome, Wien (Haydn, Mozart, Beethoven) London and Paris. As musician and historian, Sophia needs to study the instrumentation of a musical composition of the 18th century in order to organize a music festival that compares philological and modern performances and that proposes music compositions of that time with a completely new orchestration. To do this, she needs detailed informations about musical instruments, ancient and modern: how they were used in the original compositions and in the 18th century, to which instrument family each instrument belongs, in which instruments combination they have been used in musical compositions from any era. For each instrument Sophia will have to take into account these important properties: the timbre or range of timbres; the range of pitches; the dynamic range. Sophia is also interested to know the instrument's notation.",What documentation is available to assist users in understanding and utilizing the ontology effectively?,ABOVE,ABOVE,1.0,2.73,ABOVE,ABOVE,0.73,0.73,"7: documentation, assist, users, understanding, utilizing, ontology, effectively",1: effectively
Polifonia,NeoNGPT_GPT4o,"Sophia’s original qualifications, and her Ph.D., were in music and she is also a practising musician. She is a musicologist working in the music department of a university. She has a particular interest in late 16th to 18th century music, specifically that of a particular composer living and working in Rome, Wien (Haydn, Mozart, Beethoven) London and Paris. As musician and historian, Sophia needs to study the instrumentation of a musical composition of the 18th century in order to organize a music festival that compares philological and modern performances and that proposes music compositions of that time with a completely new orchestration. To do this, she needs detailed informations about musical instruments, ancient and modern: how they were used in the original compositions and in the 18th century, to which instrument family each instrument belongs, in which instruments combination they have been used in musical compositions from any era. For each instrument Sophia will have to take into account these important properties: the timbre or range of timbres; the range of pitches; the dynamic range. Sophia is also interested to know the instrument's notation.",How can the ontology support efficient querying and retrieval of information about musical instruments and compositions?,ABOVE,ABOVE,1.0,2.73,ABOVE,ABOVE,0.73,0.73,"4: ontology, efficient, querying, retrieval",1: efficient
Polifonia,NeoNGPT_GPT4o,"Successfully plan the restoration of an organ.. In this scenario Paul has to plan a similar restoration. However, from his already extensive knowledge about organs, he is uncertain about some of the information that was provided by the encyclopaedia. That is, some of the mentioned components and technicalities such as the pitch seemed illogical when compared to the other organs from the same organ builder. If it would somehow be possible to mark facts that are unreliable or untrue, that would save Paul a lot of time checking, verifying, and notating.
    Het Historische Orgel in Nederland – Dutch organ encyclopedia
    http://www.orgbase.nl – Dutch hobbyist-made website with information similar to Het Historische Orgel
    Church and city archives
    Old newspapers
    https://www.delpher.nl – digital database from the Dutch Royal Library
    Organs (sight visits)
    http://www.dtbob.org/ – Belgian digital organ database",1. What are the components of a specific historical organ?,ABOVE,ABOVE,1.0,2.4,ABOVE,ABOVE,0.6,0.7,1: specific,1: specific
Polifonia,NeoNGPT_GPT4o,"Successfully plan the restoration of an organ.. In this scenario Paul has to plan a similar restoration. However, from his already extensive knowledge about organs, he is uncertain about some of the information that was provided by the encyclopaedia. That is, some of the mentioned components and technicalities such as the pitch seemed illogical when compared to the other organs from the same organ builder. If it would somehow be possible to mark facts that are unreliable or untrue, that would save Paul a lot of time checking, verifying, and notating.
    Het Historische Orgel in Nederland – Dutch organ encyclopedia
    http://www.orgbase.nl – Dutch hobbyist-made website with information similar to Het Historische Orgel
    Church and city archives
    Old newspapers
    https://www.delpher.nl – digital database from the Dutch Royal Library
    Organs (sight visits)
    http://www.dtbob.org/ – Belgian digital organ database","2. What are the technical specifications of a given organ component, such as pitch and tuning?",ABOVE,ABOVE,1.0,2.4,ABOVE,ABOVE,0.6,0.7,1: tuning,0
Polifonia,NeoNGPT_GPT4o,"Successfully plan the restoration of an organ.. In this scenario Paul has to plan a similar restoration. However, from his already extensive knowledge about organs, he is uncertain about some of the information that was provided by the encyclopaedia. That is, some of the mentioned components and technicalities such as the pitch seemed illogical when compared to the other organs from the same organ builder. If it would somehow be possible to mark facts that are unreliable or untrue, that would save Paul a lot of time checking, verifying, and notating.
    Het Historische Orgel in Nederland – Dutch organ encyclopedia
    http://www.orgbase.nl – Dutch hobbyist-made website with information similar to Het Historische Orgel
    Church and city archives
    Old newspapers
    https://www.delpher.nl – digital database from the Dutch Royal Library
    Organs (sight visits)
    http://www.dtbob.org/ – Belgian digital organ database",3. Which sources provide information about a particular organ or its components?,ABOVE,ABOVE,1.0,2.4,ABOVE,ABOVE,0.6,0.7,"2: sources, particular",1: particular
Polifonia,NeoNGPT_GPT4o,"Successfully plan the restoration of an organ.. In this scenario Paul has to plan a similar restoration. However, from his already extensive knowledge about organs, he is uncertain about some of the information that was provided by the encyclopaedia. That is, some of the mentioned components and technicalities such as the pitch seemed illogical when compared to the other organs from the same organ builder. If it would somehow be possible to mark facts that are unreliable or untrue, that would save Paul a lot of time checking, verifying, and notating.
    Het Historische Orgel in Nederland – Dutch organ encyclopedia
    http://www.orgbase.nl – Dutch hobbyist-made website with information similar to Het Historische Orgel
    Church and city archives
    Old newspapers
    https://www.delpher.nl – digital database from the Dutch Royal Library
    Organs (sight visits)
    http://www.dtbob.org/ – Belgian digital organ database",4. How reliable is the information from a specific source regarding an organ component?,ABOVE,ABOVE,1.0,2.4,ABOVE,ABOVE,0.6,0.7,1: specific source,"2: reliable, specific"
Polifonia,NeoNGPT_GPT4o,"Successfully plan the restoration of an organ.. In this scenario Paul has to plan a similar restoration. However, from his already extensive knowledge about organs, he is uncertain about some of the information that was provided by the encyclopaedia. That is, some of the mentioned components and technicalities such as the pitch seemed illogical when compared to the other organs from the same organ builder. If it would somehow be possible to mark facts that are unreliable or untrue, that would save Paul a lot of time checking, verifying, and notating.
    Het Historische Orgel in Nederland – Dutch organ encyclopedia
    http://www.orgbase.nl – Dutch hobbyist-made website with information similar to Het Historische Orgel
    Church and city archives
    Old newspapers
    https://www.delpher.nl – digital database from the Dutch Royal Library
    Organs (sight visits)
    http://www.dtbob.org/ – Belgian digital organ database",5. What discrepancies exist between different sources about a specific organ component?,ABOVE,ABOVE,1.0,2.4,ABOVE,ABOVE,0.6,0.7,"3: discrepancies, different sources, specific",1: specific
Polifonia,NeoNGPT_GPT4o,"Successfully plan the restoration of an organ.. In this scenario Paul has to plan a similar restoration. However, from his already extensive knowledge about organs, he is uncertain about some of the information that was provided by the encyclopaedia. That is, some of the mentioned components and technicalities such as the pitch seemed illogical when compared to the other organs from the same organ builder. If it would somehow be possible to mark facts that are unreliable or untrue, that would save Paul a lot of time checking, verifying, and notating.
    Het Historische Orgel in Nederland – Dutch organ encyclopedia
    http://www.orgbase.nl – Dutch hobbyist-made website with information similar to Het Historische Orgel
    Church and city archives
    Old newspapers
    https://www.delpher.nl – digital database from the Dutch Royal Library
    Organs (sight visits)
    http://www.dtbob.org/ – Belgian digital organ database","6. What is the historical context of a particular organ, including its provenance and changes over time?",ABOVE,ABOVE,1.0,2.4,ABOVE,ABOVE,0.6,0.7,"4: historical context, particular, provenance, changes over time",1: particular
Polifonia,NeoNGPT_GPT4o,"Successfully plan the restoration of an organ.. In this scenario Paul has to plan a similar restoration. However, from his already extensive knowledge about organs, he is uncertain about some of the information that was provided by the encyclopaedia. That is, some of the mentioned components and technicalities such as the pitch seemed illogical when compared to the other organs from the same organ builder. If it would somehow be possible to mark facts that are unreliable or untrue, that would save Paul a lot of time checking, verifying, and notating.
    Het Historische Orgel in Nederland – Dutch organ encyclopedia
    http://www.orgbase.nl – Dutch hobbyist-made website with information similar to Het Historische Orgel
    Church and city archives
    Old newspapers
    https://www.delpher.nl – digital database from the Dutch Royal Library
    Organs (sight visits)
    http://www.dtbob.org/ – Belgian digital organ database",7. How can the reliability of information about an organ component be assessed?,ABOVE,ABOVE,1.0,2.4,ABOVE,ABOVE,0.6,0.7,1: assess,0
Polifonia,NeoNGPT_GPT4o,"Successfully plan the restoration of an organ.. In this scenario Paul has to plan a similar restoration. However, from his already extensive knowledge about organs, he is uncertain about some of the information that was provided by the encyclopaedia. That is, some of the mentioned components and technicalities such as the pitch seemed illogical when compared to the other organs from the same organ builder. If it would somehow be possible to mark facts that are unreliable or untrue, that would save Paul a lot of time checking, verifying, and notating.
    Het Historische Orgel in Nederland – Dutch organ encyclopedia
    http://www.orgbase.nl – Dutch hobbyist-made website with information similar to Het Historische Orgel
    Church and city archives
    Old newspapers
    https://www.delpher.nl – digital database from the Dutch Royal Library
    Organs (sight visits)
    http://www.dtbob.org/ – Belgian digital organ database",8. What are the annotations associated with a specific source of information?,ABOVE,ABOVE,1.0,2.4,ABOVE,ABOVE,0.6,0.7,"2: source, annotations",0
Polifonia,NeoNGPT_GPT4o,"Successfully plan the restoration of an organ.. In this scenario Paul has to plan a similar restoration. However, from his already extensive knowledge about organs, he is uncertain about some of the information that was provided by the encyclopaedia. That is, some of the mentioned components and technicalities such as the pitch seemed illogical when compared to the other organs from the same organ builder. If it would somehow be possible to mark facts that are unreliable or untrue, that would save Paul a lot of time checking, verifying, and notating.
    Het Historische Orgel in Nederland – Dutch organ encyclopedia
    http://www.orgbase.nl – Dutch hobbyist-made website with information similar to Het Historische Orgel
    Church and city archives
    Old newspapers
    https://www.delpher.nl – digital database from the Dutch Royal Library
    Organs (sight visits)
    http://www.dtbob.org/ – Belgian digital organ database",9. How has the technical specification of a particular organ component changed over time?,ABOVE,ABOVE,1.0,2.4,ABOVE,ABOVE,0.6,0.7,"2: particular, changed over time",1: particular
Polifonia,NeoNGPT_GPT4o,"Successfully plan the restoration of an organ.. In this scenario Paul has to plan a similar restoration. However, from his already extensive knowledge about organs, he is uncertain about some of the information that was provided by the encyclopaedia. That is, some of the mentioned components and technicalities such as the pitch seemed illogical when compared to the other organs from the same organ builder. If it would somehow be possible to mark facts that are unreliable or untrue, that would save Paul a lot of time checking, verifying, and notating.
    Het Historische Orgel in Nederland – Dutch organ encyclopedia
    http://www.orgbase.nl – Dutch hobbyist-made website with information similar to Het Historische Orgel
    Church and city archives
    Old newspapers
    https://www.delpher.nl – digital database from the Dutch Royal Library
    Organs (sight visits)
    http://www.dtbob.org/ – Belgian digital organ database",10. Which organs are documented in a specific database or archive?,ABOVE,ABOVE,1.0,2.4,ABOVE,ABOVE,0.6,0.7,"2: documented, specific",1: specific
Polifonia,NeoNGPT_GPT4o,"Successfully plan the restoration of an organ.. In this scenario Paul has to plan a similar restoration. However, from his already extensive knowledge about organs, he is uncertain about some of the information that was provided by the encyclopaedia. That is, some of the mentioned components and technicalities such as the pitch seemed illogical when compared to the other organs from the same organ builder. If it would somehow be possible to mark facts that are unreliable or untrue, that would save Paul a lot of time checking, verifying, and notating.
    Het Historische Orgel in Nederland – Dutch organ encyclopedia
    http://www.orgbase.nl – Dutch hobbyist-made website with information similar to Het Historische Orgel
    Church and city archives
    Old newspapers
    https://www.delpher.nl – digital database from the Dutch Royal Library
    Organs (sight visits)
    http://www.dtbob.org/ – Belgian digital organ database",11. What are the most reliable sources for information about a specific organ?,ABOVE,ABOVE,1.0,2.4,ABOVE,ABOVE,0.6,0.7,"2: sources, specific","2: reliable, specific"
Polifonia,NeoNGPT_GPT4o,"Successfully plan the restoration of an organ.. In this scenario Paul has to plan a similar restoration. However, from his already extensive knowledge about organs, he is uncertain about some of the information that was provided by the encyclopaedia. That is, some of the mentioned components and technicalities such as the pitch seemed illogical when compared to the other organs from the same organ builder. If it would somehow be possible to mark facts that are unreliable or untrue, that would save Paul a lot of time checking, verifying, and notating.
    Het Historische Orgel in Nederland – Dutch organ encyclopedia
    http://www.orgbase.nl – Dutch hobbyist-made website with information similar to Het Historische Orgel
    Church and city archives
    Old newspapers
    https://www.delpher.nl – digital database from the Dutch Royal Library
    Organs (sight visits)
    http://www.dtbob.org/ – Belgian digital organ database",12. How can discrepancies in information about an organ be resolved or highlighted?,ABOVE,ABOVE,1.0,2.4,ABOVE,ABOVE,0.6,0.7,"3: discrepancies, resolved, highlighted",0
Polifonia,NeoNGPT_GPT4o,"Successfully plan the restoration of an organ.. In this scenario Paul has to plan a similar restoration. However, from his already extensive knowledge about organs, he is uncertain about some of the information that was provided by the encyclopaedia. That is, some of the mentioned components and technicalities such as the pitch seemed illogical when compared to the other organs from the same organ builder. If it would somehow be possible to mark facts that are unreliable or untrue, that would save Paul a lot of time checking, verifying, and notating.
    Het Historische Orgel in Nederland – Dutch organ encyclopedia
    http://www.orgbase.nl – Dutch hobbyist-made website with information similar to Het Historische Orgel
    Church and city archives
    Old newspapers
    https://www.delpher.nl – digital database from the Dutch Royal Library
    Organs (sight visits)
    http://www.dtbob.org/ – Belgian digital organ database",13. What historical events or contexts are relevant to the restoration of a specific organ?,ABOVE,ABOVE,1.0,2.4,ABOVE,ABOVE,0.6,0.7,"3: structural events, contexts, relevant",0
Polifonia,NeoNGPT_GPT4o,"Successfully plan the restoration of an organ.. In this scenario Paul has to plan a similar restoration. However, from his already extensive knowledge about organs, he is uncertain about some of the information that was provided by the encyclopaedia. That is, some of the mentioned components and technicalities such as the pitch seemed illogical when compared to the other organs from the same organ builder. If it would somehow be possible to mark facts that are unreliable or untrue, that would save Paul a lot of time checking, verifying, and notating.
    Het Historische Orgel in Nederland – Dutch organ encyclopedia
    http://www.orgbase.nl – Dutch hobbyist-made website with information similar to Het Historische Orgel
    Church and city archives
    Old newspapers
    https://www.delpher.nl – digital database from the Dutch Royal Library
    Organs (sight visits)
    http://www.dtbob.org/ – Belgian digital organ database",14. How can information about a specific organ be retrieved based on its components or technical specifications?,ABOVE,ABOVE,1.0,2.4,ABOVE,ABOVE,0.6,0.7,"2: specific, retrieved",1: specific
Polifonia,NeoNGPT_GPT4o,"Successfully plan the restoration of an organ.. In this scenario Paul has to plan a similar restoration. However, from his already extensive knowledge about organs, he is uncertain about some of the information that was provided by the encyclopaedia. That is, some of the mentioned components and technicalities such as the pitch seemed illogical when compared to the other organs from the same organ builder. If it would somehow be possible to mark facts that are unreliable or untrue, that would save Paul a lot of time checking, verifying, and notating.
    Het Historische Orgel in Nederland – Dutch organ encyclopedia
    http://www.orgbase.nl – Dutch hobbyist-made website with information similar to Het Historische Orgel
    Church and city archives
    Old newspapers
    https://www.delpher.nl – digital database from the Dutch Royal Library
    Organs (sight visits)
    http://www.dtbob.org/ – Belgian digital organ database",15. What are the common discrepancies found in the documentation of historical organs?,ABOVE,ABOVE,1.0,2.4,ABOVE,ABOVE,0.6,0.7,"4: common, discrepancies, found",0
Polifonia,NeoNGPT_GPT4o,"Successfully plan the restoration of an organ.. In this scenario Paul has to plan a similar restoration. However, from his already extensive knowledge about organs, he is uncertain about some of the information that was provided by the encyclopaedia. That is, some of the mentioned components and technicalities such as the pitch seemed illogical when compared to the other organs from the same organ builder. If it would somehow be possible to mark facts that are unreliable or untrue, that would save Paul a lot of time checking, verifying, and notating.
    Het Historische Orgel in Nederland – Dutch organ encyclopedia
    http://www.orgbase.nl – Dutch hobbyist-made website with information similar to Het Historische Orgel
    Church and city archives
    Old newspapers
    https://www.delpher.nl – digital database from the Dutch Royal Library
    Organs (sight visits)
    http://www.dtbob.org/ – Belgian digital organ database",16. How can the ontology be queried to find information about a specific organ restoration project?,ABOVE,ABOVE,1.0,2.4,ABOVE,ABOVE,0.6,0.7,"5: ontology, queried, find, specific, project",1: specific
Polifonia,NeoNGPT_GPT4o,"Successfully plan the restoration of an organ.. In this scenario Paul has to plan a similar restoration. However, from his already extensive knowledge about organs, he is uncertain about some of the information that was provided by the encyclopaedia. That is, some of the mentioned components and technicalities such as the pitch seemed illogical when compared to the other organs from the same organ builder. If it would somehow be possible to mark facts that are unreliable or untrue, that would save Paul a lot of time checking, verifying, and notating.
    Het Historische Orgel in Nederland – Dutch organ encyclopedia
    http://www.orgbase.nl – Dutch hobbyist-made website with information similar to Het Historische Orgel
    Church and city archives
    Old newspapers
    https://www.delpher.nl – digital database from the Dutch Royal Library
    Organs (sight visits)
    http://www.dtbob.org/ – Belgian digital organ database",17. What are the provenance details of a specific organ component?,ABOVE,ABOVE,1.0,2.4,ABOVE,ABOVE,0.6,0.7,"3: Provenance, details, specific",1: specific?
Polifonia,NeoNGPT_GPT4o,"Successfully plan the restoration of an organ.. In this scenario Paul has to plan a similar restoration. However, from his already extensive knowledge about organs, he is uncertain about some of the information that was provided by the encyclopaedia. That is, some of the mentioned components and technicalities such as the pitch seemed illogical when compared to the other organs from the same organ builder. If it would somehow be possible to mark facts that are unreliable or untrue, that would save Paul a lot of time checking, verifying, and notating.
    Het Historische Orgel in Nederland – Dutch organ encyclopedia
    http://www.orgbase.nl – Dutch hobbyist-made website with information similar to Het Historische Orgel
    Church and city archives
    Old newspapers
    https://www.delpher.nl – digital database from the Dutch Royal Library
    Organs (sight visits)
    http://www.dtbob.org/ – Belgian digital organ database",18. How can the ontology support decision-making in organ restoration projects?,ABOVE,ABOVE,1.0,2.4,ABOVE,ABOVE,0.6,0.7,"2: decision-making, organ restoration projects",0
Polifonia,NeoNGPT_GPT4o,"Successfully plan the restoration of an organ.. In this scenario Paul has to plan a similar restoration. However, from his already extensive knowledge about organs, he is uncertain about some of the information that was provided by the encyclopaedia. That is, some of the mentioned components and technicalities such as the pitch seemed illogical when compared to the other organs from the same organ builder. If it would somehow be possible to mark facts that are unreliable or untrue, that would save Paul a lot of time checking, verifying, and notating.
    Het Historische Orgel in Nederland – Dutch organ encyclopedia
    http://www.orgbase.nl – Dutch hobbyist-made website with information similar to Het Historische Orgel
    Church and city archives
    Old newspapers
    https://www.delpher.nl – digital database from the Dutch Royal Library
    Organs (sight visits)
    http://www.dtbob.org/ – Belgian digital organ database",19. What are the key indicators of reliability for sources of organ information?,ABOVE,ABOVE,1.0,2.4,ABOVE,ABOVE,0.6,0.7,"2: key indicators, reliability",1: reliability
Polifonia,NeoNGPT_GPT4o,"Successfully plan the restoration of an organ.. In this scenario Paul has to plan a similar restoration. However, from his already extensive knowledge about organs, he is uncertain about some of the information that was provided by the encyclopaedia. That is, some of the mentioned components and technicalities such as the pitch seemed illogical when compared to the other organs from the same organ builder. If it would somehow be possible to mark facts that are unreliable or untrue, that would save Paul a lot of time checking, verifying, and notating.
    Het Historische Orgel in Nederland – Dutch organ encyclopedia
    http://www.orgbase.nl – Dutch hobbyist-made website with information similar to Het Historische Orgel
    Church and city archives
    Old newspapers
    https://www.delpher.nl – digital database from the Dutch Royal Library
    Organs (sight visits)
    http://www.dtbob.org/ – Belgian digital organ database",20. How can the ontology be used to compare information from different sources about the same organ component?,ABOVE,ABOVE,1.0,2.4,ABOVE,ABOVE,0.6,0.7,"3: ontology, sources, organ components",0
Polifonia,NeoNGPT_Qwen3,"For her next research project, Amy wants to discover artistic and technical trends of organs and how these developed. The development of these trends could possibly indicate wider social trends. During the project, Amy researches both artistic and technical trends surrounding organs in the Netherlands. Amy is interested in finding connections between different regions and time periods to see how the trends have developed. She also wants to put her findings in a historical and social context. Amy hopes that the knowledge graphs can help her identify initial trends. That way she knows where to dig deeper to understand the trends. In order to discover trends, comparisons similar to those needed by the organ advisor (Paul) are required. But besides the comparison of stops in organs made by the same organ builder, the comparisons can be related to almost every component of the organ. For example, the different arthistorical details on the fronts of the organs, or the wind supply system are interesting to compare.
    Amy already has access to the physical as well as online library of the university where she works.
    Amy also has the entire 15 volume collection from the Dutch organ encyclopaedia. She uses the encyclopaedia mostly for reading about the arthistorical and technical aspects and developments of organs and comparing these to other organs.
    Database websites for information about organs and churches which all offer slightly different kinds of information:
        https://www.kerk-en-orgel.nl
        https://reliwiki.nl/
        http://www.orgbase.nl
        https://geoplaza.vu.nl/cms/research/kerkenkaart/ – Kerkenkaart (churchmap) from the Vrije Universiteit Amsterdam","**Note**: The actual list of 100 CQs would be generated by systematically addressing all entities, relationships, and use cases outlined in the ontology requirements, ensuring coverage of core modeling, comparative analysis, contextualization, and integration with external data. Due to length constraints, the full list is not shown here, but the structure and scope are as described.",ok,ABOVE,1.0,3.0,ok,ok,0.0,0.0,"I cannot complete this task as requested. The CQ provided is not an actual competency question but rather a meta-comment stating that ""The actual list of 100 CQs would be generated by systematically addressing all entities, relationships, and use cases outlined in the ontology requirements...""

This is not a concrete CQ to analyze against the scenario. To properly annotate superfl",0
Polifonia,NeoNGPT_Qwen3,"Sophia’s original qualifications, and her Ph.D., were in music and she is also a practising musician. She is a musicologist working in the music department of a university. She has a particular interest in late 16th to 18th century music, specifically that of a particular composer living and working in Rome, Wien (Haydn, Mozart, Beethoven) London and Paris. As musician and historian, Sophia needs to study the instrumentation of a musical composition of the 18th century in order to organize a music festival that compares philological and modern performances and that proposes music compositions of that time with a completely new orchestration. To do this, she needs detailed informations about musical instruments, ancient and modern: how they were used in the original compositions and in the 18th century, to which instrument family each instrument belongs, in which instruments combination they have been used in musical compositions from any era. For each instrument Sophia will have to take into account these important properties: the timbre or range of timbres; the range of pitches; the dynamic range. Sophia is also interested to know the instrument's notation.","(Note: The actual list of competency questions is extensive and would require a detailed enumeration based on the ontology's core elements, but due to the complexity and length, a full list is not provided here. The above is a placeholder to indicate the structure and intent.)",ok,ABOVE,1.0,2.0,ABOVE,ABOVE,1.0,3.0,"I notice that no specific CQ (Competency Question) has been provided in your prompt. You've included the scenario and instructions, but the actual CQ text that I should analyze is missing.

Could you please provide the specific CQ you'd like me to annotate for superfluous elements?","I notice that no specific CQ (Competency Question) has been provided in your prompt—only the scenario about Sophia is given. The instruction asks me to identify evaluative terms in ""the CQ above,"" but there is no actual CQ text to analyze.

Please provide the specific CQ you would like me to annotate, and I will identify any evaluative or norm"
Polifonia,NeoNGPT_Qwen3,"Successfully plan the restoration of an organ.. In this scenario Paul has to plan a similar restoration. However, from his already extensive knowledge about organs, he is uncertain about some of the information that was provided by the encyclopaedia. That is, some of the mentioned components and technicalities such as the pitch seemed illogical when compared to the other organs from the same organ builder. If it would somehow be possible to mark facts that are unreliable or untrue, that would save Paul a lot of time checking, verifying, and notating.
    Het Historische Orgel in Nederland – Dutch organ encyclopedia
    http://www.orgbase.nl – Dutch hobbyist-made website with information similar to Het Historische Orgel
    Church and city archives
    Old newspapers
    https://www.delpher.nl – digital database from the Dutch Royal Library
    Organs (sight visits)
    http://www.dtbob.org/ – Belgian digital organ database","**Note**: The above list is a placeholder to indicate the format. Below is the actual list of competency questions based on the ontology requirements:  

CQ1",BELOW,ok,0.33,1.33,ABOVE,ABOVE,0.33,0.33,"I appreciate your message, but I notice that you haven't provided an actual CQ (Competency Question) to annotate. Your message contains the scenario and instructions, but the CQ itself is missing or marked as a placeholder.

Please provide the specific CQ you'd like me to annotate, and I'll identify any superfluous elements following the rules:

1. Check","I notice you've provided a scenario but no actual competency question (CQ) to annotate. The instruction says ""**Note**: The above list is a placeholder to indicate the format. Below is the actual list of competency questions based on the ontology requirements: CQ1"" but then no CQ text follows.

Please provide the specific competency question you'd like me to"
Polifonia,NeoNGPT_Qwen3,"Successfully plan the restoration of an organ.. In this scenario Paul has to plan a similar restoration. However, from his already extensive knowledge about organs, he is uncertain about some of the information that was provided by the encyclopaedia. That is, some of the mentioned components and technicalities such as the pitch seemed illogical when compared to the other organs from the same organ builder. If it would somehow be possible to mark facts that are unreliable or untrue, that would save Paul a lot of time checking, verifying, and notating.
    Het Historische Orgel in Nederland – Dutch organ encyclopedia
    http://www.orgbase.nl – Dutch hobbyist-made website with information similar to Het Historische Orgel
    Church and city archives
    Old newspapers
    https://www.delpher.nl – digital database from the Dutch Royal Library
    Organs (sight visits)
    http://www.dtbob.org/ – Belgian digital organ database","**Actual Competency Questions (100+)**:  
CQ1",BELOW,ok,0.33,1.33,ABOVE,ABOVE,0.33,0.33,0,0
Polifonia,NeoNGPT_Qwen3,"Successfully plan the restoration of an organ.. In this scenario Paul has to plan a similar restoration. However, from his already extensive knowledge about organs, he is uncertain about some of the information that was provided by the encyclopaedia. That is, some of the mentioned components and technicalities such as the pitch seemed illogical when compared to the other organs from the same organ builder. If it would somehow be possible to mark facts that are unreliable or untrue, that would save Paul a lot of time checking, verifying, and notating.
    Het Historische Orgel in Nederland – Dutch organ encyclopedia
    http://www.orgbase.nl – Dutch hobbyist-made website with information similar to Het Historische Orgel
    Church and city archives
    Old newspapers
    https://www.delpher.nl – digital database from the Dutch Royal Library
    Organs (sight visits)
    http://www.dtbob.org/ – Belgian digital organ database","**Note**: Due to the extensive nature of the ontology requirements, the full list of competency questions is intentionally abbreviated here. A complete list would require a detailed analysis of each class, property, and functional requirement, resulting in over 100 CQs. For brevity, the placeholder format is used, but the actual CQs would follow the structure outlined in the ontology requirements.",BELOW,ok,0.33,1.33,ABOVE,ABOVE,0.33,0.33,0,0
Polifonia,OntoChat,"David is interested in understanding the social history of music, e.g. who were the musicians, who was the audience, how did a particular musical environment relate to the wider musical environment. He has a particular interest in understanding the environment around music which would not be classified as 'elite' music. He is also interested in people's experience of listening to music. David will work for several years collecting information, e.g. about brass bands, and populating a database with this information, as a preparation for writing a book. David's work could be helped by:

sonic visualization, e.g. to recognise 'thumbprints' to identify the composer of a piece of music;

search of document database using RDF annotations and query-time reasoning;

NLP, e.g. to suggest relevant keywords for annotation; including using some semantics, e.g. proposing an annotation which does not occur in the text.",Who were the musicians involved in non-elite music?,ok,ok,0.0,0.0,ABOVE,ABOVE,0.6,0.6,0,1: non-elite
Polifonia,OntoChat,"David is interested in understanding the social history of music, e.g. who were the musicians, who was the audience, how did a particular musical environment relate to the wider musical environment. He has a particular interest in understanding the environment around music which would not be classified as 'elite' music. He is also interested in people's experience of listening to music. David will work for several years collecting information, e.g. about brass bands, and populating a database with this information, as a preparation for writing a book. David's work could be helped by:

sonic visualization, e.g. to recognise 'thumbprints' to identify the composer of a piece of music;

search of document database using RDF annotations and query-time reasoning;

NLP, e.g. to suggest relevant keywords for annotation; including using some semantics, e.g. proposing an annotation which does not occur in the text.",How did the particular musical environment relate to the wider musical environment?,ok,ok,0.0,0.0,ABOVE,ABOVE,0.6,0.6,0,0
Polifonia,OntoChat,"David is interested in understanding the social history of music, e.g. who were the musicians, who was the audience, how did a particular musical environment relate to the wider musical environment. He has a particular interest in understanding the environment around music which would not be classified as 'elite' music. He is also interested in people's experience of listening to music. David will work for several years collecting information, e.g. about brass bands, and populating a database with this information, as a preparation for writing a book. David's work could be helped by:

sonic visualization, e.g. to recognise 'thumbprints' to identify the composer of a piece of music;

search of document database using RDF annotations and query-time reasoning;

NLP, e.g. to suggest relevant keywords for annotation; including using some semantics, e.g. proposing an annotation which does not occur in the text.",What was the audience like for non-elite music?,ok,ok,0.0,0.0,ABOVE,ABOVE,0.6,0.6,0,non-elite
Polifonia,OntoChat,"David is interested in understanding the social history of music, e.g. who were the musicians, who was the audience, how did a particular musical environment relate to the wider musical environment. He has a particular interest in understanding the environment around music which would not be classified as 'elite' music. He is also interested in people's experience of listening to music. David will work for several years collecting information, e.g. about brass bands, and populating a database with this information, as a preparation for writing a book. David's work could be helped by:

sonic visualization, e.g. to recognise 'thumbprints' to identify the composer of a piece of music;

search of document database using RDF annotations and query-time reasoning;

NLP, e.g. to suggest relevant keywords for annotation; including using some semantics, e.g. proposing an annotation which does not occur in the text.",How can sonic visualization be used to identify the composer of a piece of music?,ok,ok,0.0,0.0,ABOVE,ABOVE,0.6,0.6,0,0
Polifonia,OntoChat,"David is interested in understanding the social history of music, e.g. who were the musicians, who was the audience, how did a particular musical environment relate to the wider musical environment. He has a particular interest in understanding the environment around music which would not be classified as 'elite' music. He is also interested in people's experience of listening to music. David will work for several years collecting information, e.g. about brass bands, and populating a database with this information, as a preparation for writing a book. David's work could be helped by:

sonic visualization, e.g. to recognise 'thumbprints' to identify the composer of a piece of music;

search of document database using RDF annotations and query-time reasoning;

NLP, e.g. to suggest relevant keywords for annotation; including using some semantics, e.g. proposing an annotation which does not occur in the text.",How can NLP suggest relevant keywords for annotation in the context of music history research?,ok,ok,0.0,0.0,ABOVE,ABOVE,0.6,0.6,0,1: relevant
Polifonia,OntoChat,"Patrizia is a Demo-Ethno-anthropologist Officer of the Ministry of Culture and she is responsible for the safeguarding of the Intangible Heritage pursuant to the 2003 Unesco Convention. She needs to know if the bells of some bell towers are involved in sound practices conducted by collective social actors who recognize those practices as constitutive trait of their collective identity. Patrizia starts her investigation from the denominations and the location of the bell towers. Patrizia checks whether the sound of those bell towers is done by hand or through electrification. Patrizia checks if there are more or less formalized and more or less recognized human groups that carry out those practices. Patrizia investigate what kind of transmission and apprenticeship methods are carried out: in what age groups, if exclusively male or even female, with what type of transmission (oral, written, formal or informal).",What are the denominations and locations of the bell towers involved in sound practices?,ABOVE,ABOVE,0.25,0.25,ABOVE,ABOVE,0.25,0.5,0,0
Polifonia,OntoChat,"Patrizia is a Demo-Ethno-anthropologist Officer of the Ministry of Culture and she is responsible for the safeguarding of the Intangible Heritage pursuant to the 2003 Unesco Convention. She needs to know if the bells of some bell towers are involved in sound practices conducted by collective social actors who recognize those practices as constitutive trait of their collective identity. Patrizia starts her investigation from the denominations and the location of the bell towers. Patrizia checks whether the sound of those bell towers is done by hand or through electrification. Patrizia checks if there are more or less formalized and more or less recognized human groups that carry out those practices. Patrizia investigate what kind of transmission and apprenticeship methods are carried out: in what age groups, if exclusively male or even female, with what type of transmission (oral, written, formal or informal).",Are the sounds of the bell towers produced by hand or through electrification?,ABOVE,ABOVE,0.25,0.25,ABOVE,ABOVE,0.25,0.5,0,0
Polifonia,OntoChat,"Patrizia is a Demo-Ethno-anthropologist Officer of the Ministry of Culture and she is responsible for the safeguarding of the Intangible Heritage pursuant to the 2003 Unesco Convention. She needs to know if the bells of some bell towers are involved in sound practices conducted by collective social actors who recognize those practices as constitutive trait of their collective identity. Patrizia starts her investigation from the denominations and the location of the bell towers. Patrizia checks whether the sound of those bell towers is done by hand or through electrification. Patrizia checks if there are more or less formalized and more or less recognized human groups that carry out those practices. Patrizia investigate what kind of transmission and apprenticeship methods are carried out: in what age groups, if exclusively male or even female, with what type of transmission (oral, written, formal or informal).",Are there formalized and recognized human groups conducting the bell tower practices?,ABOVE,ABOVE,0.25,0.25,ABOVE,ABOVE,0.25,0.5,0,2: formalized/recognized
Polifonia,OntoChat,"Patrizia is a Demo-Ethno-anthropologist Officer of the Ministry of Culture and she is responsible for the safeguarding of the Intangible Heritage pursuant to the 2003 Unesco Convention. She needs to know if the bells of some bell towers are involved in sound practices conducted by collective social actors who recognize those practices as constitutive trait of their collective identity. Patrizia starts her investigation from the denominations and the location of the bell towers. Patrizia checks whether the sound of those bell towers is done by hand or through electrification. Patrizia checks if there are more or less formalized and more or less recognized human groups that carry out those practices. Patrizia investigate what kind of transmission and apprenticeship methods are carried out: in what age groups, if exclusively male or even female, with what type of transmission (oral, written, formal or informal).","What methods of transmission and apprenticeship are used for the bell tower practices, including age groups and gender inclusivity?",ABOVE,ABOVE,0.25,0.25,ABOVE,ABOVE,0.25,0.5,1: gender inclusivity,0
Polifonia,OntoChat,"Successfully plan the restoration of an organ.. In this scenario Paul has to plan a similar restoration. However, from his already extensive knowledge about organs, he is uncertain about some of the information that was provided by the encyclopaedia. That is, some of the mentioned components and technicalities such as the pitch seemed illogical when compared to the other organs from the same organ builder. If it would somehow be possible to mark facts that are unreliable or untrue, that would save Paul a lot of time checking, verifying, and notating.
    Het Historische Orgel in Nederland – Dutch organ encyclopedia
    http://www.orgbase.nl – Dutch hobbyist-made website with information similar to Het Historische Orgel
    Church and city archives
    Old newspapers
    https://www.delpher.nl – digital database from the Dutch Royal Library
    Organs (sight visits)
    http://www.dtbob.org/ – Belgian digital organ database",What components and technicalities of the organ seem illogical compared to other organs from the same builder?,ok,ok,0.2,0.2,ABOVE,ABOVE,0.6,0.8,0,1:illogical
Polifonia,OntoChat,"Successfully plan the restoration of an organ.. In this scenario Paul has to plan a similar restoration. However, from his already extensive knowledge about organs, he is uncertain about some of the information that was provided by the encyclopaedia. That is, some of the mentioned components and technicalities such as the pitch seemed illogical when compared to the other organs from the same organ builder. If it would somehow be possible to mark facts that are unreliable or untrue, that would save Paul a lot of time checking, verifying, and notating.
    Het Historische Orgel in Nederland – Dutch organ encyclopedia
    http://www.orgbase.nl – Dutch hobbyist-made website with information similar to Het Historische Orgel
    Church and city archives
    Old newspapers
    https://www.delpher.nl – digital database from the Dutch Royal Library
    Organs (sight visits)
    http://www.dtbob.org/ – Belgian digital organ database",How can unreliable or untrue facts about the organ be marked to save time for checking and verifying?,ok,ok,0.2,0.2,ABOVE,ABOVE,0.6,0.8,0,2: unreliable or untrue
Polifonia,OntoChat,"Successfully plan the restoration of an organ.. In this scenario Paul has to plan a similar restoration. However, from his already extensive knowledge about organs, he is uncertain about some of the information that was provided by the encyclopaedia. That is, some of the mentioned components and technicalities such as the pitch seemed illogical when compared to the other organs from the same organ builder. If it would somehow be possible to mark facts that are unreliable or untrue, that would save Paul a lot of time checking, verifying, and notating.
    Het Historische Orgel in Nederland – Dutch organ encyclopedia
    http://www.orgbase.nl – Dutch hobbyist-made website with information similar to Het Historische Orgel
    Church and city archives
    Old newspapers
    https://www.delpher.nl – digital database from the Dutch Royal Library
    Organs (sight visits)
    http://www.dtbob.org/ – Belgian digital organ database",What sources can be consulted to gather information about the organ for restoration planning?,ok,ok,0.2,0.2,ABOVE,ABOVE,0.6,0.8,0,0
Polifonia,OntoChat,"Successfully plan the restoration of an organ.. In this scenario Paul has to plan a similar restoration. However, from his already extensive knowledge about organs, he is uncertain about some of the information that was provided by the encyclopaedia. That is, some of the mentioned components and technicalities such as the pitch seemed illogical when compared to the other organs from the same organ builder. If it would somehow be possible to mark facts that are unreliable or untrue, that would save Paul a lot of time checking, verifying, and notating.
    Het Historische Orgel in Nederland – Dutch organ encyclopedia
    http://www.orgbase.nl – Dutch hobbyist-made website with information similar to Het Historische Orgel
    Church and city archives
    Old newspapers
    https://www.delpher.nl – digital database from the Dutch Royal Library
    Organs (sight visits)
    http://www.dtbob.org/ – Belgian digital organ database",How can the information from Het Historische Orgel in Nederland and other sources be cross-referenced to ensure accuracy?,ok,ok,0.2,0.2,ABOVE,ABOVE,0.6,0.8,1: cross-referenced,1: accuracy
Polifonia,OntoChat,"Successfully plan the restoration of an organ.. In this scenario Paul has to plan a similar restoration. However, from his already extensive knowledge about organs, he is uncertain about some of the information that was provided by the encyclopaedia. That is, some of the mentioned components and technicalities such as the pitch seemed illogical when compared to the other organs from the same organ builder. If it would somehow be possible to mark facts that are unreliable or untrue, that would save Paul a lot of time checking, verifying, and notating.
    Het Historische Orgel in Nederland – Dutch organ encyclopedia
    http://www.orgbase.nl – Dutch hobbyist-made website with information similar to Het Historische Orgel
    Church and city archives
    Old newspapers
    https://www.delpher.nl – digital database from the Dutch Royal Library
    Organs (sight visits)
    http://www.dtbob.org/ – Belgian digital organ database",What steps can be taken to verify the reliability of information obtained from the Dutch hobbyist-made website and other sources for the organ restoration planning?,ok,ok,0.2,0.2,ABOVE,ABOVE,0.6,0.8,0,0
