dataset,group,scenario,cq,se_raw,se_count,se_elements,source_consistency,se_justified,se_justified_src
Polifonia,Gold,"Amy wants to assess the developments of organ builders. This research includes looking into which organs an organ builder worked on and how their projects developed over time. This development can range from an increase of the size of the organ, to locality of their projects, or to the type or prestige of the project. The history section of the 15-part organ encyclopaedia is mostly used for this as this specifies year and changes that are made to the organs, but this obviously takes a lot of time and effort to research. 
    Amy already has access to the physical as well as online library of the university where she works.
    Amy also has the entire 15 volume collection from the Dutch organ encyclopaedia. She uses the encyclopaedia mostly for reading about the arthistorical and technical aspects and developments of organs and comparing these to other organs.
    Database websites for information about organs and churches which all offer slightly different kinds of information:
        https://www.kerk-en-orgel.nl
        https://reliwiki.nl/
        http://www.orgbase.nl
        https://geoplaza.vu.nl/cms/research/kerkenkaart/ – Kerkenkaart (churchmap) from the Vrije Universiteit Amsterdam",Who built and/or renovated an organ?,1 (renovated),1,1 (renovated),Yes,Not Justified,source_consistency
Polifonia,Gold,"David is interested in understanding the social history of music, e.g. who were the musicians, who was the audience, how did a particular musical environment relate to the wider musical environment. He has a particular interest in understanding the environment around music which would not be classified as 'elite' music. He is also interested in people's experience of listening to music. David will work for several years collecting information, e.g. about brass bands, and populating a database with this information, as a preparation for writing a book. David's work could be helped by:

sonic visualization, e.g. to recognise 'thumbprints' to identify the composer of a piece of music;

search of document database using RDF annotations and query-time reasoning;

NLP, e.g. to suggest relevant keywords for annotation; including using some semantics, e.g. proposing an annotation which does not occur in the text.",Where were the places (in which they played)?,1: places,1,places,Yes,Not Justified,source_consistency
Polifonia,Gold,"David is interested in understanding the social history of music, e.g. who were the musicians, who was the audience, how did a particular musical environment relate to the wider musical environment. He has a particular interest in understanding the environment around music which would not be classified as 'elite' music. He is also interested in people's experience of listening to music. David will work for several years collecting information, e.g. about brass bands, and populating a database with this information, as a preparation for writing a book. David's work could be helped by:

sonic visualization, e.g. to recognise 'thumbprints' to identify the composer of a piece of music;

search of document database using RDF annotations and query-time reasoning;

NLP, e.g. to suggest relevant keywords for annotation; including using some semantics, e.g. proposing an annotation which does not occur in the text.",Where were the musicians coming from?,1: coming from?,1,coming from?,Yes,Not Justified,source_consistency
Polifonia,Gold,"For her next research project, Amy wants to discover artistic and technical trends of organs and how these developed. The development of these trends could possibly indicate wider social trends. During the project, Amy researches both artistic and technical trends surrounding organs in the Netherlands. Amy is interested in finding connections between different regions and time periods to see how the trends have developed. She also wants to put her findings in a historical and social context. Amy hopes that the knowledge graphs can help her identify initial trends. That way she knows where to dig deeper to understand the trends. In order to discover trends, comparisons similar to those needed by the organ advisor (Paul) are required. But besides the comparison of stops in organs made by the same organ builder, the comparisons can be related to almost every component of the organ. For example, the different arthistorical details on the fronts of the organs, or the wind supply system are interesting to compare.
    Amy already has access to the physical as well as online library of the university where she works.
    Amy also has the entire 15 volume collection from the Dutch organ encyclopaedia. She uses the encyclopaedia mostly for reading about the arthistorical and technical aspects and developments of organs and comparing these to other organs.
    Database websites for information about organs and churches which all offer slightly different kinds of information:
        https://www.kerk-en-orgel.nl
        https://reliwiki.nl/
        http://www.orgbase.nl
        https://geoplaza.vu.nl/cms/research/kerkenkaart/ – Kerkenkaart (churchmap) from the Vrije Universiteit Amsterdam",What was the disposition of the organ at a specific point in time?,disposition//point in time,2,disposition//point in time,Yes,Not Justified,source_consistency
Polifonia,Gold,"Mark is interested in understanding how Dutch folk tunes relate to other music, e.g. from French court operas.Starting from a collection of Dutch folk tunes, Mark attempts to relate these tunes to other documented music, using a variety of databases. Mark would like to relate individual pieces of music, but also repertoires generally. He would also like to understand musical evolution and transmission over time. Mark works with:

RISM index of musical sources, composers etc https://opac.rism.info/main-menu-/kachelmenu with the ability to search on names and music

NEUMA, a digital library of musical scores http://neuma.huma-num.fr/home/presentation

ABC notation database http://abcnotation.com/

Database of Dutch tunes http://www.liederenban.nl and http://www.liederebank.nl/mtc

Early American Secular Music and its European sources http://www.cdss.org/elibrary/Easmes/Index.htm

Mark's work could be helped by:

Connection to other databases, so that he could automatically query a range of databases",Has composition X been identified as variant in a tune family?,1: tune family,1,tune family,Yes,Not Justified,source_consistency
Polifonia,Gold,"Mark is interested in understanding how Dutch folk tunes relate to other music, e.g. from French court operas.Starting from a collection of Dutch folk tunes, Mark attempts to relate these tunes to other documented music, using a variety of databases. Mark would like to relate individual pieces of music, but also repertoires generally. He would also like to understand musical evolution and transmission over time. Mark works with:

RISM index of musical sources, composers etc https://opac.rism.info/main-menu-/kachelmenu with the ability to search on names and music

NEUMA, a digital library of musical scores http://neuma.huma-num.fr/home/presentation

ABC notation database http://abcnotation.com/

Database of Dutch tunes http://www.liederenban.nl and http://www.liederebank.nl/mtc

Early American Secular Music and its European sources http://www.cdss.org/elibrary/Easmes/Index.htm

Mark's work could be helped by:

Connection to other databases, so that he could automatically query a range of databases",Which tune family does composition X belong to?,1: tune family,1,tune family,Yes,Not Justified,source_consistency
Polifonia,Gold,"Mark is interested in understanding how Dutch folk tunes relate to other music, e.g. from French court operas.Starting from a collection of Dutch folk tunes, Mark attempts to relate these tunes to other documented music, using a variety of databases. Mark would like to relate individual pieces of music, but also repertoires generally. He would also like to understand musical evolution and transmission over time. Mark works with:

RISM index of musical sources, composers etc https://opac.rism.info/main-menu-/kachelmenu with the ability to search on names and music

NEUMA, a digital library of musical scores http://neuma.huma-num.fr/home/presentation

ABC notation database http://abcnotation.com/

Database of Dutch tunes http://www.liederenban.nl and http://www.liederebank.nl/mtc

Early American Secular Music and its European sources http://www.cdss.org/elibrary/Easmes/Index.htm

Mark's work could be helped by:

Connection to other databases, so that he could automatically query a range of databases",Who assigned composition X to tune family Y?,1: tune family,1,tune family,Yes,Not Justified,source_consistency
Polifonia,Gold,"Mark is interested in understanding how Dutch folk tunes relate to other music, e.g. from French court operas.Starting from a collection of Dutch folk tunes, Mark attempts to relate these tunes to other documented music, using a variety of databases. Mark would like to relate individual pieces of music, but also repertoires generally. He would also like to understand musical evolution and transmission over time. Mark works with:

RISM index of musical sources, composers etc https://opac.rism.info/main-menu-/kachelmenu with the ability to search on names and music

NEUMA, a digital library of musical scores http://neuma.huma-num.fr/home/presentation

ABC notation database http://abcnotation.com/

Database of Dutch tunes http://www.liederenban.nl and http://www.liederebank.nl/mtc

Early American Secular Music and its European sources http://www.cdss.org/elibrary/Easmes/Index.htm

Mark's work could be helped by:

Connection to other databases, so that he could automatically query a range of databases",With what level of confidence is composition X a variant in tune family Y?,"2: tune family, level of confidence",2,"tune family, level of confidence",Yes,Not Justified,source_consistency
Polifonia,Gold,"Mark is interested in understanding how Dutch folk tunes relate to other music, e.g. from French court operas.Starting from a collection of Dutch folk tunes, Mark attempts to relate these tunes to other documented music, using a variety of databases. Mark would like to relate individual pieces of music, but also repertoires generally. He would also like to understand musical evolution and transmission over time. Mark works with:

RISM index of musical sources, composers etc https://opac.rism.info/main-menu-/kachelmenu with the ability to search on names and music

NEUMA, a digital library of musical scores http://neuma.huma-num.fr/home/presentation

ABC notation database http://abcnotation.com/

Database of Dutch tunes http://www.liederenban.nl and http://www.liederebank.nl/mtc

Early American Secular Music and its European sources http://www.cdss.org/elibrary/Easmes/Index.htm

Mark's work could be helped by:

Connection to other databases, so that he could automatically query a range of databases",What are all compositions in tune family X?,1: tune family,1,tune family,Yes,Not Justified,source_consistency
Polifonia,Gold,"Mark is interested in understanding how Dutch folk tunes relate to other music, e.g. from French court operas.Starting from a collection of Dutch folk tunes, Mark attempts to relate these tunes to other documented music, using a variety of databases. Mark would like to relate individual pieces of music, but also repertoires generally. He would also like to understand musical evolution and transmission over time. Mark works with:

RISM index of musical sources, composers etc https://opac.rism.info/main-menu-/kachelmenu with the ability to search on names and music

NEUMA, a digital library of musical scores http://neuma.huma-num.fr/home/presentation

ABC notation database http://abcnotation.com/

Database of Dutch tunes http://www.liederenban.nl and http://www.liederebank.nl/mtc

Early American Secular Music and its European sources http://www.cdss.org/elibrary/Easmes/Index.htm

Mark's work could be helped by:

Connection to other databases, so that he could automatically query a range of databases",What are the similarities / differences of all compositions in tune family X according to measure Y?,"4: similarities, differences, tune family, measure",4,"similarities, differences, tune family, measure",Yes,Not Justified,source_consistency
Polifonia,Gold,"Mark is interested in understanding how Dutch folk tunes relate to other music, e.g. from French court operas.Starting from a collection of Dutch folk tunes, Mark attempts to relate these tunes to other documented music, using a variety of databases. Mark would like to relate individual pieces of music, but also repertoires generally. He would also like to understand musical evolution and transmission over time. Mark works with:

RISM index of musical sources, composers etc https://opac.rism.info/main-menu-/kachelmenu with the ability to search on names and music

NEUMA, a digital library of musical scores http://neuma.huma-num.fr/home/presentation

ABC notation database http://abcnotation.com/

Database of Dutch tunes http://www.liederenban.nl and http://www.liederebank.nl/mtc

Early American Secular Music and its European sources http://www.cdss.org/elibrary/Easmes/Index.htm

Mark's work could be helped by:

Connection to other databases, so that he could automatically query a range of databases","To what tune families is tune family X related, given similarity measure Y?","2: tune family, similarity measure",2,"tune family, similarity measure",Yes,Not Justified,source_consistency
Polifonia,Gold,"Ortenz would like to have a system for visualising events (meetings of composers and musicians) in time and space in order to track musicians' careers, their overlap and intersections, gathering trends in time and space, and making emerge patterns of knowledge transmission.Ortenz is supervising a PhD student. They want to explore a database of prosopographic information of personalities relevant to the musical cultural heritage, focusing primarily on musicians' career but also involving relevant people in sectors such as art, politics, and industry. They are interested in the events and facts nad how they are linked to the sources (biographies, letters, memoirs, encyclopedia). She wants the system to allow her to make annotations on the content, rate the quality of the sources and the accuracy of the statements, and curate collections of facts/statements/events as material for scholarship. 
    Wikipedia
    DBpedia
    Wikidata",Where did she perform?,1: perform,1,perform,Yes,Not Justified,source_consistency
Polifonia,Gold,"Ortenz would like to have a system for visualising events (meetings of composers and musicians) in time and space in order to track musicians' careers, their overlap and intersections, gathering trends in time and space, and making emerge patterns of knowledge transmission.Ortenz is supervising a PhD student. They want to explore a database of prosopographic information of personalities relevant to the musical cultural heritage, focusing primarily on musicians' career but also involving relevant people in sectors such as art, politics, and industry. They are interested in the events and facts nad how they are linked to the sources (biographies, letters, memoirs, encyclopedia). She wants the system to allow her to make annotations on the content, rate the quality of the sources and the accuracy of the statements, and curate collections of facts/statements/events as material for scholarship. 
    Wikipedia
    DBpedia
    Wikidata","Did musician X and performer Y ever meet? Where, when, and why?","2: Performer, why",2,"Performer, why",Yes,Not Justified,source_consistency
Polifonia,Gold,"Ortenz would like to have a system for visualising events (meetings of composers and musicians) in time and space in order to track musicians' careers, their overlap and intersections, gathering trends in time and space, and making emerge patterns of knowledge transmission.Ortenz is supervising a PhD student. They want to explore a database of prosopographic information of personalities relevant to the musical cultural heritage, focusing primarily on musicians' career but also involving relevant people in sectors such as art, politics, and industry. They are interested in the events and facts nad how they are linked to the sources (biographies, letters, memoirs, encyclopedia). She wants the system to allow her to make annotations on the content, rate the quality of the sources and the accuracy of the statements, and curate collections of facts/statements/events as material for scholarship. 
    Wikipedia
    DBpedia
    Wikidata",In what context the meeting happened?,1: context,1,context,Yes,Not Justified,source_consistency
Polifonia,Gold,"Ortenz would like to have a system for visualising events (meetings of composers and musicians) in time and space in order to track musicians' careers, their overlap and intersections, gathering trends in time and space, and making emerge patterns of knowledge transmission.Ortenz is supervising a PhD student. They want to explore a database of prosopographic information of personalities relevant to the musical cultural heritage, focusing primarily on musicians' career but also involving relevant people in sectors such as art, politics, and industry. They are interested in the events and facts nad how they are linked to the sources (biographies, letters, memoirs, encyclopedia). She wants the system to allow her to make annotations on the content, rate the quality of the sources and the accuracy of the statements, and curate collections of facts/statements/events as material for scholarship. 
    Wikipedia
    DBpedia
    Wikidata",What is the nature of the event?,1: nature,1,nature,Yes,Not Justified,source_consistency
Polifonia,Gold,"Ortenz would like to have a system for visualising events (meetings of composers and musicians) in time and space in order to track musicians' careers, their overlap and intersections, gathering trends in time and space, and making emerge patterns of knowledge transmission.Ortenz is supervising a PhD student. They want to explore a database of prosopographic information of personalities relevant to the musical cultural heritage, focusing primarily on musicians' career but also involving relevant people in sectors such as art, politics, and industry. They are interested in the events and facts nad how they are linked to the sources (biographies, letters, memoirs, encyclopedia). She wants the system to allow her to make annotations on the content, rate the quality of the sources and the accuracy of the statements, and curate collections of facts/statements/events as material for scholarship. 
    Wikipedia
    DBpedia
    Wikidata","Was it a celebration, a festival, a private event?","3: celebration, festival, private event",3,"celebration, festival, private event",Yes,Not Justified,source_consistency
Polifonia,Gold,"Ortenz would like to have a system for visualising events (meetings of composers and musicians) in time and space in order to track musicians' careers, their overlap and intersections, gathering trends in time and space, and making emerge patterns of knowledge transmission.Ortenz is supervising a PhD student. They want to explore a database of prosopographic information of personalities relevant to the musical cultural heritage, focusing primarily on musicians' career but also involving relevant people in sectors such as art, politics, and industry. They are interested in the events and facts nad how they are linked to the sources (biographies, letters, memoirs, encyclopedia). She wants the system to allow her to make annotations on the content, rate the quality of the sources and the accuracy of the statements, and curate collections of facts/statements/events as material for scholarship. 
    Wikipedia
    DBpedia
    Wikidata",Was it a religious or a secular event?,"2: religious, secular",2,"religious, secular",Yes,Not Justified,source_consistency
Polifonia,Gold,"Ortenz would like to have a system for visualising events (meetings of composers and musicians) in time and space in order to track musicians' careers, their overlap and intersections, gathering trends in time and space, and making emerge patterns of knowledge transmission.Ortenz is supervising a PhD student. They want to explore a database of prosopographic information of personalities relevant to the musical cultural heritage, focusing primarily on musicians' career but also involving relevant people in sectors such as art, politics, and industry. They are interested in the events and facts nad how they are linked to the sources (biographies, letters, memoirs, encyclopedia). She wants the system to allow her to make annotations on the content, rate the quality of the sources and the accuracy of the statements, and curate collections of facts/statements/events as material for scholarship. 
    Wikipedia
    DBpedia
    Wikidata",Who paid to support the event?,"2: paid, support",2,"paid, support",Yes,Not Justified,source_consistency
Polifonia,Gold,"Ortenz would like to have a system for visualising events (meetings of composers and musicians) in time and space in order to track musicians' careers, their overlap and intersections, gathering trends in time and space, and making emerge patterns of knowledge transmission.Ortenz is supervising a PhD student. They want to explore a database of prosopographic information of personalities relevant to the musical cultural heritage, focusing primarily on musicians' career but also involving relevant people in sectors such as art, politics, and industry. They are interested in the events and facts nad how they are linked to the sources (biographies, letters, memoirs, encyclopedia). She wants the system to allow her to make annotations on the content, rate the quality of the sources and the accuracy of the statements, and curate collections of facts/statements/events as material for scholarship. 
    Wikipedia
    DBpedia
    Wikidata",What is the provenance of the event attendees? What and how they happened to be there?,"3: provenance, attendees, happened to be there",3,"provenance, attendees, happened to be there",Yes,Not Justified,source_consistency
Polifonia,Gold,"Ortenz would like to have a system for visualising events (meetings of composers and musicians) in time and space in order to track musicians' careers, their overlap and intersections, gathering trends in time and space, and making emerge patterns of knowledge transmission.Ortenz is supervising a PhD student. They want to explore a database of prosopographic information of personalities relevant to the musical cultural heritage, focusing primarily on musicians' career but also involving relevant people in sectors such as art, politics, and industry. They are interested in the events and facts nad how they are linked to the sources (biographies, letters, memoirs, encyclopedia). She wants the system to allow her to make annotations on the content, rate the quality of the sources and the accuracy of the statements, and curate collections of facts/statements/events as material for scholarship. 
    Wikipedia
    DBpedia
    Wikidata",Did they travel to reach the place?,"3: travel, reach, place",3,"travel, reach, place",Yes,Not Justified,source_consistency
Polifonia,Gold,"Ortenz would like to have a system for visualising events (meetings of composers and musicians) in time and space in order to track musicians' careers, their overlap and intersections, gathering trends in time and space, and making emerge patterns of knowledge transmission.Ortenz is supervising a PhD student. They want to explore a database of prosopographic information of personalities relevant to the musical cultural heritage, focusing primarily on musicians' career but also involving relevant people in sectors such as art, politics, and industry. They are interested in the events and facts nad how they are linked to the sources (biographies, letters, memoirs, encyclopedia). She wants the system to allow her to make annotations on the content, rate the quality of the sources and the accuracy of the statements, and curate collections of facts/statements/events as material for scholarship. 
    Wikipedia
    DBpedia
    Wikidata",Were they invited? Was the meeting accidental?,"2: invited,accidental",2,"invited,accidental",Yes,Not Justified,source_consistency
Polifonia,Gold,"Ortenz would like to have a system for visualising events (meetings of composers and musicians) in time and space in order to track musicians' careers, their overlap and intersections, gathering trends in time and space, and making emerge patterns of knowledge transmission.Ortenz is supervising a PhD student. They want to explore a database of prosopographic information of personalities relevant to the musical cultural heritage, focusing primarily on musicians' career but also involving relevant people in sectors such as art, politics, and industry. They are interested in the events and facts nad how they are linked to the sources (biographies, letters, memoirs, encyclopedia). She wants the system to allow her to make annotations on the content, rate the quality of the sources and the accuracy of the statements, and curate collections of facts/statements/events as material for scholarship. 
    Wikipedia
    DBpedia
    Wikidata",How can we characterize the relation among the participants?,"2: relation, participants",2,"relation, participants",Yes,Not Justified,source_consistency
Polifonia,Gold,"Ortenz would like to have a system for visualising events (meetings of composers and musicians) in time and space in order to track musicians' careers, their overlap and intersections, gathering trends in time and space, and making emerge patterns of knowledge transmission.Ortenz is supervising a PhD student. They want to explore a database of prosopographic information of personalities relevant to the musical cultural heritage, focusing primarily on musicians' career but also involving relevant people in sectors such as art, politics, and industry. They are interested in the events and facts nad how they are linked to the sources (biographies, letters, memoirs, encyclopedia). She wants the system to allow her to make annotations on the content, rate the quality of the sources and the accuracy of the statements, and curate collections of facts/statements/events as material for scholarship. 
    Wikipedia
    DBpedia
    Wikidata","Was there a power relation? (e.g., Patreon / Musician)","2: power relation, patreon",2,"power relation, patreon",Yes,Not Justified,source_consistency
Polifonia,OntoChat,"Ortenz would like to have a system for visualising events (meetings of composers and musicians) in time and space in order to track musicians' careers, their overlap and intersections, gathering trends in time and space, and making emerge patterns of knowledge transmission.Ortenz is supervising a PhD student. They want to explore a database of prosopographic information of personalities relevant to the musical cultural heritage, focusing primarily on musicians' career but also involving relevant people in sectors such as art, politics, and industry. They are interested in the events and facts nad how they are linked to the sources (biographies, letters, memoirs, encyclopedia). She wants the system to allow her to make annotations on the content, rate the quality of the sources and the accuracy of the statements, and curate collections of facts/statements/events as material for scholarship. 
    Wikipedia
    DBpedia
    Wikidata",What are the main events in the career of musicians?,1: main,1,main,Yes,Not Justified,source_consistency
Polifonia,Gold,"Patrizia is a Demo-Ethno-anthropologist Officer of the Ministry of Culture and she is responsible for the safeguarding of the Intangible Heritage pursuant to the 2003 Unesco Convention. She needs to know if the bells of some bell towers are involved in sound practices conducted by collective social actors who recognize those practices as constitutive trait of their collective identity. Patrizia starts her investigation from the denominations and the location of the bell towers. Patrizia checks whether the sound of those bell towers is done by hand or through electrification. Patrizia checks if there are more or less formalized and more or less recognized human groups that carry out those practices. Patrizia investigate what kind of transmission and apprenticeship methods are carried out: in what age groups, if exclusively male or even female, with what type of transmission (oral, written, formal or informal).",Where is the building/church/bell tower?,"2: building,church",2,"building,church",Yes,Not Justified,source_consistency
Polifonia,Gold,"Patrizia is a Demo-Ethno-anthropologist Officer of the Ministry of Culture and she is responsible for the safeguarding of the Intangible Heritage pursuant to the 2003 Unesco Convention. She needs to know if the bells of some bell towers are involved in sound practices conducted by collective social actors who recognize those practices as constitutive trait of their collective identity. Patrizia starts her investigation from the denominations and the location of the bell towers. Patrizia checks whether the sound of those bell towers is done by hand or through electrification. Patrizia checks if there are more or less formalized and more or less recognized human groups that carry out those practices. Patrizia investigate what kind of transmission and apprenticeship methods are carried out: in what age groups, if exclusively male or even female, with what type of transmission (oral, written, formal or informal).",When (what year) was the building built?,"3: When, building, built",3,"When, building, built",Yes,Not Justified,source_consistency
Polifonia,Gold,"Patrizia is a Demo-Ethno-anthropologist Officer of the Ministry of Culture and she is responsible for the safeguarding of the Intangible Heritage pursuant to the 2003 Unesco Convention. She needs to know if the bells of some bell towers are involved in sound practices conducted by collective social actors who recognize those practices as constitutive trait of their collective identity. Patrizia starts her investigation from the denominations and the location of the bell towers. Patrizia checks whether the sound of those bell towers is done by hand or through electrification. Patrizia checks if there are more or less formalized and more or less recognized human groups that carry out those practices. Patrizia investigate what kind of transmission and apprenticeship methods are carried out: in what age groups, if exclusively male or even female, with what type of transmission (oral, written, formal or informal).","In which context is the building located (urban, periurban...)?","5:context,building,located,urban,periurban",5,"context,building,located,urban,periurban",Yes,Not Justified,source_consistency
Polifonia,Gold,"Patrizia is a Demo-Ethno-anthropologist Officer of the Ministry of Culture and she is responsible for the safeguarding of the Intangible Heritage pursuant to the 2003 Unesco Convention. She needs to know if the bells of some bell towers are involved in sound practices conducted by collective social actors who recognize those practices as constitutive trait of their collective identity. Patrizia starts her investigation from the denominations and the location of the bell towers. Patrizia checks whether the sound of those bell towers is done by hand or through electrification. Patrizia checks if there are more or less formalized and more or less recognized human groups that carry out those practices. Patrizia investigate what kind of transmission and apprenticeship methods are carried out: in what age groups, if exclusively male or even female, with what type of transmission (oral, written, formal or informal).",Are there bells in the church/bell tower? How many bells are in the church/bell tower?,"2: church,how many",2,"church,how many",Yes,Not Justified,source_consistency
Polifonia,Gold,"Patrizia is a Demo-Ethno-anthropologist Officer of the Ministry of Culture and she is responsible for the safeguarding of the Intangible Heritage pursuant to the 2003 Unesco Convention. She needs to know if the bells of some bell towers are involved in sound practices conducted by collective social actors who recognize those practices as constitutive trait of their collective identity. Patrizia starts her investigation from the denominations and the location of the bell towers. Patrizia checks whether the sound of those bell towers is done by hand or through electrification. Patrizia checks if there are more or less formalized and more or less recognized human groups that carry out those practices. Patrizia investigate what kind of transmission and apprenticeship methods are carried out: in what age groups, if exclusively male or even female, with what type of transmission (oral, written, formal or informal).",Is there a single bell or a poliorganic instrument (a set of bells) in a church/bell tower?,"2: poliorganic, church",2,"poliorganic, church",Yes,Not Justified,source_consistency
Polifonia,Gold,"Patrizia is a Demo-Ethno-anthropologist Officer of the Ministry of Culture and she is responsible for the safeguarding of the Intangible Heritage pursuant to the 2003 Unesco Convention. She needs to know if the bells of some bell towers are involved in sound practices conducted by collective social actors who recognize those practices as constitutive trait of their collective identity. Patrizia starts her investigation from the denominations and the location of the bell towers. Patrizia checks whether the sound of those bell towers is done by hand or through electrification. Patrizia checks if there are more or less formalized and more or less recognized human groups that carry out those practices. Patrizia investigate what kind of transmission and apprenticeship methods are carried out: in what age groups, if exclusively male or even female, with what type of transmission (oral, written, formal or informal).",By whom (by which foundry) were they cast?,"2: foundry,cast",2,"foundry,cast",Yes,Not Justified,source_consistency
Polifonia,Gold,"Patrizia is a Demo-Ethno-anthropologist Officer of the Ministry of Culture and she is responsible for the safeguarding of the Intangible Heritage pursuant to the 2003 Unesco Convention. She needs to know if the bells of some bell towers are involved in sound practices conducted by collective social actors who recognize those practices as constitutive trait of their collective identity. Patrizia starts her investigation from the denominations and the location of the bell towers. Patrizia checks whether the sound of those bell towers is done by hand or through electrification. Patrizia checks if there are more or less formalized and more or less recognized human groups that carry out those practices. Patrizia investigate what kind of transmission and apprenticeship methods are carried out: in what age groups, if exclusively male or even female, with what type of transmission (oral, written, formal or informal).",When were they cast?,1: cast,1,cast,Yes,Not Justified,source_consistency
Polifonia,Gold,"Patrizia is a Demo-Ethno-anthropologist Officer of the Ministry of Culture and she is responsible for the safeguarding of the Intangible Heritage pursuant to the 2003 Unesco Convention. She needs to know if the bells of some bell towers are involved in sound practices conducted by collective social actors who recognize those practices as constitutive trait of their collective identity. Patrizia starts her investigation from the denominations and the location of the bell towers. Patrizia checks whether the sound of those bell towers is done by hand or through electrification. Patrizia checks if there are more or less formalized and more or less recognized human groups that carry out those practices. Patrizia investigate what kind of transmission and apprenticeship methods are carried out: in what age groups, if exclusively male or even female, with what type of transmission (oral, written, formal or informal).",Which is the material of the bell?,1: material,1,material,Yes,Not Justified,source_consistency
Polifonia,Gold,"Patrizia is a Demo-Ethno-anthropologist Officer of the Ministry of Culture and she is responsible for the safeguarding of the Intangible Heritage pursuant to the 2003 Unesco Convention. She needs to know if the bells of some bell towers are involved in sound practices conducted by collective social actors who recognize those practices as constitutive trait of their collective identity. Patrizia starts her investigation from the denominations and the location of the bell towers. Patrizia checks whether the sound of those bell towers is done by hand or through electrification. Patrizia checks if there are more or less formalized and more or less recognized human groups that carry out those practices. Patrizia investigate what kind of transmission and apprenticeship methods are carried out: in what age groups, if exclusively male or even female, with what type of transmission (oral, written, formal or informal).",Which is the weight of the bell?,1: weight,1,weight,Yes,Not Justified,source_consistency
Polifonia,Gold,"Patrizia is a Demo-Ethno-anthropologist Officer of the Ministry of Culture and she is responsible for the safeguarding of the Intangible Heritage pursuant to the 2003 Unesco Convention. She needs to know if the bells of some bell towers are involved in sound practices conducted by collective social actors who recognize those practices as constitutive trait of their collective identity. Patrizia starts her investigation from the denominations and the location of the bell towers. Patrizia checks whether the sound of those bell towers is done by hand or through electrification. Patrizia checks if there are more or less formalized and more or less recognized human groups that carry out those practices. Patrizia investigate what kind of transmission and apprenticeship methods are carried out: in what age groups, if exclusively male or even female, with what type of transmission (oral, written, formal or informal).",Which are the measures of the bell?,1: measures,1,measures,Yes,Not Justified,source_consistency
Polifonia,Gold,"Patrizia is a Demo-Ethno-anthropologist Officer of the Ministry of Culture and she is responsible for the safeguarding of the Intangible Heritage pursuant to the 2003 Unesco Convention. She needs to know if the bells of some bell towers are involved in sound practices conducted by collective social actors who recognize those practices as constitutive trait of their collective identity. Patrizia starts her investigation from the denominations and the location of the bell towers. Patrizia checks whether the sound of those bell towers is done by hand or through electrification. Patrizia checks if there are more or less formalized and more or less recognized human groups that carry out those practices. Patrizia investigate what kind of transmission and apprenticeship methods are carried out: in what age groups, if exclusively male or even female, with what type of transmission (oral, written, formal or informal).",Which is the extension of the whole set of bells in a bell tower?,1: extension,1,extension,Yes,Not Justified,source_consistency
Polifonia,OntoChat,"Patrizia is a Demo-Ethno-anthropologist Officer of the Ministry of Culture and she is responsible for the safeguarding of the Intangible Heritage pursuant to the 2003 Unesco Convention. She needs to know if the bells of some bell towers are involved in sound practices conducted by collective social actors who recognize those practices as constitutive trait of their collective identity. Patrizia starts her investigation from the denominations and the location of the bell towers. Patrizia checks whether the sound of those bell towers is done by hand or through electrification. Patrizia checks if there are more or less formalized and more or less recognized human groups that carry out those practices. Patrizia investigate what kind of transmission and apprenticeship methods are carried out: in what age groups, if exclusively male or even female, with what type of transmission (oral, written, formal or informal).","What methods of transmission and apprenticeship are used for the bell tower practices, including age groups and gender inclusivity?",1: gender inclusivity,1,gender inclusivity,Yes,Not Justified,source_consistency
Polifonia,Gold,"Sophia is a musicologist and a practising musician. Sophia is interested in understanding the social-historical reasons behind how the music was created and how it sounds. Sophia is doing social-historical research, using textual sources. One of her current projects is concerned with the relationship between music, medicine and religion at a particular charitable institution in 17th century Italy. The sources she uses, which are also not digitized, include records of an institution, payslips etc.The resources which Sophia uses are often not digitized. Therefore she needs to visit libraries. Whilst there, she will sift through the appropriate material, and take photographs of the most relevant. She will then analyze these photographs on her return home. In one particular library she may not be able to take photographs, and there she can only take notes. Sophia uses spreadsheets to maintain and compare information.

Sophia's work could be helped by:

    digitalisation of her source material;
    handwriting OCR;
    data visualization, e.g. to illustrate relationships between composers, institutions etc.;
    use of a database, i.e. as upgrade to current use of spreadsheets;
    named-entity recognition","What is the time relationship between different musicians, e.g., who was working at the same time?","3: relationship, musicians, working at the same time",3,"relationship, musicians, working at the same time",Yes,Not Justified,source_consistency
Polifonia,Gold,"Sophia is a musicologist and a practising musician. Sophia is interested in understanding the social-historical reasons behind how the music was created and how it sounds. Sophia is doing social-historical research, using textual sources. One of her current projects is concerned with the relationship between music, medicine and religion at a particular charitable institution in 17th century Italy. The sources she uses, which are also not digitized, include records of an institution, payslips etc.The resources which Sophia uses are often not digitized. Therefore she needs to visit libraries. Whilst there, she will sift through the appropriate material, and take photographs of the most relevant. She will then analyze these photographs on her return home. In one particular library she may not be able to take photographs, and there she can only take notes. Sophia uses spreadsheets to maintain and compare information.

Sophia's work could be helped by:

    digitalisation of her source material;
    handwriting OCR;
    data visualization, e.g. to illustrate relationships between composers, institutions etc.;
    use of a database, i.e. as upgrade to current use of spreadsheets;
    named-entity recognition","What was the composer’s network (patrons, institutions …)?","2: network, patrons",2,"network, patrons",Yes,Not Justified,source_consistency
Polifonia,OntoChat,"Sophia is a musicologist and a practising musician. Sophia is interested in understanding the social-historical reasons behind how the music was created and how it sounds. Sophia is doing social-historical research, using textual sources. One of her current projects is concerned with the relationship between music, medicine and religion at a particular charitable institution in 17th century Italy. The sources she uses, which are also not digitized, include records of an institution, payslips etc.The resources which Sophia uses are often not digitized. Therefore she needs to visit libraries. Whilst there, she will sift through the appropriate material, and take photographs of the most relevant. She will then analyze these photographs on her return home. In one particular library she may not be able to take photographs, and there she can only take notes. Sophia uses spreadsheets to maintain and compare information.

Sophia's work could be helped by:

    digitalisation of her source material;
    handwriting OCR;
    data visualization, e.g. to illustrate relationships between composers, institutions etc.;
    use of a database, i.e. as upgrade to current use of spreadsheets;
    named-entity recognition",How could Sophia's work be enhanced through the use of named-entity recognition?,1: enhanced,1,enhanced,Yes,Not Justified,source_consistency
Polifonia,Gold,"Sophia’s original qualifications, and her Ph.D., were in music and she is also a practising musician. She is a musicologist working in the music department of a university. She has a particular interest in late 16th to 18th century music, specifically that of a particular composer living and working in Rome, Wien (Haydn, Mozart, Beethoven) London and Paris. As musician and historian, Sophia needs to study the instrumentation of a musical composition of the 18th century in order to organize a music festival that compares philological and modern performances and that proposes music compositions of that time with a completely new orchestration. To do this, she needs detailed informations about musical instruments, ancient and modern: how they were used in the original compositions and in the 18th century, to which instrument family each instrument belongs, in which instruments combination they have been used in musical compositions from any era. For each instrument Sophia will have to take into account these important properties: the timbre or range of timbres; the range of pitches; the dynamic range. Sophia is also interested to know the instrument's notation.",Which is the physical realization of an instrument?,1: physical realization,1,physical realization,Yes,Not Justified,source_consistency
Polifonia,Gold,"Sophia’s original qualifications, and her Ph.D., were in music and she is also a practising musician. She is a musicologist working in the music department of a university. She has a particular interest in late 16th to 18th century music, specifically that of a particular composer living and working in Rome, Wien (Haydn, Mozart, Beethoven) London and Paris. As musician and historian, Sophia needs to study the instrumentation of a musical composition of the 18th century in order to organize a music festival that compares philological and modern performances and that proposes music compositions of that time with a completely new orchestration. To do this, she needs detailed informations about musical instruments, ancient and modern: how they were used in the original compositions and in the 18th century, to which instrument family each instrument belongs, in which instruments combination they have been used in musical compositions from any era. For each instrument Sophia will have to take into account these important properties: the timbre or range of timbres; the range of pitches; the dynamic range. Sophia is also interested to know the instrument's notation.",Which are the parts of an instrument?,1: parts of,1,parts of,Yes,Not Justified,source_consistency
Polifonia,Gold,"Sophia’s original qualifications, and her Ph.D., were in music and she is also a practising musician. She is a musicologist working in the music department of a university. She has a particular interest in late 16th to 18th century music, specifically that of a particular composer living and working in Rome, Wien (Haydn, Mozart, Beethoven) London and Paris. As musician and historian, Sophia needs to study the instrumentation of a musical composition of the 18th century in order to organize a music festival that compares philological and modern performances and that proposes music compositions of that time with a completely new orchestration. To do this, she needs detailed informations about musical instruments, ancient and modern: how they were used in the original compositions and in the 18th century, to which instrument family each instrument belongs, in which instruments combination they have been used in musical compositions from any era. For each instrument Sophia will have to take into account these important properties: the timbre or range of timbres; the range of pitches; the dynamic range. Sophia is also interested to know the instrument's notation.",Who invented an instrument?,1: invented,1,invented,Yes,Not Justified,source_consistency
Polifonia,Gold,"Sophia’s original qualifications, and her Ph.D., were in music and she is also a practising musician. She is a musicologist working in the music department of a university. She has a particular interest in late 16th to 18th century music, specifically that of a particular composer living and working in Rome, Wien (Haydn, Mozart, Beethoven) London and Paris. As musician and historian, Sophia needs to study the instrumentation of a musical composition of the 18th century in order to organize a music festival that compares philological and modern performances and that proposes music compositions of that time with a completely new orchestration. To do this, she needs detailed informations about musical instruments, ancient and modern: how they were used in the original compositions and in the 18th century, to which instrument family each instrument belongs, in which instruments combination they have been used in musical compositions from any era. For each instrument Sophia will have to take into account these important properties: the timbre or range of timbres; the range of pitches; the dynamic range. Sophia is also interested to know the instrument's notation.",When was an instrument invented?,"2: when, invented",2,"when, invented",Yes,Not Justified,source_consistency
Polifonia,Gold,"Sophia’s original qualifications, and her Ph.D., were in music and she is also a practising musician. She is a musicologist working in the music department of a university. She has a particular interest in late 16th to 18th century music, specifically that of a particular composer living and working in Rome, Wien (Haydn, Mozart, Beethoven) London and Paris. As musician and historian, Sophia needs to study the instrumentation of a musical composition of the 18th century in order to organize a music festival that compares philological and modern performances and that proposes music compositions of that time with a completely new orchestration. To do this, she needs detailed informations about musical instruments, ancient and modern: how they were used in the original compositions and in the 18th century, to which instrument family each instrument belongs, in which instruments combination they have been used in musical compositions from any era. For each instrument Sophia will have to take into account these important properties: the timbre or range of timbres; the range of pitches; the dynamic range. Sophia is also interested to know the instrument's notation.",When was an instrument realization built?,"3: when, instrument realization, built",3,"when, instrument realization, built",Yes,Not Justified,source_consistency
Polifonia,Gold,"Sophia’s original qualifications, and her Ph.D., were in music and she is also a practising musician. She is a musicologist working in the music department of a university. She has a particular interest in late 16th to 18th century music, specifically that of a particular composer living and working in Rome, Wien (Haydn, Mozart, Beethoven) London and Paris. As musician and historian, Sophia needs to study the instrumentation of a musical composition of the 18th century in order to organize a music festival that compares philological and modern performances and that proposes music compositions of that time with a completely new orchestration. To do this, she needs detailed informations about musical instruments, ancient and modern: how they were used in the original compositions and in the 18th century, to which instrument family each instrument belongs, in which instruments combination they have been used in musical compositions from any era. For each instrument Sophia will have to take into account these important properties: the timbre or range of timbres; the range of pitches; the dynamic range. Sophia is also interested to know the instrument's notation.",Where was an instrument realization built?,"3: where, instrument realization, built",3,"where, instrument realization, built",Yes,Not Justified,source_consistency
Polifonia,Gold,"Sophia’s original qualifications, and her Ph.D., were in music and she is also a practising musician. She is a musicologist working in the music department of a university. She has a particular interest in late 16th to 18th century music, specifically that of a particular composer living and working in Rome, Wien (Haydn, Mozart, Beethoven) London and Paris. As musician and historian, Sophia needs to study the instrumentation of a musical composition of the 18th century in order to organize a music festival that compares philological and modern performances and that proposes music compositions of that time with a completely new orchestration. To do this, she needs detailed informations about musical instruments, ancient and modern: how they were used in the original compositions and in the 18th century, to which instrument family each instrument belongs, in which instruments combination they have been used in musical compositions from any era. For each instrument Sophia will have to take into account these important properties: the timbre or range of timbres; the range of pitches; the dynamic range. Sophia is also interested to know the instrument's notation.",Who built an instrument realization?,"3: who, built, instrument realization",3,"who, built, instrument realization",Yes,Not Justified,source_consistency
Polifonia,Gold,"Successfully plan the restoration of an organ.. In this scenario Paul has to plan a similar restoration. However, from his already extensive knowledge about organs, he is uncertain about some of the information that was provided by the encyclopaedia. That is, some of the mentioned components and technicalities such as the pitch seemed illogical when compared to the other organs from the same organ builder. If it would somehow be possible to mark facts that are unreliable or untrue, that would save Paul a lot of time checking, verifying, and notating.
    Het Historische Orgel in Nederland – Dutch organ encyclopedia
    http://www.orgbase.nl – Dutch hobbyist-made website with information similar to Het Historische Orgel
    Church and city archives
    Old newspapers
    https://www.delpher.nl – digital database from the Dutch Royal Library
    Organs (sight visits)
    http://www.dtbob.org/ – Belgian digital organ database",Which is the subject of a source?,"2: subject, source",2,"subject, source",Yes,Not Justified,source_consistency
Polifonia,Gold,"Successfully plan the restoration of an organ.. In this scenario Paul has to plan a similar restoration. However, from his already extensive knowledge about organs, he is uncertain about some of the information that was provided by the encyclopaedia. That is, some of the mentioned components and technicalities such as the pitch seemed illogical when compared to the other organs from the same organ builder. If it would somehow be possible to mark facts that are unreliable or untrue, that would save Paul a lot of time checking, verifying, and notating.
    Het Historische Orgel in Nederland – Dutch organ encyclopedia
    http://www.orgbase.nl – Dutch hobbyist-made website with information similar to Het Historische Orgel
    Church and city archives
    Old newspapers
    https://www.delpher.nl – digital database from the Dutch Royal Library
    Organs (sight visits)
    http://www.dtbob.org/ – Belgian digital organ database",Which is the credibility of a source?,1: credibility,1,credibility,Yes,Not Justified,source_consistency
Polifonia,Gold,"Successfully plan the restoration of an organ.. In this scenario Paul has to plan a similar restoration. However, from his already extensive knowledge about organs, he is uncertain about some of the information that was provided by the encyclopaedia. That is, some of the mentioned components and technicalities such as the pitch seemed illogical when compared to the other organs from the same organ builder. If it would somehow be possible to mark facts that are unreliable or untrue, that would save Paul a lot of time checking, verifying, and notating.
    Het Historische Orgel in Nederland – Dutch organ encyclopedia
    http://www.orgbase.nl – Dutch hobbyist-made website with information similar to Het Historische Orgel
    Church and city archives
    Old newspapers
    https://www.delpher.nl – digital database from the Dutch Royal Library
    Organs (sight visits)
    http://www.dtbob.org/ – Belgian digital organ database",Which is the goal of a source?,"2: goal, source",2,"goal, source",Yes,Not Justified,source_consistency
Polifonia,Gold,"Successfully plan the restoration of an organ.. In this scenario Paul has to plan a similar restoration. However, from his already extensive knowledge about organs, he is uncertain about some of the information that was provided by the encyclopaedia. That is, some of the mentioned components and technicalities such as the pitch seemed illogical when compared to the other organs from the same organ builder. If it would somehow be possible to mark facts that are unreliable or untrue, that would save Paul a lot of time checking, verifying, and notating.
    Het Historische Orgel in Nederland – Dutch organ encyclopedia
    http://www.orgbase.nl – Dutch hobbyist-made website with information similar to Het Historische Orgel
    Church and city archives
    Old newspapers
    https://www.delpher.nl – digital database from the Dutch Royal Library
    Organs (sight visits)
    http://www.dtbob.org/ – Belgian digital organ database",Which is the type of a source?,"2: type, source",2,"type, source",Yes,Not Justified,source_consistency
Polifonia,Gold,"Successfully plan the restoration of an organ.. In this scenario Paul has to plan a similar restoration. However, from his already extensive knowledge about organs, he is uncertain about some of the information that was provided by the encyclopaedia. That is, some of the mentioned components and technicalities such as the pitch seemed illogical when compared to the other organs from the same organ builder. If it would somehow be possible to mark facts that are unreliable or untrue, that would save Paul a lot of time checking, verifying, and notating.
    Het Historische Orgel in Nederland – Dutch organ encyclopedia
    http://www.orgbase.nl – Dutch hobbyist-made website with information similar to Het Historische Orgel
    Church and city archives
    Old newspapers
    https://www.delpher.nl – digital database from the Dutch Royal Library
    Organs (sight visits)
    http://www.dtbob.org/ – Belgian digital organ database",Which is the context of production of a source?,"2: context of production, source",2,"context of production, source",Yes,Not Justified,source_consistency
Polifonia,Gold,"Successfully plan the restoration of an organ.. In this scenario Paul has to plan a similar restoration. However, from his already extensive knowledge about organs, he is uncertain about some of the information that was provided by the encyclopaedia. That is, some of the mentioned components and technicalities such as the pitch seemed illogical when compared to the other organs from the same organ builder. If it would somehow be possible to mark facts that are unreliable or untrue, that would save Paul a lot of time checking, verifying, and notating.
    Het Historische Orgel in Nederland – Dutch organ encyclopedia
    http://www.orgbase.nl – Dutch hobbyist-made website with information similar to Het Historische Orgel
    Church and city archives
    Old newspapers
    https://www.delpher.nl – digital database from the Dutch Royal Library
    Organs (sight visits)
    http://www.dtbob.org/ – Belgian digital organ database",Which is the context of usage of a source?,"2: context of usage, source",2,"context of usage, source",Yes,Not Justified,source_consistency
Polifonia,OntoChat,"Successfully plan the restoration of an organ.. In this scenario Paul has to plan a similar restoration. However, from his already extensive knowledge about organs, he is uncertain about some of the information that was provided by the encyclopaedia. That is, some of the mentioned components and technicalities such as the pitch seemed illogical when compared to the other organs from the same organ builder. If it would somehow be possible to mark facts that are unreliable or untrue, that would save Paul a lot of time checking, verifying, and notating.
    Het Historische Orgel in Nederland – Dutch organ encyclopedia
    http://www.orgbase.nl – Dutch hobbyist-made website with information similar to Het Historische Orgel
    Church and city archives
    Old newspapers
    https://www.delpher.nl – digital database from the Dutch Royal Library
    Organs (sight visits)
    http://www.dtbob.org/ – Belgian digital organ database",How can the information from Het Historische Orgel in Nederland and other sources be cross-referenced to ensure accuracy?,1: cross-referenced,1,cross-referenced,Yes,Not Justified,source_consistency
Polifonia,NeoNGPT_GPT4o,"Amy wants to assess the developments of organ builders. This research includes looking into which organs an organ builder worked on and how their projects developed over time. This development can range from an increase of the size of the organ, to locality of their projects, or to the type or prestige of the project. The history section of the 15-part organ encyclopaedia is mostly used for this as this specifies year and changes that are made to the organs, but this obviously takes a lot of time and effort to research. 
    Amy already has access to the physical as well as online library of the university where she works.
    Amy also has the entire 15 volume collection from the Dutch organ encyclopaedia. She uses the encyclopaedia mostly for reading about the arthistorical and technical aspects and developments of organs and comparing these to other organs.
    Database websites for information about organs and churches which all offer slightly different kinds of information:
        https://www.kerk-en-orgel.nl
        https://reliwiki.nl/
        http://www.orgbase.nl
        https://geoplaza.vu.nl/cms/research/kerkenkaart/ – Kerkenkaart (churchmap) from the Vrije Universiteit Amsterdam",What are the biographical details of a specific organ builder?,1 (biography),1,1 (biography),No,Justified,source_consistency
Polifonia,NeoNGPT_GPT4o,"Amy wants to assess the developments of organ builders. This research includes looking into which organs an organ builder worked on and how their projects developed over time. This development can range from an increase of the size of the organ, to locality of their projects, or to the type or prestige of the project. The history section of the 15-part organ encyclopaedia is mostly used for this as this specifies year and changes that are made to the organs, but this obviously takes a lot of time and effort to research. 
    Amy already has access to the physical as well as online library of the university where she works.
    Amy also has the entire 15 volume collection from the Dutch organ encyclopaedia. She uses the encyclopaedia mostly for reading about the arthistorical and technical aspects and developments of organs and comparing these to other organs.
    Database websites for information about organs and churches which all offer slightly different kinds of information:
        https://www.kerk-en-orgel.nl
        https://reliwiki.nl/
        http://www.orgbase.nl
        https://geoplaza.vu.nl/cms/research/kerkenkaart/ – Kerkenkaart (churchmap) from the Vrije Universiteit Amsterdam",What is the geographical location of a specific organ project?,1: geographical location,1,geographical location,,Justified,llm
Polifonia,NeoNGPT_GPT4o,"Amy wants to assess the developments of organ builders. This research includes looking into which organs an organ builder worked on and how their projects developed over time. This development can range from an increase of the size of the organ, to locality of their projects, or to the type or prestige of the project. The history section of the 15-part organ encyclopaedia is mostly used for this as this specifies year and changes that are made to the organs, but this obviously takes a lot of time and effort to research. 
    Amy already has access to the physical as well as online library of the university where she works.
    Amy also has the entire 15 volume collection from the Dutch organ encyclopaedia. She uses the encyclopaedia mostly for reading about the arthistorical and technical aspects and developments of organs and comparing these to other organs.
    Database websites for information about organs and churches which all offer slightly different kinds of information:
        https://www.kerk-en-orgel.nl
        https://reliwiki.nl/
        http://www.orgbase.nl
        https://geoplaza.vu.nl/cms/research/kerkenkaart/ – Kerkenkaart (churchmap) from the Vrije Universiteit Amsterdam",Which organ builders were active during a specific historical period?,1: historical period,1,historical period,,Justified,llm
Polifonia,NeoNGPT_GPT4o,"Amy wants to assess the developments of organ builders. This research includes looking into which organs an organ builder worked on and how their projects developed over time. This development can range from an increase of the size of the organ, to locality of their projects, or to the type or prestige of the project. The history section of the 15-part organ encyclopaedia is mostly used for this as this specifies year and changes that are made to the organs, but this obviously takes a lot of time and effort to research. 
    Amy already has access to the physical as well as online library of the university where she works.
    Amy also has the entire 15 volume collection from the Dutch organ encyclopaedia. She uses the encyclopaedia mostly for reading about the arthistorical and technical aspects and developments of organs and comparing these to other organs.
    Database websites for information about organs and churches which all offer slightly different kinds of information:
        https://www.kerk-en-orgel.nl
        https://reliwiki.nl/
        http://www.orgbase.nl
        https://geoplaza.vu.nl/cms/research/kerkenkaart/ – Kerkenkaart (churchmap) from the Vrije Universiteit Amsterdam",How can data from different online databases be integrated for a specific organ project?,1: integrated,1,integrated,,Justified,llm
Polifonia,NeoNGPT_GPT4o,"Amy wants to assess the developments of organ builders. This research includes looking into which organs an organ builder worked on and how their projects developed over time. This development can range from an increase of the size of the organ, to locality of their projects, or to the type or prestige of the project. The history section of the 15-part organ encyclopaedia is mostly used for this as this specifies year and changes that are made to the organs, but this obviously takes a lot of time and effort to research. 
    Amy already has access to the physical as well as online library of the university where she works.
    Amy also has the entire 15 volume collection from the Dutch organ encyclopaedia. She uses the encyclopaedia mostly for reading about the arthistorical and technical aspects and developments of organs and comparing these to other organs.
    Database websites for information about organs and churches which all offer slightly different kinds of information:
        https://www.kerk-en-orgel.nl
        https://reliwiki.nl/
        http://www.orgbase.nl
        https://geoplaza.vu.nl/cms/research/kerkenkaart/ – Kerkenkaart (churchmap) from the Vrije Universiteit Amsterdam",What are the key developments in organ building in a specific geographical region?,1: geographical region,1,geographical region,,Justified,llm
Polifonia,NeoNGPT_GPT4o,"Amy wants to assess the developments of organ builders. This research includes looking into which organs an organ builder worked on and how their projects developed over time. This development can range from an increase of the size of the organ, to locality of their projects, or to the type or prestige of the project. The history section of the 15-part organ encyclopaedia is mostly used for this as this specifies year and changes that are made to the organs, but this obviously takes a lot of time and effort to research. 
    Amy already has access to the physical as well as online library of the university where she works.
    Amy also has the entire 15 volume collection from the Dutch organ encyclopaedia. She uses the encyclopaedia mostly for reading about the arthistorical and technical aspects and developments of organs and comparing these to other organs.
    Database websites for information about organs and churches which all offer slightly different kinds of information:
        https://www.kerk-en-orgel.nl
        https://reliwiki.nl/
        http://www.orgbase.nl
        https://geoplaza.vu.nl/cms/research/kerkenkaart/ – Kerkenkaart (churchmap) from the Vrije Universiteit Amsterdam",How can the developments of organ builders be visualized over time?,1: visualized,1,visualized,,Justified,llm
Polifonia,NeoNGPT_GPT4o,"Amy wants to assess the developments of organ builders. This research includes looking into which organs an organ builder worked on and how their projects developed over time. This development can range from an increase of the size of the organ, to locality of their projects, or to the type or prestige of the project. The history section of the 15-part organ encyclopaedia is mostly used for this as this specifies year and changes that are made to the organs, but this obviously takes a lot of time and effort to research. 
    Amy already has access to the physical as well as online library of the university where she works.
    Amy also has the entire 15 volume collection from the Dutch organ encyclopaedia. She uses the encyclopaedia mostly for reading about the arthistorical and technical aspects and developments of organs and comparing these to other organs.
    Database websites for information about organs and churches which all offer slightly different kinds of information:
        https://www.kerk-en-orgel.nl
        https://reliwiki.nl/
        http://www.orgbase.nl
        https://geoplaza.vu.nl/cms/research/kerkenkaart/ – Kerkenkaart (churchmap) from the Vrije Universiteit Amsterdam",What are the most prestigious organ projects undertaken by a specific builder?,1: most,1,most,,Not Justified,llm
Polifonia,NeoNGPT_GPT4o,"Amy wants to assess the developments of organ builders. This research includes looking into which organs an organ builder worked on and how their projects developed over time. This development can range from an increase of the size of the organ, to locality of their projects, or to the type or prestige of the project. The history section of the 15-part organ encyclopaedia is mostly used for this as this specifies year and changes that are made to the organs, but this obviously takes a lot of time and effort to research. 
    Amy already has access to the physical as well as online library of the university where she works.
    Amy also has the entire 15 volume collection from the Dutch organ encyclopaedia. She uses the encyclopaedia mostly for reading about the arthistorical and technical aspects and developments of organs and comparing these to other organs.
    Database websites for information about organs and churches which all offer slightly different kinds of information:
        https://www.kerk-en-orgel.nl
        https://reliwiki.nl/
        http://www.orgbase.nl
        https://geoplaza.vu.nl/cms/research/kerkenkaart/ – Kerkenkaart (churchmap) from the Vrije Universiteit Amsterdam",How can the locality of organ projects be mapped geographically?,1: mapped geographically,1,mapped geographically,,Justified,llm
Polifonia,NeoNGPT_GPT4o,"Amy wants to assess the developments of organ builders. This research includes looking into which organs an organ builder worked on and how their projects developed over time. This development can range from an increase of the size of the organ, to locality of their projects, or to the type or prestige of the project. The history section of the 15-part organ encyclopaedia is mostly used for this as this specifies year and changes that are made to the organs, but this obviously takes a lot of time and effort to research. 
    Amy already has access to the physical as well as online library of the university where she works.
    Amy also has the entire 15 volume collection from the Dutch organ encyclopaedia. She uses the encyclopaedia mostly for reading about the arthistorical and technical aspects and developments of organs and comparing these to other organs.
    Database websites for information about organs and churches which all offer slightly different kinds of information:
        https://www.kerk-en-orgel.nl
        https://reliwiki.nl/
        http://www.orgbase.nl
        https://geoplaza.vu.nl/cms/research/kerkenkaart/ – Kerkenkaart (churchmap) from the Vrije Universiteit Amsterdam",What are the most significant changes in organ building techniques over time?,1: significant,1,significant,,Not Justified,llm
Polifonia,NeoNGPT_GPT4o,"Amy wants to assess the developments of organ builders. This research includes looking into which organs an organ builder worked on and how their projects developed over time. This development can range from an increase of the size of the organ, to locality of their projects, or to the type or prestige of the project. The history section of the 15-part organ encyclopaedia is mostly used for this as this specifies year and changes that are made to the organs, but this obviously takes a lot of time and effort to research. 
    Amy already has access to the physical as well as online library of the university where she works.
    Amy also has the entire 15 volume collection from the Dutch organ encyclopaedia. She uses the encyclopaedia mostly for reading about the arthistorical and technical aspects and developments of organs and comparing these to other organs.
    Database websites for information about organs and churches which all offer slightly different kinds of information:
        https://www.kerk-en-orgel.nl
        https://reliwiki.nl/
        http://www.orgbase.nl
        https://geoplaza.vu.nl/cms/research/kerkenkaart/ – Kerkenkaart (churchmap) from the Vrije Universiteit Amsterdam",How can researchers query information about organ builders and their projects efficiently?,1: efficiently,1,efficiently,,Justified,llm
Polifonia,NeoNGPT_GPT4o,"Amy wants to assess the developments of organ builders. This research includes looking into which organs an organ builder worked on and how their projects developed over time. This development can range from an increase of the size of the organ, to locality of their projects, or to the type or prestige of the project. The history section of the 15-part organ encyclopaedia is mostly used for this as this specifies year and changes that are made to the organs, but this obviously takes a lot of time and effort to research. 
    Amy already has access to the physical as well as online library of the university where she works.
    Amy also has the entire 15 volume collection from the Dutch organ encyclopaedia. She uses the encyclopaedia mostly for reading about the arthistorical and technical aspects and developments of organs and comparing these to other organs.
    Database websites for information about organs and churches which all offer slightly different kinds of information:
        https://www.kerk-en-orgel.nl
        https://reliwiki.nl/
        http://www.orgbase.nl
        https://geoplaza.vu.nl/cms/research/kerkenkaart/ – Kerkenkaart (churchmap) from the Vrije Universiteit Amsterdam",What are the interoperability standards used in the ontology for organ research?,1: interoperability standards,1,interoperability standards,,Not Justified,llm
Polifonia,NeoNGPT_GPT4o,"Amy wants to assess the developments of organ builders. This research includes looking into which organs an organ builder worked on and how their projects developed over time. This development can range from an increase of the size of the organ, to locality of their projects, or to the type or prestige of the project. The history section of the 15-part organ encyclopaedia is mostly used for this as this specifies year and changes that are made to the organs, but this obviously takes a lot of time and effort to research. 
    Amy already has access to the physical as well as online library of the university where she works.
    Amy also has the entire 15 volume collection from the Dutch organ encyclopaedia. She uses the encyclopaedia mostly for reading about the arthistorical and technical aspects and developments of organs and comparing these to other organs.
    Database websites for information about organs and churches which all offer slightly different kinds of information:
        https://www.kerk-en-orgel.nl
        https://reliwiki.nl/
        http://www.orgbase.nl
        https://geoplaza.vu.nl/cms/research/kerkenkaart/ – Kerkenkaart (churchmap) from the Vrije Universiteit Amsterdam",How can the ontology be updated with new research findings?,1: ontology,1,ontology,,Not Justified,llm
Polifonia,NeoNGPT_GPT4o,"Amy wants to assess the developments of organ builders. This research includes looking into which organs an organ builder worked on and how their projects developed over time. This development can range from an increase of the size of the organ, to locality of their projects, or to the type or prestige of the project. The history section of the 15-part organ encyclopaedia is mostly used for this as this specifies year and changes that are made to the organs, but this obviously takes a lot of time and effort to research. 
    Amy already has access to the physical as well as online library of the university where she works.
    Amy also has the entire 15 volume collection from the Dutch organ encyclopaedia. She uses the encyclopaedia mostly for reading about the arthistorical and technical aspects and developments of organs and comparing these to other organs.
    Database websites for information about organs and churches which all offer slightly different kinds of information:
        https://www.kerk-en-orgel.nl
        https://reliwiki.nl/
        http://www.orgbase.nl
        https://geoplaza.vu.nl/cms/research/kerkenkaart/ – Kerkenkaart (churchmap) from the Vrije Universiteit Amsterdam",What are the performance metrics for query responses in the ontology?,"3: performance, metrics, ontology",3,"performance, metrics, ontology",,Not Justified,llm
Polifonia,NeoNGPT_GPT4o,"Anna wants to experience live music with the aid of haptic technology. Anna, who became hearing impaired in later life, attends a concert by The Blockheads at the Stables music venue with a friend Ben who is deaf from birth, and her hearing friend Caroline. In order to enhance their experience of the concert, they decide to use the haptic bracelets offered by the venue. Anna is a big fan of the bass player Norman Watt Roy, whereas her friend is interested in the drums played by John Roberts. For tonight’s performance, the Stables are offering a live automatic haptic transcription of the bass part. The Stables have also hired a musical interpreter for the hearing impaired who will be communicating the overall performance using an electronic drum kit from which a haptic feed is available. As a third option, a chest-worn transducer is available that takes the audio feed and turns the wearer’s chest cavity into a bass woofer. Anna used the bass transcription. Ben opted for the live interpretation. During ‘Hit me with your rhythm stick’ Anna grabs the hand of her hearing friend Caroline in excitement and puts it on her wrist to feel the bass rhythm. Anna and Ben sign to each other during the first two songs, and decide to swap feeds for the third.

When they hand the equipment back in at the end of the gig, the Stables staff point out that there is a summer workshop being run for hearing impared beginner drummers using a full drum kit and bracelets on all four limbs.",4. What types of musical performances are supported by the ontology?,1: ontology,1,ontology,,Not Justified,llm
Polifonia,NeoNGPT_GPT4o,"Anna wants to experience live music with the aid of haptic technology. Anna, who became hearing impaired in later life, attends a concert by The Blockheads at the Stables music venue with a friend Ben who is deaf from birth, and her hearing friend Caroline. In order to enhance their experience of the concert, they decide to use the haptic bracelets offered by the venue. Anna is a big fan of the bass player Norman Watt Roy, whereas her friend is interested in the drums played by John Roberts. For tonight’s performance, the Stables are offering a live automatic haptic transcription of the bass part. The Stables have also hired a musical interpreter for the hearing impaired who will be communicating the overall performance using an electronic drum kit from which a haptic feed is available. As a third option, a chest-worn transducer is available that takes the audio feed and turns the wearer’s chest cavity into a bass woofer. Anna used the bass transcription. Ben opted for the live interpretation. During ‘Hit me with your rhythm stick’ Anna grabs the hand of her hearing friend Caroline in excitement and puts it on her wrist to feel the bass rhythm. Anna and Ben sign to each other during the first two songs, and decide to swap feeds for the third.

When they hand the equipment back in at the end of the gig, the Stables staff point out that there is a summer workshop being run for hearing impared beginner drummers using a full drum kit and bracelets on all four limbs.",9. How can user feedback on haptic music experiences be captured and represented?,"2: feedback, captured",2,"feedback, captured",,Not Justified,llm
Polifonia,NeoNGPT_GPT4o,"Anna wants to experience live music with the aid of haptic technology. Anna, who became hearing impaired in later life, attends a concert by The Blockheads at the Stables music venue with a friend Ben who is deaf from birth, and her hearing friend Caroline. In order to enhance their experience of the concert, they decide to use the haptic bracelets offered by the venue. Anna is a big fan of the bass player Norman Watt Roy, whereas her friend is interested in the drums played by John Roberts. For tonight’s performance, the Stables are offering a live automatic haptic transcription of the bass part. The Stables have also hired a musical interpreter for the hearing impaired who will be communicating the overall performance using an electronic drum kit from which a haptic feed is available. As a third option, a chest-worn transducer is available that takes the audio feed and turns the wearer’s chest cavity into a bass woofer. Anna used the bass transcription. Ben opted for the live interpretation. During ‘Hit me with your rhythm stick’ Anna grabs the hand of her hearing friend Caroline in excitement and puts it on her wrist to feel the bass rhythm. Anna and Ben sign to each other during the first two songs, and decide to swap feeds for the third.

When they hand the equipment back in at the end of the gig, the Stables staff point out that there is a summer workshop being run for hearing impared beginner drummers using a full drum kit and bracelets on all four limbs.",10. What are the different user profiles and their preferences in the context of music and haptic technology?,"2: user profiles, preferences",2,"user profiles, preferences",,Justified,llm
Polifonia,NeoNGPT_GPT4o,"Anna wants to experience live music with the aid of haptic technology. Anna, who became hearing impaired in later life, attends a concert by The Blockheads at the Stables music venue with a friend Ben who is deaf from birth, and her hearing friend Caroline. In order to enhance their experience of the concert, they decide to use the haptic bracelets offered by the venue. Anna is a big fan of the bass player Norman Watt Roy, whereas her friend is interested in the drums played by John Roberts. For tonight’s performance, the Stables are offering a live automatic haptic transcription of the bass part. The Stables have also hired a musical interpreter for the hearing impaired who will be communicating the overall performance using an electronic drum kit from which a haptic feed is available. As a third option, a chest-worn transducer is available that takes the audio feed and turns the wearer’s chest cavity into a bass woofer. Anna used the bass transcription. Ben opted for the live interpretation. During ‘Hit me with your rhythm stick’ Anna grabs the hand of her hearing friend Caroline in excitement and puts it on her wrist to feel the bass rhythm. Anna and Ben sign to each other during the first two songs, and decide to swap feeds for the third.

When they hand the equipment back in at the end of the gig, the Stables staff point out that there is a summer workshop being run for hearing impared beginner drummers using a full drum kit and bracelets on all four limbs.",11. How can the ontology support the design and development of new haptic devices for music experiences?,1: ontology,1,ontology,,Not Justified,llm
Polifonia,NeoNGPT_GPT4o,"Anna wants to experience live music with the aid of haptic technology. Anna, who became hearing impaired in later life, attends a concert by The Blockheads at the Stables music venue with a friend Ben who is deaf from birth, and her hearing friend Caroline. In order to enhance their experience of the concert, they decide to use the haptic bracelets offered by the venue. Anna is a big fan of the bass player Norman Watt Roy, whereas her friend is interested in the drums played by John Roberts. For tonight’s performance, the Stables are offering a live automatic haptic transcription of the bass part. The Stables have also hired a musical interpreter for the hearing impaired who will be communicating the overall performance using an electronic drum kit from which a haptic feed is available. As a third option, a chest-worn transducer is available that takes the audio feed and turns the wearer’s chest cavity into a bass woofer. Anna used the bass transcription. Ben opted for the live interpretation. During ‘Hit me with your rhythm stick’ Anna grabs the hand of her hearing friend Caroline in excitement and puts it on her wrist to feel the bass rhythm. Anna and Ben sign to each other during the first two songs, and decide to swap feeds for the third.

When they hand the equipment back in at the end of the gig, the Stables staff point out that there is a summer workshop being run for hearing impared beginner drummers using a full drum kit and bracelets on all four limbs.",12. How can venues be guided to offer accessible music experiences using the ontology?,1: guided,1,guided,,Not Justified,llm
Polifonia,NeoNGPT_GPT4o,"Anna wants to experience live music with the aid of haptic technology. Anna, who became hearing impaired in later life, attends a concert by The Blockheads at the Stables music venue with a friend Ben who is deaf from birth, and her hearing friend Caroline. In order to enhance their experience of the concert, they decide to use the haptic bracelets offered by the venue. Anna is a big fan of the bass player Norman Watt Roy, whereas her friend is interested in the drums played by John Roberts. For tonight’s performance, the Stables are offering a live automatic haptic transcription of the bass part. The Stables have also hired a musical interpreter for the hearing impaired who will be communicating the overall performance using an electronic drum kit from which a haptic feed is available. As a third option, a chest-worn transducer is available that takes the audio feed and turns the wearer’s chest cavity into a bass woofer. Anna used the bass transcription. Ben opted for the live interpretation. During ‘Hit me with your rhythm stick’ Anna grabs the hand of her hearing friend Caroline in excitement and puts it on her wrist to feel the bass rhythm. Anna and Ben sign to each other during the first two songs, and decide to swap feeds for the third.

When they hand the equipment back in at the end of the gig, the Stables staff point out that there is a summer workshop being run for hearing impared beginner drummers using a full drum kit and bracelets on all four limbs.",13. What interaction scenarios exist between users and haptic devices in live music settings?,1: interaction scenarios,1,interaction scenarios,,Justified,llm
Polifonia,NeoNGPT_GPT4o,"Anna wants to experience live music with the aid of haptic technology. Anna, who became hearing impaired in later life, attends a concert by The Blockheads at the Stables music venue with a friend Ben who is deaf from birth, and her hearing friend Caroline. In order to enhance their experience of the concert, they decide to use the haptic bracelets offered by the venue. Anna is a big fan of the bass player Norman Watt Roy, whereas her friend is interested in the drums played by John Roberts. For tonight’s performance, the Stables are offering a live automatic haptic transcription of the bass part. The Stables have also hired a musical interpreter for the hearing impaired who will be communicating the overall performance using an electronic drum kit from which a haptic feed is available. As a third option, a chest-worn transducer is available that takes the audio feed and turns the wearer’s chest cavity into a bass woofer. Anna used the bass transcription. Ben opted for the live interpretation. During ‘Hit me with your rhythm stick’ Anna grabs the hand of her hearing friend Caroline in excitement and puts it on her wrist to feel the bass rhythm. Anna and Ben sign to each other during the first two songs, and decide to swap feeds for the third.

When they hand the equipment back in at the end of the gig, the Stables staff point out that there is a summer workshop being run for hearing impared beginner drummers using a full drum kit and bracelets on all four limbs.",14. How can the ontology be extended to include new developments in haptic technology?,1: ontology,1,ontology,,Not Justified,llm
Polifonia,NeoNGPT_GPT4o,"Anna wants to experience live music with the aid of haptic technology. Anna, who became hearing impaired in later life, attends a concert by The Blockheads at the Stables music venue with a friend Ben who is deaf from birth, and her hearing friend Caroline. In order to enhance their experience of the concert, they decide to use the haptic bracelets offered by the venue. Anna is a big fan of the bass player Norman Watt Roy, whereas her friend is interested in the drums played by John Roberts. For tonight’s performance, the Stables are offering a live automatic haptic transcription of the bass part. The Stables have also hired a musical interpreter for the hearing impaired who will be communicating the overall performance using an electronic drum kit from which a haptic feed is available. As a third option, a chest-worn transducer is available that takes the audio feed and turns the wearer’s chest cavity into a bass woofer. Anna used the bass transcription. Ben opted for the live interpretation. During ‘Hit me with your rhythm stick’ Anna grabs the hand of her hearing friend Caroline in excitement and puts it on her wrist to feel the bass rhythm. Anna and Ben sign to each other during the first two songs, and decide to swap feeds for the third.

When they hand the equipment back in at the end of the gig, the Stables staff point out that there is a summer workshop being run for hearing impared beginner drummers using a full drum kit and bracelets on all four limbs.",15. How does the ontology ensure compatibility with existing ontologies related to music and accessibility?,1: ontology,1,ontology,,Not Justified,llm
Polifonia,NeoNGPT_GPT4o,"Anna wants to experience live music with the aid of haptic technology. Anna, who became hearing impaired in later life, attends a concert by The Blockheads at the Stables music venue with a friend Ben who is deaf from birth, and her hearing friend Caroline. In order to enhance their experience of the concert, they decide to use the haptic bracelets offered by the venue. Anna is a big fan of the bass player Norman Watt Roy, whereas her friend is interested in the drums played by John Roberts. For tonight’s performance, the Stables are offering a live automatic haptic transcription of the bass part. The Stables have also hired a musical interpreter for the hearing impaired who will be communicating the overall performance using an electronic drum kit from which a haptic feed is available. As a third option, a chest-worn transducer is available that takes the audio feed and turns the wearer’s chest cavity into a bass woofer. Anna used the bass transcription. Ben opted for the live interpretation. During ‘Hit me with your rhythm stick’ Anna grabs the hand of her hearing friend Caroline in excitement and puts it on her wrist to feel the bass rhythm. Anna and Ben sign to each other during the first two songs, and decide to swap feeds for the third.

When they hand the equipment back in at the end of the gig, the Stables staff point out that there is a summer workshop being run for hearing impared beginner drummers using a full drum kit and bracelets on all four limbs.",16. What mechanisms are in place for sharing user experiences and feedback on haptic music experiences?,"3: mechanisms, sharing user experiences, feedback",3,"mechanisms, sharing user experiences, feedback",,Not Justified,llm
Polifonia,NeoNGPT_GPT4o,"Anna wants to experience live music with the aid of haptic technology. Anna, who became hearing impaired in later life, attends a concert by The Blockheads at the Stables music venue with a friend Ben who is deaf from birth, and her hearing friend Caroline. In order to enhance their experience of the concert, they decide to use the haptic bracelets offered by the venue. Anna is a big fan of the bass player Norman Watt Roy, whereas her friend is interested in the drums played by John Roberts. For tonight’s performance, the Stables are offering a live automatic haptic transcription of the bass part. The Stables have also hired a musical interpreter for the hearing impaired who will be communicating the overall performance using an electronic drum kit from which a haptic feed is available. As a third option, a chest-worn transducer is available that takes the audio feed and turns the wearer’s chest cavity into a bass woofer. Anna used the bass transcription. Ben opted for the live interpretation. During ‘Hit me with your rhythm stick’ Anna grabs the hand of her hearing friend Caroline in excitement and puts it on her wrist to feel the bass rhythm. Anna and Ben sign to each other during the first two songs, and decide to swap feeds for the third.

When they hand the equipment back in at the end of the gig, the Stables staff point out that there is a summer workshop being run for hearing impared beginner drummers using a full drum kit and bracelets on all four limbs.",17. How can the ontology facilitate educational programs for hearing-impaired individuals interested in music?,"2: ontology, educational programs",2,"ontology, educational programs",,Not Justified,llm
Polifonia,NeoNGPT_GPT4o,"Anna wants to experience live music with the aid of haptic technology. Anna, who became hearing impaired in later life, attends a concert by The Blockheads at the Stables music venue with a friend Ben who is deaf from birth, and her hearing friend Caroline. In order to enhance their experience of the concert, they decide to use the haptic bracelets offered by the venue. Anna is a big fan of the bass player Norman Watt Roy, whereas her friend is interested in the drums played by John Roberts. For tonight’s performance, the Stables are offering a live automatic haptic transcription of the bass part. The Stables have also hired a musical interpreter for the hearing impaired who will be communicating the overall performance using an electronic drum kit from which a haptic feed is available. As a third option, a chest-worn transducer is available that takes the audio feed and turns the wearer’s chest cavity into a bass woofer. Anna used the bass transcription. Ben opted for the live interpretation. During ‘Hit me with your rhythm stick’ Anna grabs the hand of her hearing friend Caroline in excitement and puts it on her wrist to feel the bass rhythm. Anna and Ben sign to each other during the first two songs, and decide to swap feeds for the third.

When they hand the equipment back in at the end of the gig, the Stables staff point out that there is a summer workshop being run for hearing impared beginner drummers using a full drum kit and bracelets on all four limbs.",18. What are the scalability considerations for accommodating new devices and performance types in the ontology?,"3: scalability considerations, accommodating new devices, ontology",3,"scalability considerations, accommodating new devices, ontology",,Not Justified,llm
Polifonia,NeoNGPT_GPT4o,"Anna wants to experience live music with the aid of haptic technology. Anna, who became hearing impaired in later life, attends a concert by The Blockheads at the Stables music venue with a friend Ben who is deaf from birth, and her hearing friend Caroline. In order to enhance their experience of the concert, they decide to use the haptic bracelets offered by the venue. Anna is a big fan of the bass player Norman Watt Roy, whereas her friend is interested in the drums played by John Roberts. For tonight’s performance, the Stables are offering a live automatic haptic transcription of the bass part. The Stables have also hired a musical interpreter for the hearing impaired who will be communicating the overall performance using an electronic drum kit from which a haptic feed is available. As a third option, a chest-worn transducer is available that takes the audio feed and turns the wearer’s chest cavity into a bass woofer. Anna used the bass transcription. Ben opted for the live interpretation. During ‘Hit me with your rhythm stick’ Anna grabs the hand of her hearing friend Caroline in excitement and puts it on her wrist to feel the bass rhythm. Anna and Ben sign to each other during the first two songs, and decide to swap feeds for the third.

When they hand the equipment back in at the end of the gig, the Stables staff point out that there is a summer workshop being run for hearing impared beginner drummers using a full drum kit and bracelets on all four limbs.",19. How can the ontology be used to support research in music accessibility and haptic technology?,1: ontology,1,ontology,,Not Justified,llm
Polifonia,NeoNGPT_GPT4o,"Anna wants to experience live music with the aid of haptic technology. Anna, who became hearing impaired in later life, attends a concert by The Blockheads at the Stables music venue with a friend Ben who is deaf from birth, and her hearing friend Caroline. In order to enhance their experience of the concert, they decide to use the haptic bracelets offered by the venue. Anna is a big fan of the bass player Norman Watt Roy, whereas her friend is interested in the drums played by John Roberts. For tonight’s performance, the Stables are offering a live automatic haptic transcription of the bass part. The Stables have also hired a musical interpreter for the hearing impaired who will be communicating the overall performance using an electronic drum kit from which a haptic feed is available. As a third option, a chest-worn transducer is available that takes the audio feed and turns the wearer’s chest cavity into a bass woofer. Anna used the bass transcription. Ben opted for the live interpretation. During ‘Hit me with your rhythm stick’ Anna grabs the hand of her hearing friend Caroline in excitement and puts it on her wrist to feel the bass rhythm. Anna and Ben sign to each other during the first two songs, and decide to swap feeds for the third.

When they hand the equipment back in at the end of the gig, the Stables staff point out that there is a summer workshop being run for hearing impared beginner drummers using a full drum kit and bracelets on all four limbs.",20. What are the performance requirements for efficient querying and reasoning in live music settings?,"3: performance requirements, efficient querying, reasoning",3,"performance requirements, efficient querying, reasoning",,Not Justified,llm
Polifonia,NeoNGPT_Qwen3,"Anna wants to experience live music with the aid of haptic technology. Anna, who became hearing impaired in later life, attends a concert by The Blockheads at the Stables music venue with a friend Ben who is deaf from birth, and her hearing friend Caroline. In order to enhance their experience of the concert, they decide to use the haptic bracelets offered by the venue. Anna is a big fan of the bass player Norman Watt Roy, whereas her friend is interested in the drums played by John Roberts. For tonight’s performance, the Stables are offering a live automatic haptic transcription of the bass part. The Stables have also hired a musical interpreter for the hearing impaired who will be communicating the overall performance using an electronic drum kit from which a haptic feed is available. As a third option, a chest-worn transducer is available that takes the audio feed and turns the wearer’s chest cavity into a bass woofer. Anna used the bass transcription. Ben opted for the live interpretation. During ‘Hit me with your rhythm stick’ Anna grabs the hand of her hearing friend Caroline in excitement and puts it on her wrist to feel the bass rhythm. Anna and Ben sign to each other during the first two songs, and decide to swap feeds for the third.

When they hand the equipment back in at the end of the gig, the Stables staff point out that there is a summer workshop being run for hearing impared beginner drummers using a full drum kit and bracelets on all four limbs.","What are the functional capabilities (e.g., frequency range, vibration intensity) of a specific haptic device type (e.g., chest transducer)?","2: frequency range, vibration intensity",2,"frequency range, vibration intensity",,Not Justified,llm
Polifonia,NeoNGPT_Qwen3,"Anna wants to experience live music with the aid of haptic technology. Anna, who became hearing impaired in later life, attends a concert by The Blockheads at the Stables music venue with a friend Ben who is deaf from birth, and her hearing friend Caroline. In order to enhance their experience of the concert, they decide to use the haptic bracelets offered by the venue. Anna is a big fan of the bass player Norman Watt Roy, whereas her friend is interested in the drums played by John Roberts. For tonight’s performance, the Stables are offering a live automatic haptic transcription of the bass part. The Stables have also hired a musical interpreter for the hearing impaired who will be communicating the overall performance using an electronic drum kit from which a haptic feed is available. As a third option, a chest-worn transducer is available that takes the audio feed and turns the wearer’s chest cavity into a bass woofer. Anna used the bass transcription. Ben opted for the live interpretation. During ‘Hit me with your rhythm stick’ Anna grabs the hand of her hearing friend Caroline in excitement and puts it on her wrist to feel the bass rhythm. Anna and Ben sign to each other during the first two songs, and decide to swap feeds for the third.

When they hand the equipment back in at the end of the gig, the Stables staff point out that there is a summer workshop being run for hearing impared beginner drummers using a full drum kit and bracelets on all four limbs.","Which haptic devices are compatible with live transcription or interpretation at a given event (e.g., ""Stables"")?",1: compatible,1,compatible,,Justified,llm
Polifonia,NeoNGPT_Qwen3,"Anna wants to experience live music with the aid of haptic technology. Anna, who became hearing impaired in later life, attends a concert by The Blockheads at the Stables music venue with a friend Ben who is deaf from birth, and her hearing friend Caroline. In order to enhance their experience of the concert, they decide to use the haptic bracelets offered by the venue. Anna is a big fan of the bass player Norman Watt Roy, whereas her friend is interested in the drums played by John Roberts. For tonight’s performance, the Stables are offering a live automatic haptic transcription of the bass part. The Stables have also hired a musical interpreter for the hearing impaired who will be communicating the overall performance using an electronic drum kit from which a haptic feed is available. As a third option, a chest-worn transducer is available that takes the audio feed and turns the wearer’s chest cavity into a bass woofer. Anna used the bass transcription. Ben opted for the live interpretation. During ‘Hit me with your rhythm stick’ Anna grabs the hand of her hearing friend Caroline in excitement and puts it on her wrist to feel the bass rhythm. Anna and Ben sign to each other during the first two songs, and decide to swap feeds for the third.

When they hand the equipment back in at the end of the gig, the Stables staff point out that there is a summer workshop being run for hearing impared beginner drummers using a full drum kit and bracelets on all four limbs.","What are the hearing statuses (e.g., congenital, late-onset) and preferences (e.g., bass, drums) of a specific user (e.g., Anna)?",1: congenital,1,congenital,,Justified,llm
Polifonia,NeoNGPT_Qwen3,"Anna wants to experience live music with the aid of haptic technology. Anna, who became hearing impaired in later life, attends a concert by The Blockheads at the Stables music venue with a friend Ben who is deaf from birth, and her hearing friend Caroline. In order to enhance their experience of the concert, they decide to use the haptic bracelets offered by the venue. Anna is a big fan of the bass player Norman Watt Roy, whereas her friend is interested in the drums played by John Roberts. For tonight’s performance, the Stables are offering a live automatic haptic transcription of the bass part. The Stables have also hired a musical interpreter for the hearing impaired who will be communicating the overall performance using an electronic drum kit from which a haptic feed is available. As a third option, a chest-worn transducer is available that takes the audio feed and turns the wearer’s chest cavity into a bass woofer. Anna used the bass transcription. Ben opted for the live interpretation. During ‘Hit me with your rhythm stick’ Anna grabs the hand of her hearing friend Caroline in excitement and puts it on her wrist to feel the bass rhythm. Anna and Ben sign to each other during the first two songs, and decide to swap feeds for the third.

When they hand the equipment back in at the end of the gig, the Stables staff point out that there is a summer workshop being run for hearing impared beginner drummers using a full drum kit and bracelets on all four limbs.","How are user preferences (e.g., bass preference) mapped to haptic device configurations (e.g., bass transcription)?",1: mapped,1,mapped,,Justified,llm
Polifonia,NeoNGPT_Qwen3,"Anna wants to experience live music with the aid of haptic technology. Anna, who became hearing impaired in later life, attends a concert by The Blockheads at the Stables music venue with a friend Ben who is deaf from birth, and her hearing friend Caroline. In order to enhance their experience of the concert, they decide to use the haptic bracelets offered by the venue. Anna is a big fan of the bass player Norman Watt Roy, whereas her friend is interested in the drums played by John Roberts. For tonight’s performance, the Stables are offering a live automatic haptic transcription of the bass part. The Stables have also hired a musical interpreter for the hearing impaired who will be communicating the overall performance using an electronic drum kit from which a haptic feed is available. As a third option, a chest-worn transducer is available that takes the audio feed and turns the wearer’s chest cavity into a bass woofer. Anna used the bass transcription. Ben opted for the live interpretation. During ‘Hit me with your rhythm stick’ Anna grabs the hand of her hearing friend Caroline in excitement and puts it on her wrist to feel the bass rhythm. Anna and Ben sign to each other during the first two songs, and decide to swap feeds for the third.

When they hand the equipment back in at the end of the gig, the Stables staff point out that there is a summer workshop being run for hearing impared beginner drummers using a full drum kit and bracelets on all four limbs.","What are the relationships between users (e.g., Anna) and haptic devices (e.g., bass transcription bracelet)?",1: relationships,1,relationships,,Justified,llm
Polifonia,NeoNGPT_Qwen3,"Anna wants to experience live music with the aid of haptic technology. Anna, who became hearing impaired in later life, attends a concert by The Blockheads at the Stables music venue with a friend Ben who is deaf from birth, and her hearing friend Caroline. In order to enhance their experience of the concert, they decide to use the haptic bracelets offered by the venue. Anna is a big fan of the bass player Norman Watt Roy, whereas her friend is interested in the drums played by John Roberts. For tonight’s performance, the Stables are offering a live automatic haptic transcription of the bass part. The Stables have also hired a musical interpreter for the hearing impaired who will be communicating the overall performance using an electronic drum kit from which a haptic feed is available. As a third option, a chest-worn transducer is available that takes the audio feed and turns the wearer’s chest cavity into a bass woofer. Anna used the bass transcription. Ben opted for the live interpretation. During ‘Hit me with your rhythm stick’ Anna grabs the hand of her hearing friend Caroline in excitement and puts it on her wrist to feel the bass rhythm. Anna and Ben sign to each other during the first two songs, and decide to swap feeds for the third.

When they hand the equipment back in at the end of the gig, the Stables staff point out that there is a summer workshop being run for hearing impared beginner drummers using a full drum kit and bracelets on all four limbs.","What are the technical relationships between haptic devices (e.g., chest transducer) and audio feeds (e.g., bass part of a performance)?",1: technical relationships,1,technical relationships,,Not Justified,llm
Polifonia,NeoNGPT_Qwen3,"Anna wants to experience live music with the aid of haptic technology. Anna, who became hearing impaired in later life, attends a concert by The Blockheads at the Stables music venue with a friend Ben who is deaf from birth, and her hearing friend Caroline. In order to enhance their experience of the concert, they decide to use the haptic bracelets offered by the venue. Anna is a big fan of the bass player Norman Watt Roy, whereas her friend is interested in the drums played by John Roberts. For tonight’s performance, the Stables are offering a live automatic haptic transcription of the bass part. The Stables have also hired a musical interpreter for the hearing impaired who will be communicating the overall performance using an electronic drum kit from which a haptic feed is available. As a third option, a chest-worn transducer is available that takes the audio feed and turns the wearer’s chest cavity into a bass woofer. Anna used the bass transcription. Ben opted for the live interpretation. During ‘Hit me with your rhythm stick’ Anna grabs the hand of her hearing friend Caroline in excitement and puts it on her wrist to feel the bass rhythm. Anna and Ben sign to each other during the first two songs, and decide to swap feeds for the third.

When they hand the equipment back in at the end of the gig, the Stables staff point out that there is a summer workshop being run for hearing impared beginner drummers using a full drum kit and bracelets on all four limbs.","What are the target audiences (e.g., hearing-impaired beginners) and activities (e.g., drum kit training) of a specific workshop (e.g., ""summer workshop for drummers"")?",1: target audiences,1,target audiences,,Justified,llm
Polifonia,NeoNGPT_Qwen3,"Anna wants to experience live music with the aid of haptic technology. Anna, who became hearing impaired in later life, attends a concert by The Blockheads at the Stables music venue with a friend Ben who is deaf from birth, and her hearing friend Caroline. In order to enhance their experience of the concert, they decide to use the haptic bracelets offered by the venue. Anna is a big fan of the bass player Norman Watt Roy, whereas her friend is interested in the drums played by John Roberts. For tonight’s performance, the Stables are offering a live automatic haptic transcription of the bass part. The Stables have also hired a musical interpreter for the hearing impaired who will be communicating the overall performance using an electronic drum kit from which a haptic feed is available. As a third option, a chest-worn transducer is available that takes the audio feed and turns the wearer’s chest cavity into a bass woofer. Anna used the bass transcription. Ben opted for the live interpretation. During ‘Hit me with your rhythm stick’ Anna grabs the hand of her hearing friend Caroline in excitement and puts it on her wrist to feel the bass rhythm. Anna and Ben sign to each other during the first two songs, and decide to swap feeds for the third.

When they hand the equipment back in at the end of the gig, the Stables staff point out that there is a summer workshop being run for hearing impared beginner drummers using a full drum kit and bracelets on all four limbs.","What are the equipment requirements (e.g., bracelets on all four limbs) for a specific workshop activity (e.g., drum kit training)?",1: equipment requirements,1,equipment requirements,,Justified,llm
Polifonia,NeoNGPT_Qwen3,"Anna wants to experience live music with the aid of haptic technology. Anna, who became hearing impaired in later life, attends a concert by The Blockheads at the Stables music venue with a friend Ben who is deaf from birth, and her hearing friend Caroline. In order to enhance their experience of the concert, they decide to use the haptic bracelets offered by the venue. Anna is a big fan of the bass player Norman Watt Roy, whereas her friend is interested in the drums played by John Roberts. For tonight’s performance, the Stables are offering a live automatic haptic transcription of the bass part. The Stables have also hired a musical interpreter for the hearing impaired who will be communicating the overall performance using an electronic drum kit from which a haptic feed is available. As a third option, a chest-worn transducer is available that takes the audio feed and turns the wearer’s chest cavity into a bass woofer. Anna used the bass transcription. Ben opted for the live interpretation. During ‘Hit me with your rhythm stick’ Anna grabs the hand of her hearing friend Caroline in excitement and puts it on her wrist to feel the bass rhythm. Anna and Ben sign to each other during the first two songs, and decide to swap feeds for the third.

When they hand the equipment back in at the end of the gig, the Stables staff point out that there is a summer workshop being run for hearing impared beginner drummers using a full drum kit and bracelets on all four limbs.","What are the relationships between events (e.g., ""Stables"") and workshops (e.g., ""summer workshop for drummers"")?",1: relationships between events,1,relationships between events,,Not Justified,llm
Polifonia,NeoNGPT_Qwen3,"Anna wants to experience live music with the aid of haptic technology. Anna, who became hearing impaired in later life, attends a concert by The Blockheads at the Stables music venue with a friend Ben who is deaf from birth, and her hearing friend Caroline. In order to enhance their experience of the concert, they decide to use the haptic bracelets offered by the venue. Anna is a big fan of the bass player Norman Watt Roy, whereas her friend is interested in the drums played by John Roberts. For tonight’s performance, the Stables are offering a live automatic haptic transcription of the bass part. The Stables have also hired a musical interpreter for the hearing impaired who will be communicating the overall performance using an electronic drum kit from which a haptic feed is available. As a third option, a chest-worn transducer is available that takes the audio feed and turns the wearer’s chest cavity into a bass woofer. Anna used the bass transcription. Ben opted for the live interpretation. During ‘Hit me with your rhythm stick’ Anna grabs the hand of her hearing friend Caroline in excitement and puts it on her wrist to feel the bass rhythm. Anna and Ben sign to each other during the first two songs, and decide to swap feeds for the third.

When they hand the equipment back in at the end of the gig, the Stables staff point out that there is a summer workshop being run for hearing impared beginner drummers using a full drum kit and bracelets on all four limbs.","What are the compatibility features (e.g., audio feed integration) of a specific haptic device (e.g., live automatic haptic transcription bracelet)?",1: compatibility features,1,compatibility features,,Justified,llm
Polifonia,NeoNGPT_Qwen3,"Anna wants to experience live music with the aid of haptic technology. Anna, who became hearing impaired in later life, attends a concert by The Blockheads at the Stables music venue with a friend Ben who is deaf from birth, and her hearing friend Caroline. In order to enhance their experience of the concert, they decide to use the haptic bracelets offered by the venue. Anna is a big fan of the bass player Norman Watt Roy, whereas her friend is interested in the drums played by John Roberts. For tonight’s performance, the Stables are offering a live automatic haptic transcription of the bass part. The Stables have also hired a musical interpreter for the hearing impaired who will be communicating the overall performance using an electronic drum kit from which a haptic feed is available. As a third option, a chest-worn transducer is available that takes the audio feed and turns the wearer’s chest cavity into a bass woofer. Anna used the bass transcription. Ben opted for the live interpretation. During ‘Hit me with your rhythm stick’ Anna grabs the hand of her hearing friend Caroline in excitement and puts it on her wrist to feel the bass rhythm. Anna and Ben sign to each other during the first two songs, and decide to swap feeds for the third.

When they hand the equipment back in at the end of the gig, the Stables staff point out that there is a summer workshop being run for hearing impared beginner drummers using a full drum kit and bracelets on all four limbs.","What are the user preferences (e.g., bass, drums) that influence the selection of haptic devices (e.g., bass transcription bracelet) for a specific event?",1: user preferences,1,user preferences,,Justified,llm
Polifonia,NeoNGPT_Qwen3,"Anna wants to experience live music with the aid of haptic technology. Anna, who became hearing impaired in later life, attends a concert by The Blockheads at the Stables music venue with a friend Ben who is deaf from birth, and her hearing friend Caroline. In order to enhance their experience of the concert, they decide to use the haptic bracelets offered by the venue. Anna is a big fan of the bass player Norman Watt Roy, whereas her friend is interested in the drums played by John Roberts. For tonight’s performance, the Stables are offering a live automatic haptic transcription of the bass part. The Stables have also hired a musical interpreter for the hearing impaired who will be communicating the overall performance using an electronic drum kit from which a haptic feed is available. As a third option, a chest-worn transducer is available that takes the audio feed and turns the wearer’s chest cavity into a bass woofer. Anna used the bass transcription. Ben opted for the live interpretation. During ‘Hit me with your rhythm stick’ Anna grabs the hand of her hearing friend Caroline in excitement and puts it on her wrist to feel the bass rhythm. Anna and Ben sign to each other during the first two songs, and decide to swap feeds for the third.

When they hand the equipment back in at the end of the gig, the Stables staff point out that there is a summer workshop being run for hearing impared beginner drummers using a full drum kit and bracelets on all four limbs.","What are the ethical considerations (e.g., anonymizing user data) related to modeling user profiles and event logs?","3: ethical considerations, anonymizing user data, modeling user profiles",3,"ethical considerations, anonymizing user data, modeling user profiles",,Not Justified,llm
Polifonia,NeoNGPT_Qwen3,"Anna wants to experience live music with the aid of haptic technology. Anna, who became hearing impaired in later life, attends a concert by The Blockheads at the Stables music venue with a friend Ben who is deaf from birth, and her hearing friend Caroline. In order to enhance their experience of the concert, they decide to use the haptic bracelets offered by the venue. Anna is a big fan of the bass player Norman Watt Roy, whereas her friend is interested in the drums played by John Roberts. For tonight’s performance, the Stables are offering a live automatic haptic transcription of the bass part. The Stables have also hired a musical interpreter for the hearing impaired who will be communicating the overall performance using an electronic drum kit from which a haptic feed is available. As a third option, a chest-worn transducer is available that takes the audio feed and turns the wearer’s chest cavity into a bass woofer. Anna used the bass transcription. Ben opted for the live interpretation. During ‘Hit me with your rhythm stick’ Anna grabs the hand of her hearing friend Caroline in excitement and puts it on her wrist to feel the bass rhythm. Anna and Ben sign to each other during the first two songs, and decide to swap feeds for the third.

When they hand the equipment back in at the end of the gig, the Stables staff point out that there is a summer workshop being run for hearing impared beginner drummers using a full drum kit and bracelets on all four limbs.","What are the technical specifications (e.g., vibration intensity, frequency range) of a specific haptic device type (e.g., transducer)?","2: vibration intensity, frequency range",2,"vibration intensity, frequency range",,Not Justified,llm
Polifonia,NeoNGPT_Qwen3,"Anna wants to experience live music with the aid of haptic technology. Anna, who became hearing impaired in later life, attends a concert by The Blockheads at the Stables music venue with a friend Ben who is deaf from birth, and her hearing friend Caroline. In order to enhance their experience of the concert, they decide to use the haptic bracelets offered by the venue. Anna is a big fan of the bass player Norman Watt Roy, whereas her friend is interested in the drums played by John Roberts. For tonight’s performance, the Stables are offering a live automatic haptic transcription of the bass part. The Stables have also hired a musical interpreter for the hearing impaired who will be communicating the overall performance using an electronic drum kit from which a haptic feed is available. As a third option, a chest-worn transducer is available that takes the audio feed and turns the wearer’s chest cavity into a bass woofer. Anna used the bass transcription. Ben opted for the live interpretation. During ‘Hit me with your rhythm stick’ Anna grabs the hand of her hearing friend Caroline in excitement and puts it on her wrist to feel the bass rhythm. Anna and Ben sign to each other during the first two songs, and decide to swap feeds for the third.

When they hand the equipment back in at the end of the gig, the Stables staff point out that there is a summer workshop being run for hearing impared beginner drummers using a full drum kit and bracelets on all four limbs.","What are the accessibility features (e.g., live interpretation) of a specific event (e.g., ""Stables"") that cater to users with late-onset hearing loss?",1: late-onset hearing loss,1,late-onset hearing loss,,Justified,llm
Polifonia,NeoNGPT_Qwen3,"Anna wants to experience live music with the aid of haptic technology. Anna, who became hearing impaired in later life, attends a concert by The Blockheads at the Stables music venue with a friend Ben who is deaf from birth, and her hearing friend Caroline. In order to enhance their experience of the concert, they decide to use the haptic bracelets offered by the venue. Anna is a big fan of the bass player Norman Watt Roy, whereas her friend is interested in the drums played by John Roberts. For tonight’s performance, the Stables are offering a live automatic haptic transcription of the bass part. The Stables have also hired a musical interpreter for the hearing impaired who will be communicating the overall performance using an electronic drum kit from which a haptic feed is available. As a third option, a chest-worn transducer is available that takes the audio feed and turns the wearer’s chest cavity into a bass woofer. Anna used the bass transcription. Ben opted for the live interpretation. During ‘Hit me with your rhythm stick’ Anna grabs the hand of her hearing friend Caroline in excitement and puts it on her wrist to feel the bass rhythm. Anna and Ben sign to each other during the first two songs, and decide to swap feeds for the third.

When they hand the equipment back in at the end of the gig, the Stables staff point out that there is a summer workshop being run for hearing impared beginner drummers using a full drum kit and bracelets on all four limbs.","What are the relationships between haptic devices (e.g., chest transducer) and event-specific configurations (e.g., live transcription)?",1: event-specific configurations,1,event-specific configurations,,Justified,llm
Polifonia,NeoNGPT_Qwen3,"Anna wants to experience live music with the aid of haptic technology. Anna, who became hearing impaired in later life, attends a concert by The Blockheads at the Stables music venue with a friend Ben who is deaf from birth, and her hearing friend Caroline. In order to enhance their experience of the concert, they decide to use the haptic bracelets offered by the venue. Anna is a big fan of the bass player Norman Watt Roy, whereas her friend is interested in the drums played by John Roberts. For tonight’s performance, the Stables are offering a live automatic haptic transcription of the bass part. The Stables have also hired a musical interpreter for the hearing impaired who will be communicating the overall performance using an electronic drum kit from which a haptic feed is available. As a third option, a chest-worn transducer is available that takes the audio feed and turns the wearer’s chest cavity into a bass woofer. Anna used the bass transcription. Ben opted for the live interpretation. During ‘Hit me with your rhythm stick’ Anna grabs the hand of her hearing friend Caroline in excitement and puts it on her wrist to feel the bass rhythm. Anna and Ben sign to each other during the first two songs, and decide to swap feeds for the third.

When they hand the equipment back in at the end of the gig, the Stables staff point out that there is a summer workshop being run for hearing impared beginner drummers using a full drum kit and bracelets on all four limbs.","What are the roles (e.g., interpreter) of users (e.g., Caroline) in facilitating social interactions (e.g., signing) at events?",1: facilitating,1,facilitating,,Justified,llm
Polifonia,NeoNGPT_Qwen3,"Anna wants to experience live music with the aid of haptic technology. Anna, who became hearing impaired in later life, attends a concert by The Blockheads at the Stables music venue with a friend Ben who is deaf from birth, and her hearing friend Caroline. In order to enhance their experience of the concert, they decide to use the haptic bracelets offered by the venue. Anna is a big fan of the bass player Norman Watt Roy, whereas her friend is interested in the drums played by John Roberts. For tonight’s performance, the Stables are offering a live automatic haptic transcription of the bass part. The Stables have also hired a musical interpreter for the hearing impaired who will be communicating the overall performance using an electronic drum kit from which a haptic feed is available. As a third option, a chest-worn transducer is available that takes the audio feed and turns the wearer’s chest cavity into a bass woofer. Anna used the bass transcription. Ben opted for the live interpretation. During ‘Hit me with your rhythm stick’ Anna grabs the hand of her hearing friend Caroline in excitement and puts it on her wrist to feel the bass rhythm. Anna and Ben sign to each other during the first two songs, and decide to swap feeds for the third.

When they hand the equipment back in at the end of the gig, the Stables staff point out that there is a summer workshop being run for hearing impared beginner drummers using a full drum kit and bracelets on all four limbs.","What are the educational programs (e.g., workshops) offered at a specific venue (e.g., ""Stables"") for hearing-impaired individuals?",1: educational programs,1,educational programs,,Justified,llm
Polifonia,NeoNGPT_Qwen3,"Anna wants to experience live music with the aid of haptic technology. Anna, who became hearing impaired in later life, attends a concert by The Blockheads at the Stables music venue with a friend Ben who is deaf from birth, and her hearing friend Caroline. In order to enhance their experience of the concert, they decide to use the haptic bracelets offered by the venue. Anna is a big fan of the bass player Norman Watt Roy, whereas her friend is interested in the drums played by John Roberts. For tonight’s performance, the Stables are offering a live automatic haptic transcription of the bass part. The Stables have also hired a musical interpreter for the hearing impaired who will be communicating the overall performance using an electronic drum kit from which a haptic feed is available. As a third option, a chest-worn transducer is available that takes the audio feed and turns the wearer’s chest cavity into a bass woofer. Anna used the bass transcription. Ben opted for the live interpretation. During ‘Hit me with your rhythm stick’ Anna grabs the hand of her hearing friend Caroline in excitement and puts it on her wrist to feel the bass rhythm. Anna and Ben sign to each other during the first two songs, and decide to swap feeds for the third.

When they hand the equipment back in at the end of the gig, the Stables staff point out that there is a summer workshop being run for hearing impared beginner drummers using a full drum kit and bracelets on all four limbs.","What are the activities (e.g., drum kit training) and equipment (e.g., bracelets) used in a specific workshop (e.g., ""summer workshop for drummers"")?",1: drum kit training,1,drum kit training,,Justified,llm
Polifonia,NeoNGPT_Qwen3,"Anna wants to experience live music with the aid of haptic technology. Anna, who became hearing impaired in later life, attends a concert by The Blockheads at the Stables music venue with a friend Ben who is deaf from birth, and her hearing friend Caroline. In order to enhance their experience of the concert, they decide to use the haptic bracelets offered by the venue. Anna is a big fan of the bass player Norman Watt Roy, whereas her friend is interested in the drums played by John Roberts. For tonight’s performance, the Stables are offering a live automatic haptic transcription of the bass part. The Stables have also hired a musical interpreter for the hearing impaired who will be communicating the overall performance using an electronic drum kit from which a haptic feed is available. As a third option, a chest-worn transducer is available that takes the audio feed and turns the wearer’s chest cavity into a bass woofer. Anna used the bass transcription. Ben opted for the live interpretation. During ‘Hit me with your rhythm stick’ Anna grabs the hand of her hearing friend Caroline in excitement and puts it on her wrist to feel the bass rhythm. Anna and Ben sign to each other during the first two songs, and decide to swap feeds for the third.

When they hand the equipment back in at the end of the gig, the Stables staff point out that there is a summer workshop being run for hearing impared beginner drummers using a full drum kit and bracelets on all four limbs.","What are the relationships between users (e.g., Ben) and their preferred haptic devices (e.g., drum transcription bracelet)?",1: drum transcription bracelet,1,drum transcription bracelet,,Not Justified,llm
Polifonia,NeoNGPT_Qwen3,"Anna wants to experience live music with the aid of haptic technology. Anna, who became hearing impaired in later life, attends a concert by The Blockheads at the Stables music venue with a friend Ben who is deaf from birth, and her hearing friend Caroline. In order to enhance their experience of the concert, they decide to use the haptic bracelets offered by the venue. Anna is a big fan of the bass player Norman Watt Roy, whereas her friend is interested in the drums played by John Roberts. For tonight’s performance, the Stables are offering a live automatic haptic transcription of the bass part. The Stables have also hired a musical interpreter for the hearing impaired who will be communicating the overall performance using an electronic drum kit from which a haptic feed is available. As a third option, a chest-worn transducer is available that takes the audio feed and turns the wearer’s chest cavity into a bass woofer. Anna used the bass transcription. Ben opted for the live interpretation. During ‘Hit me with your rhythm stick’ Anna grabs the hand of her hearing friend Caroline in excitement and puts it on her wrist to feel the bass rhythm. Anna and Ben sign to each other during the first two songs, and decide to swap feeds for the third.

When they hand the equipment back in at the end of the gig, the Stables staff point out that there is a summer workshop being run for hearing impared beginner drummers using a full drum kit and bracelets on all four limbs.","What are the technical mappings (e.g., bass transcription linked to Norman Watt Roy’s performance) between haptic devices and audio feeds?",1: technical mappings,1,technical mappings,,Justified,llm
Polifonia,NeoNGPT_Qwen3,"Anna wants to experience live music with the aid of haptic technology. Anna, who became hearing impaired in later life, attends a concert by The Blockheads at the Stables music venue with a friend Ben who is deaf from birth, and her hearing friend Caroline. In order to enhance their experience of the concert, they decide to use the haptic bracelets offered by the venue. Anna is a big fan of the bass player Norman Watt Roy, whereas her friend is interested in the drums played by John Roberts. For tonight’s performance, the Stables are offering a live automatic haptic transcription of the bass part. The Stables have also hired a musical interpreter for the hearing impaired who will be communicating the overall performance using an electronic drum kit from which a haptic feed is available. As a third option, a chest-worn transducer is available that takes the audio feed and turns the wearer’s chest cavity into a bass woofer. Anna used the bass transcription. Ben opted for the live interpretation. During ‘Hit me with your rhythm stick’ Anna grabs the hand of her hearing friend Caroline in excitement and puts it on her wrist to feel the bass rhythm. Anna and Ben sign to each other during the first two songs, and decide to swap feeds for the third.

When they hand the equipment back in at the end of the gig, the Stables staff point out that there is a summer workshop being run for hearing impared beginner drummers using a full drum kit and bracelets on all four limbs.","What are the user profiles (e.g., hearing-impaired, companion) and their roles (e.g., attendee, interpreter) in a specific event (e.g., ""Stables"")?",1: user profiles,1,user profiles,,Justified,llm
Polifonia,NeoNGPT_Qwen3,"Anna wants to experience live music with the aid of haptic technology. Anna, who became hearing impaired in later life, attends a concert by The Blockheads at the Stables music venue with a friend Ben who is deaf from birth, and her hearing friend Caroline. In order to enhance their experience of the concert, they decide to use the haptic bracelets offered by the venue. Anna is a big fan of the bass player Norman Watt Roy, whereas her friend is interested in the drums played by John Roberts. For tonight’s performance, the Stables are offering a live automatic haptic transcription of the bass part. The Stables have also hired a musical interpreter for the hearing impaired who will be communicating the overall performance using an electronic drum kit from which a haptic feed is available. As a third option, a chest-worn transducer is available that takes the audio feed and turns the wearer’s chest cavity into a bass woofer. Anna used the bass transcription. Ben opted for the live interpretation. During ‘Hit me with your rhythm stick’ Anna grabs the hand of her hearing friend Caroline in excitement and puts it on her wrist to feel the bass rhythm. Anna and Ben sign to each other during the first two songs, and decide to swap feeds for the third.

When they hand the equipment back in at the end of the gig, the Stables staff point out that there is a summer workshop being run for hearing impared beginner drummers using a full drum kit and bracelets on all four limbs.","What are the interoperability features (e.g., compatibility with Music Ontology) of the haptic technology ontology?","3: interoperability features, compatibility with Music Ontology, haptic technology ontology",3,"interoperability features, compatibility with Music Ontology, haptic technology ontology",,Not Justified,llm
Polifonia,NeoNGPT_Qwen3,"Anna wants to experience live music with the aid of haptic technology. Anna, who became hearing impaired in later life, attends a concert by The Blockheads at the Stables music venue with a friend Ben who is deaf from birth, and her hearing friend Caroline. In order to enhance their experience of the concert, they decide to use the haptic bracelets offered by the venue. Anna is a big fan of the bass player Norman Watt Roy, whereas her friend is interested in the drums played by John Roberts. For tonight’s performance, the Stables are offering a live automatic haptic transcription of the bass part. The Stables have also hired a musical interpreter for the hearing impaired who will be communicating the overall performance using an electronic drum kit from which a haptic feed is available. As a third option, a chest-worn transducer is available that takes the audio feed and turns the wearer’s chest cavity into a bass woofer. Anna used the bass transcription. Ben opted for the live interpretation. During ‘Hit me with your rhythm stick’ Anna grabs the hand of her hearing friend Caroline in excitement and puts it on her wrist to feel the bass rhythm. Anna and Ben sign to each other during the first two songs, and decide to swap feeds for the third.

When they hand the equipment back in at the end of the gig, the Stables staff point out that there is a summer workshop being run for hearing impared beginner drummers using a full drum kit and bracelets on all four limbs.","What are the scalability requirements (e.g., support for multiple venues) of the ontology?",1: scalability requirements,1,scalability requirements,,Not Justified,llm
Polifonia,NeoNGPT_Qwen3,"Anna wants to experience live music with the aid of haptic technology. Anna, who became hearing impaired in later life, attends a concert by The Blockheads at the Stables music venue with a friend Ben who is deaf from birth, and her hearing friend Caroline. In order to enhance their experience of the concert, they decide to use the haptic bracelets offered by the venue. Anna is a big fan of the bass player Norman Watt Roy, whereas her friend is interested in the drums played by John Roberts. For tonight’s performance, the Stables are offering a live automatic haptic transcription of the bass part. The Stables have also hired a musical interpreter for the hearing impaired who will be communicating the overall performance using an electronic drum kit from which a haptic feed is available. As a third option, a chest-worn transducer is available that takes the audio feed and turns the wearer’s chest cavity into a bass woofer. Anna used the bass transcription. Ben opted for the live interpretation. During ‘Hit me with your rhythm stick’ Anna grabs the hand of her hearing friend Caroline in excitement and puts it on her wrist to feel the bass rhythm. Anna and Ben sign to each other during the first two songs, and decide to swap feeds for the third.

When they hand the equipment back in at the end of the gig, the Stables staff point out that there is a summer workshop being run for hearing impared beginner drummers using a full drum kit and bracelets on all four limbs.","What are the relationships between haptic devices (e.g., bracelets) and their usage scenarios (e.g., live transcription, workshops)?",1: relationships,1,relationships,,Justified,llm
Polifonia,NeoNGPT_Qwen3,"Anna wants to experience live music with the aid of haptic technology. Anna, who became hearing impaired in later life, attends a concert by The Blockheads at the Stables music venue with a friend Ben who is deaf from birth, and her hearing friend Caroline. In order to enhance their experience of the concert, they decide to use the haptic bracelets offered by the venue. Anna is a big fan of the bass player Norman Watt Roy, whereas her friend is interested in the drums played by John Roberts. For tonight’s performance, the Stables are offering a live automatic haptic transcription of the bass part. The Stables have also hired a musical interpreter for the hearing impaired who will be communicating the overall performance using an electronic drum kit from which a haptic feed is available. As a third option, a chest-worn transducer is available that takes the audio feed and turns the wearer’s chest cavity into a bass woofer. Anna used the bass transcription. Ben opted for the live interpretation. During ‘Hit me with your rhythm stick’ Anna grabs the hand of her hearing friend Caroline in excitement and puts it on her wrist to feel the bass rhythm. Anna and Ben sign to each other during the first two songs, and decide to swap feeds for the third.

When they hand the equipment back in at the end of the gig, the Stables staff point out that there is a summer workshop being run for hearing impared beginner drummers using a full drum kit and bracelets on all four limbs.","What are the user preferences (e.g., bass) that influence the selection of haptic devices (e.g., bass transcription bracelet) for a specific user (e.g., Anna)?",1: user preferences,1,user preferences,,Justified,llm
Polifonia,NeoNGPT_Qwen3,"Anna wants to experience live music with the aid of haptic technology. Anna, who became hearing impaired in later life, attends a concert by The Blockheads at the Stables music venue with a friend Ben who is deaf from birth, and her hearing friend Caroline. In order to enhance their experience of the concert, they decide to use the haptic bracelets offered by the venue. Anna is a big fan of the bass player Norman Watt Roy, whereas her friend is interested in the drums played by John Roberts. For tonight’s performance, the Stables are offering a live automatic haptic transcription of the bass part. The Stables have also hired a musical interpreter for the hearing impaired who will be communicating the overall performance using an electronic drum kit from which a haptic feed is available. As a third option, a chest-worn transducer is available that takes the audio feed and turns the wearer’s chest cavity into a bass woofer. Anna used the bass transcription. Ben opted for the live interpretation. During ‘Hit me with your rhythm stick’ Anna grabs the hand of her hearing friend Caroline in excitement and puts it on her wrist to feel the bass rhythm. Anna and Ben sign to each other during the first two songs, and decide to swap feeds for the third.

When they hand the equipment back in at the end of the gig, the Stables staff point out that there is a summer workshop being run for hearing impared beginner drummers using a full drum kit and bracelets on all four limbs.","What are the accessibility features (e.g., haptic transcription) of a specific event (e.g., ""Stables"") that cater to users with congenital hearing loss?",1: congenital hearing loss,1,congenital hearing loss,,Justified,llm
Polifonia,NeoNGPT_Qwen3,"Anna wants to experience live music with the aid of haptic technology. Anna, who became hearing impaired in later life, attends a concert by The Blockheads at the Stables music venue with a friend Ben who is deaf from birth, and her hearing friend Caroline. In order to enhance their experience of the concert, they decide to use the haptic bracelets offered by the venue. Anna is a big fan of the bass player Norman Watt Roy, whereas her friend is interested in the drums played by John Roberts. For tonight’s performance, the Stables are offering a live automatic haptic transcription of the bass part. The Stables have also hired a musical interpreter for the hearing impaired who will be communicating the overall performance using an electronic drum kit from which a haptic feed is available. As a third option, a chest-worn transducer is available that takes the audio feed and turns the wearer’s chest cavity into a bass woofer. Anna used the bass transcription. Ben opted for the live interpretation. During ‘Hit me with your rhythm stick’ Anna grabs the hand of her hearing friend Caroline in excitement and puts it on her wrist to feel the bass rhythm. Anna and Ben sign to each other during the first two songs, and decide to swap feeds for the third.

When they hand the equipment back in at the end of the gig, the Stables staff point out that there is a summer workshop being run for hearing impared beginner drummers using a full drum kit and bracelets on all four limbs.","What are the relationships between events (e.g., ""Stables"") and their associated haptic devices (e.g., chest transducer)?",1: relationships,1,relationships,,Justified,llm
Polifonia,NeoNGPT_Qwen3,"Anna wants to experience live music with the aid of haptic technology. Anna, who became hearing impaired in later life, attends a concert by The Blockheads at the Stables music venue with a friend Ben who is deaf from birth, and her hearing friend Caroline. In order to enhance their experience of the concert, they decide to use the haptic bracelets offered by the venue. Anna is a big fan of the bass player Norman Watt Roy, whereas her friend is interested in the drums played by John Roberts. For tonight’s performance, the Stables are offering a live automatic haptic transcription of the bass part. The Stables have also hired a musical interpreter for the hearing impaired who will be communicating the overall performance using an electronic drum kit from which a haptic feed is available. As a third option, a chest-worn transducer is available that takes the audio feed and turns the wearer’s chest cavity into a bass woofer. Anna used the bass transcription. Ben opted for the live interpretation. During ‘Hit me with your rhythm stick’ Anna grabs the hand of her hearing friend Caroline in excitement and puts it on her wrist to feel the bass rhythm. Anna and Ben sign to each other during the first two songs, and decide to swap feeds for the third.

When they hand the equipment back in at the end of the gig, the Stables staff point out that there is a summer workshop being run for hearing impared beginner drummers using a full drum kit and bracelets on all four limbs.","What are the educational activities (e.g., drum kit training) and target audiences (e.g., hearing-impaired beginners) of a specific workshop (e.g., ""summer workshop for drummers"")?",1: educational activities,1,educational activities,,Justified,llm
Polifonia,NeoNGPT_Qwen3,"Anna wants to experience live music with the aid of haptic technology. Anna, who became hearing impaired in later life, attends a concert by The Blockheads at the Stables music venue with a friend Ben who is deaf from birth, and her hearing friend Caroline. In order to enhance their experience of the concert, they decide to use the haptic bracelets offered by the venue. Anna is a big fan of the bass player Norman Watt Roy, whereas her friend is interested in the drums played by John Roberts. For tonight’s performance, the Stables are offering a live automatic haptic transcription of the bass part. The Stables have also hired a musical interpreter for the hearing impaired who will be communicating the overall performance using an electronic drum kit from which a haptic feed is available. As a third option, a chest-worn transducer is available that takes the audio feed and turns the wearer’s chest cavity into a bass woofer. Anna used the bass transcription. Ben opted for the live interpretation. During ‘Hit me with your rhythm stick’ Anna grabs the hand of her hearing friend Caroline in excitement and puts it on her wrist to feel the bass rhythm. Anna and Ben sign to each other during the first two songs, and decide to swap feeds for the third.

When they hand the equipment back in at the end of the gig, the Stables staff point out that there is a summer workshop being run for hearing impared beginner drummers using a full drum kit and bracelets on all four limbs.","What are the relationships between users (e.g., Anna) and their preferred event configurations (e.g., bass transcription)?",1: relationships,1,relationships,,Justified,llm
Polifonia,NeoNGPT_Qwen3,"Anna wants to experience live music with the aid of haptic technology. Anna, who became hearing impaired in later life, attends a concert by The Blockheads at the Stables music venue with a friend Ben who is deaf from birth, and her hearing friend Caroline. In order to enhance their experience of the concert, they decide to use the haptic bracelets offered by the venue. Anna is a big fan of the bass player Norman Watt Roy, whereas her friend is interested in the drums played by John Roberts. For tonight’s performance, the Stables are offering a live automatic haptic transcription of the bass part. The Stables have also hired a musical interpreter for the hearing impaired who will be communicating the overall performance using an electronic drum kit from which a haptic feed is available. As a third option, a chest-worn transducer is available that takes the audio feed and turns the wearer’s chest cavity into a bass woofer. Anna used the bass transcription. Ben opted for the live interpretation. During ‘Hit me with your rhythm stick’ Anna grabs the hand of her hearing friend Caroline in excitement and puts it on her wrist to feel the bass rhythm. Anna and Ben sign to each other during the first two songs, and decide to swap feeds for the third.

When they hand the equipment back in at the end of the gig, the Stables staff point out that there is a summer workshop being run for hearing impared beginner drummers using a full drum kit and bracelets on all four limbs.","What are the technical specifications (e.g., compatibility with audio feeds) of a specific haptic device (e.g., live automatic haptic transcription bracelet)?","2: technical specifications, compatibility with audio feeds",2,"technical specifications, compatibility with audio feeds",,Not Justified,llm
Polifonia,NeoNGPT_Qwen3,"Anna wants to experience live music with the aid of haptic technology. Anna, who became hearing impaired in later life, attends a concert by The Blockheads at the Stables music venue with a friend Ben who is deaf from birth, and her hearing friend Caroline. In order to enhance their experience of the concert, they decide to use the haptic bracelets offered by the venue. Anna is a big fan of the bass player Norman Watt Roy, whereas her friend is interested in the drums played by John Roberts. For tonight’s performance, the Stables are offering a live automatic haptic transcription of the bass part. The Stables have also hired a musical interpreter for the hearing impaired who will be communicating the overall performance using an electronic drum kit from which a haptic feed is available. As a third option, a chest-worn transducer is available that takes the audio feed and turns the wearer’s chest cavity into a bass woofer. Anna used the bass transcription. Ben opted for the live interpretation. During ‘Hit me with your rhythm stick’ Anna grabs the hand of her hearing friend Caroline in excitement and puts it on her wrist to feel the bass rhythm. Anna and Ben sign to each other during the first two songs, and decide to swap feeds for the third.

When they hand the equipment back in at the end of the gig, the Stables staff point out that there is a summer workshop being run for hearing impared beginner drummers using a full drum kit and bracelets on all four limbs.","What are the ethical considerations (e.g., inclusivity in modeling) related to representing user abilities and preferences in the ontology?","2: ethical considerations, modeling",2,"ethical considerations, modeling",,Not Justified,llm
Polifonia,NeoNGPT_Qwen3,"Anna wants to experience live music with the aid of haptic technology. Anna, who became hearing impaired in later life, attends a concert by The Blockheads at the Stables music venue with a friend Ben who is deaf from birth, and her hearing friend Caroline. In order to enhance their experience of the concert, they decide to use the haptic bracelets offered by the venue. Anna is a big fan of the bass player Norman Watt Roy, whereas her friend is interested in the drums played by John Roberts. For tonight’s performance, the Stables are offering a live automatic haptic transcription of the bass part. The Stables have also hired a musical interpreter for the hearing impaired who will be communicating the overall performance using an electronic drum kit from which a haptic feed is available. As a third option, a chest-worn transducer is available that takes the audio feed and turns the wearer’s chest cavity into a bass woofer. Anna used the bass transcription. Ben opted for the live interpretation. During ‘Hit me with your rhythm stick’ Anna grabs the hand of her hearing friend Caroline in excitement and puts it on her wrist to feel the bass rhythm. Anna and Ben sign to each other during the first two songs, and decide to swap feeds for the third.

When they hand the equipment back in at the end of the gig, the Stables staff point out that there is a summer workshop being run for hearing impared beginner drummers using a full drum kit and bracelets on all four limbs.","What are the relationships between haptic devices (e.g., transducers) and their usage in specific event types (e.g., concerts, workshops)?",1: relationships,1,relationships,,Justified,llm
Polifonia,NeoNGPT_Qwen3,"Anna wants to experience live music with the aid of haptic technology. Anna, who became hearing impaired in later life, attends a concert by The Blockheads at the Stables music venue with a friend Ben who is deaf from birth, and her hearing friend Caroline. In order to enhance their experience of the concert, they decide to use the haptic bracelets offered by the venue. Anna is a big fan of the bass player Norman Watt Roy, whereas her friend is interested in the drums played by John Roberts. For tonight’s performance, the Stables are offering a live automatic haptic transcription of the bass part. The Stables have also hired a musical interpreter for the hearing impaired who will be communicating the overall performance using an electronic drum kit from which a haptic feed is available. As a third option, a chest-worn transducer is available that takes the audio feed and turns the wearer’s chest cavity into a bass woofer. Anna used the bass transcription. Ben opted for the live interpretation. During ‘Hit me with your rhythm stick’ Anna grabs the hand of her hearing friend Caroline in excitement and puts it on her wrist to feel the bass rhythm. Anna and Ben sign to each other during the first two songs, and decide to swap feeds for the third.

When they hand the equipment back in at the end of the gig, the Stables staff point out that there is a summer workshop being run for hearing impared beginner drummers using a full drum kit and bracelets on all four limbs.","What are the user preferences (e.g., drums) that influence the selection of haptic devices (e.g., drum transcription bracelet) for a specific user (e.g., Ben)?",1: user preferences,1,user preferences,,Justified,llm
Polifonia,NeoNGPT_Qwen3,"Anna wants to experience live music with the aid of haptic technology. Anna, who became hearing impaired in later life, attends a concert by The Blockheads at the Stables music venue with a friend Ben who is deaf from birth, and her hearing friend Caroline. In order to enhance their experience of the concert, they decide to use the haptic bracelets offered by the venue. Anna is a big fan of the bass player Norman Watt Roy, whereas her friend is interested in the drums played by John Roberts. For tonight’s performance, the Stables are offering a live automatic haptic transcription of the bass part. The Stables have also hired a musical interpreter for the hearing impaired who will be communicating the overall performance using an electronic drum kit from which a haptic feed is available. As a third option, a chest-worn transducer is available that takes the audio feed and turns the wearer’s chest cavity into a bass woofer. Anna used the bass transcription. Ben opted for the live interpretation. During ‘Hit me with your rhythm stick’ Anna grabs the hand of her hearing friend Caroline in excitement and puts it on her wrist to feel the bass rhythm. Anna and Ben sign to each other during the first two songs, and decide to swap feeds for the third.

When they hand the equipment back in at the end of the gig, the Stables staff point out that there is a summer workshop being run for hearing impared beginner drummers using a full drum kit and bracelets on all four limbs.","What are the accessibility features (e.g., live interpretation) of a specific event (e.g., ""Stables"") that cater to users with late-onset hearing loss?",1: late-onset hearing loss,1,late-onset hearing loss,,Justified,llm
Polifonia,NeoNGPT_Qwen3,"Anna wants to experience live music with the aid of haptic technology. Anna, who became hearing impaired in later life, attends a concert by The Blockheads at the Stables music venue with a friend Ben who is deaf from birth, and her hearing friend Caroline. In order to enhance their experience of the concert, they decide to use the haptic bracelets offered by the venue. Anna is a big fan of the bass player Norman Watt Roy, whereas her friend is interested in the drums played by John Roberts. For tonight’s performance, the Stables are offering a live automatic haptic transcription of the bass part. The Stables have also hired a musical interpreter for the hearing impaired who will be communicating the overall performance using an electronic drum kit from which a haptic feed is available. As a third option, a chest-worn transducer is available that takes the audio feed and turns the wearer’s chest cavity into a bass woofer. Anna used the bass transcription. Ben opted for the live interpretation. During ‘Hit me with your rhythm stick’ Anna grabs the hand of her hearing friend Caroline in excitement and puts it on her wrist to feel the bass rhythm. Anna and Ben sign to each other during the first two songs, and decide to swap feeds for the third.

When they hand the equipment back in at the end of the gig, the Stables staff point out that there is a summer workshop being run for hearing impared beginner drummers using a full drum kit and bracelets on all four limbs.","What are the relationships between events (e.g., ""Stables"") and their associated workshops (e.g., ""summer workshop for drummers"")?",1: relationships,1,relationships,,Justified,llm
Polifonia,NeoNGPT_Qwen3,"Anna wants to experience live music with the aid of haptic technology. Anna, who became hearing impaired in later life, attends a concert by The Blockheads at the Stables music venue with a friend Ben who is deaf from birth, and her hearing friend Caroline. In order to enhance their experience of the concert, they decide to use the haptic bracelets offered by the venue. Anna is a big fan of the bass player Norman Watt Roy, whereas her friend is interested in the drums played by John Roberts. For tonight’s performance, the Stables are offering a live automatic haptic transcription of the bass part. The Stables have also hired a musical interpreter for the hearing impaired who will be communicating the overall performance using an electronic drum kit from which a haptic feed is available. As a third option, a chest-worn transducer is available that takes the audio feed and turns the wearer’s chest cavity into a bass woofer. Anna used the bass transcription. Ben opted for the live interpretation. During ‘Hit me with your rhythm stick’ Anna grabs the hand of her hearing friend Caroline in excitement and puts it on her wrist to feel the bass rhythm. Anna and Ben sign to each other during the first two songs, and decide to swap feeds for the third.

When they hand the equipment back in at the end of the gig, the Stables staff point out that there is a summer workshop being run for hearing impared beginner drummers using a full drum kit and bracelets on all four limbs.","What are the technical mappings (e.g., drum transcription linked to a specific performer) between haptic devices and audio feeds?",1: technical mappings,1,technical mappings,,Not Justified,llm
Polifonia,NeoNGPT_Qwen3,"Anna wants to experience live music with the aid of haptic technology. Anna, who became hearing impaired in later life, attends a concert by The Blockheads at the Stables music venue with a friend Ben who is deaf from birth, and her hearing friend Caroline. In order to enhance their experience of the concert, they decide to use the haptic bracelets offered by the venue. Anna is a big fan of the bass player Norman Watt Roy, whereas her friend is interested in the drums played by John Roberts. For tonight’s performance, the Stables are offering a live automatic haptic transcription of the bass part. The Stables have also hired a musical interpreter for the hearing impaired who will be communicating the overall performance using an electronic drum kit from which a haptic feed is available. As a third option, a chest-worn transducer is available that takes the audio feed and turns the wearer’s chest cavity into a bass woofer. Anna used the bass transcription. Ben opted for the live interpretation. During ‘Hit me with your rhythm stick’ Anna grabs the hand of her hearing friend Caroline in excitement and puts it on her wrist to feel the bass rhythm. Anna and Ben sign to each other during the first two songs, and decide to swap feeds for the third.

When they hand the equipment back in at the end of the gig, the Stables staff point out that there is a summer workshop being run for hearing impared beginner drummers using a full drum kit and bracelets on all four limbs.","What are the user roles (e.g., interpreter) and their contributions (e.g., signing) to social interactions at events?","2: user roles, social interactions",2,"user roles, social interactions",,Justified,llm
Polifonia,NeoNGPT_Qwen3,"Anna wants to experience live music with the aid of haptic technology. Anna, who became hearing impaired in later life, attends a concert by The Blockheads at the Stables music venue with a friend Ben who is deaf from birth, and her hearing friend Caroline. In order to enhance their experience of the concert, they decide to use the haptic bracelets offered by the venue. Anna is a big fan of the bass player Norman Watt Roy, whereas her friend is interested in the drums played by John Roberts. For tonight’s performance, the Stables are offering a live automatic haptic transcription of the bass part. The Stables have also hired a musical interpreter for the hearing impaired who will be communicating the overall performance using an electronic drum kit from which a haptic feed is available. As a third option, a chest-worn transducer is available that takes the audio feed and turns the wearer’s chest cavity into a bass woofer. Anna used the bass transcription. Ben opted for the live interpretation. During ‘Hit me with your rhythm stick’ Anna grabs the hand of her hearing friend Caroline in excitement and puts it on her wrist to feel the bass rhythm. Anna and Ben sign to each other during the first two songs, and decide to swap feeds for the third.

When they hand the equipment back in at the end of the gig, the Stables staff point out that there is a summer workshop being run for hearing impared beginner drummers using a full drum kit and bracelets on all four limbs.","What are the relationships between users (e.g., Caroline) and their roles (e.g., companion) in facilitating event accessibility?",1: facilitating event accessibility,1,facilitating event accessibility,,Justified,llm
Polifonia,NeoNGPT_Qwen3,"Anna wants to experience live music with the aid of haptic technology. Anna, who became hearing impaired in later life, attends a concert by The Blockheads at the Stables music venue with a friend Ben who is deaf from birth, and her hearing friend Caroline. In order to enhance their experience of the concert, they decide to use the haptic bracelets offered by the venue. Anna is a big fan of the bass player Norman Watt Roy, whereas her friend is interested in the drums played by John Roberts. For tonight’s performance, the Stables are offering a live automatic haptic transcription of the bass part. The Stables have also hired a musical interpreter for the hearing impaired who will be communicating the overall performance using an electronic drum kit from which a haptic feed is available. As a third option, a chest-worn transducer is available that takes the audio feed and turns the wearer’s chest cavity into a bass woofer. Anna used the bass transcription. Ben opted for the live interpretation. During ‘Hit me with your rhythm stick’ Anna grabs the hand of her hearing friend Caroline in excitement and puts it on her wrist to feel the bass rhythm. Anna and Ben sign to each other during the first two songs, and decide to swap feeds for the third.

When they hand the equipment back in at the end of the gig, the Stables staff point out that there is a summer workshop being run for hearing impared beginner drummers using a full drum kit and bracelets on all four limbs.","What are the educational programs (e.g., workshops) offered at a specific venue (e.g., ""Stables"") for hearing-impaired individuals?",1: educational programs,1,educational programs,,Justified,llm
Polifonia,NeoNGPT_Qwen3,"Anna wants to experience live music with the aid of haptic technology. Anna, who became hearing impaired in later life, attends a concert by The Blockheads at the Stables music venue with a friend Ben who is deaf from birth, and her hearing friend Caroline. In order to enhance their experience of the concert, they decide to use the haptic bracelets offered by the venue. Anna is a big fan of the bass player Norman Watt Roy, whereas her friend is interested in the drums played by John Roberts. For tonight’s performance, the Stables are offering a live automatic haptic transcription of the bass part. The Stables have also hired a musical interpreter for the hearing impaired who will be communicating the overall performance using an electronic drum kit from which a haptic feed is available. As a third option, a chest-worn transducer is available that takes the audio feed and turns the wearer’s chest cavity into a bass woofer. Anna used the bass transcription. Ben opted for the live interpretation. During ‘Hit me with your rhythm stick’ Anna grabs the hand of her hearing friend Caroline in excitement and puts it on her wrist to feel the bass rhythm. Anna and Ben sign to each other during the first two songs, and decide to swap feeds for the third.

When they hand the equipment back in at the end of the gig, the Stables staff point out that there is a summer workshop being run for hearing impared beginner drummers using a full drum kit and bracelets on all four limbs.","What are the activities (e.g., drum kit training) and equipment (e.g., bracelets) used in a specific workshop (e.g., ""summer workshop for drummers"")?",1: drum kit training,1,drum kit training,,Justified,llm
Polifonia,NeoNGPT_Qwen3,"Anna wants to experience live music with the aid of haptic technology. Anna, who became hearing impaired in later life, attends a concert by The Blockheads at the Stables music venue with a friend Ben who is deaf from birth, and her hearing friend Caroline. In order to enhance their experience of the concert, they decide to use the haptic bracelets offered by the venue. Anna is a big fan of the bass player Norman Watt Roy, whereas her friend is interested in the drums played by John Roberts. For tonight’s performance, the Stables are offering a live automatic haptic transcription of the bass part. The Stables have also hired a musical interpreter for the hearing impaired who will be communicating the overall performance using an electronic drum kit from which a haptic feed is available. As a third option, a chest-worn transducer is available that takes the audio feed and turns the wearer’s chest cavity into a bass woofer. Anna used the bass transcription. Ben opted for the live interpretation. During ‘Hit me with your rhythm stick’ Anna grabs the hand of her hearing friend Caroline in excitement and puts it on her wrist to feel the bass rhythm. Anna and Ben sign to each other during the first two songs, and decide to swap feeds for the third.

When they hand the equipment back in at the end of the gig, the Stables staff point out that there is a summer workshop being run for hearing impared beginner drummers using a full drum kit and bracelets on all four limbs.","What are the relationships between haptic devices (e.g., bracelets) and their usage in specific event configurations (e.g., live transcription, workshops)?","2: relationships, event configurations",2,"relationships, event configurations",,Justified,llm
Polifonia,NeoNGPT_GPT4o,"David is interested in understanding the social history of music, e.g. who were the musicians, who was the audience, how did a particular musical environment relate to the wider musical environment. He has a particular interest in understanding the environment around music which would not be classified as 'elite' music. He is also interested in people's experience of listening to music. David will work for several years collecting information, e.g. about brass bands, and populating a database with this information, as a preparation for writing a book. David's work could be helped by:

sonic visualization, e.g. to recognise 'thumbprints' to identify the composer of a piece of music;

search of document database using RDF annotations and query-time reasoning;

NLP, e.g. to suggest relevant keywords for annotation; including using some semantics, e.g. proposing an annotation which does not occur in the text.",What are the defining characteristics of non-elite music environments throughout history?,1: throughout history,1,throughout history,,Not Justified,llm
Polifonia,NeoNGPT_GPT4o,"David is interested in understanding the social history of music, e.g. who were the musicians, who was the audience, how did a particular musical environment relate to the wider musical environment. He has a particular interest in understanding the environment around music which would not be classified as 'elite' music. He is also interested in people's experience of listening to music. David will work for several years collecting information, e.g. about brass bands, and populating a database with this information, as a preparation for writing a book. David's work could be helped by:

sonic visualization, e.g. to recognise 'thumbprints' to identify the composer of a piece of music;

search of document database using RDF annotations and query-time reasoning;

NLP, e.g. to suggest relevant keywords for annotation; including using some semantics, e.g. proposing an annotation which does not occur in the text.",What are the relationships between musicians and their audiences in non-elite music settings?,1: relationships,1,relationships,,Justified,llm
Polifonia,NeoNGPT_GPT4o,"David is interested in understanding the social history of music, e.g. who were the musicians, who was the audience, how did a particular musical environment relate to the wider musical environment. He has a particular interest in understanding the environment around music which would not be classified as 'elite' music. He is also interested in people's experience of listening to music. David will work for several years collecting information, e.g. about brass bands, and populating a database with this information, as a preparation for writing a book. David's work could be helped by:

sonic visualization, e.g. to recognise 'thumbprints' to identify the composer of a piece of music;

search of document database using RDF annotations and query-time reasoning;

NLP, e.g. to suggest relevant keywords for annotation; including using some semantics, e.g. proposing an annotation which does not occur in the text.",How do different non-elite music environments relate to each other contextually?,1: contextually,1,contextually,,Justified,llm
Polifonia,NeoNGPT_GPT4o,"David is interested in understanding the social history of music, e.g. who were the musicians, who was the audience, how did a particular musical environment relate to the wider musical environment. He has a particular interest in understanding the environment around music which would not be classified as 'elite' music. He is also interested in people's experience of listening to music. David will work for several years collecting information, e.g. about brass bands, and populating a database with this information, as a preparation for writing a book. David's work could be helped by:

sonic visualization, e.g. to recognise 'thumbprints' to identify the composer of a piece of music;

search of document database using RDF annotations and query-time reasoning;

NLP, e.g. to suggest relevant keywords for annotation; including using some semantics, e.g. proposing an annotation which does not occur in the text.","What metadata is available for specific pieces of non-elite music, including sonic characteristics and composer identification?",1: metadata,1,metadata,,Justified,llm
Polifonia,NeoNGPT_GPT4o,"David is interested in understanding the social history of music, e.g. who were the musicians, who was the audience, how did a particular musical environment relate to the wider musical environment. He has a particular interest in understanding the environment around music which would not be classified as 'elite' music. He is also interested in people's experience of listening to music. David will work for several years collecting information, e.g. about brass bands, and populating a database with this information, as a preparation for writing a book. David's work could be helped by:

sonic visualization, e.g. to recognise 'thumbprints' to identify the composer of a piece of music;

search of document database using RDF annotations and query-time reasoning;

NLP, e.g. to suggest relevant keywords for annotation; including using some semantics, e.g. proposing an annotation which does not occur in the text.",How can non-elite music documents be semantically annotated with relevant concepts and relationships?,1: semantically annotated,1,semantically annotated,,Justified,llm
Polifonia,NeoNGPT_GPT4o,"David is interested in understanding the social history of music, e.g. who were the musicians, who was the audience, how did a particular musical environment relate to the wider musical environment. He has a particular interest in understanding the environment around music which would not be classified as 'elite' music. He is also interested in people's experience of listening to music. David will work for several years collecting information, e.g. about brass bands, and populating a database with this information, as a preparation for writing a book. David's work could be helped by:

sonic visualization, e.g. to recognise 'thumbprints' to identify the composer of a piece of music;

search of document database using RDF annotations and query-time reasoning;

NLP, e.g. to suggest relevant keywords for annotation; including using some semantics, e.g. proposing an annotation which does not occur in the text.",What complex queries can be performed using RDF annotations to extract information about non-elite music?,1: complex queries,1,complex queries,,Justified,llm
Polifonia,NeoNGPT_GPT4o,"David is interested in understanding the social history of music, e.g. who were the musicians, who was the audience, how did a particular musical environment relate to the wider musical environment. He has a particular interest in understanding the environment around music which would not be classified as 'elite' music. He is also interested in people's experience of listening to music. David will work for several years collecting information, e.g. about brass bands, and populating a database with this information, as a preparation for writing a book. David's work could be helped by:

sonic visualization, e.g. to recognise 'thumbprints' to identify the composer of a piece of music;

search of document database using RDF annotations and query-time reasoning;

NLP, e.g. to suggest relevant keywords for annotation; including using some semantics, e.g. proposing an annotation which does not occur in the text.",How can reasoning be applied to infer new knowledge about non-elite music from existing data?,1: reasoning,1,reasoning,,Justified,llm
Polifonia,NeoNGPT_GPT4o,"David is interested in understanding the social history of music, e.g. who were the musicians, who was the audience, how did a particular musical environment relate to the wider musical environment. He has a particular interest in understanding the environment around music which would not be classified as 'elite' music. He is also interested in people's experience of listening to music. David will work for several years collecting information, e.g. about brass bands, and populating a database with this information, as a preparation for writing a book. David's work could be helped by:

sonic visualization, e.g. to recognise 'thumbprints' to identify the composer of a piece of music;

search of document database using RDF annotations and query-time reasoning;

NLP, e.g. to suggest relevant keywords for annotation; including using some semantics, e.g. proposing an annotation which does not occur in the text.",What mechanisms are available for integrating NLP tools to suggest annotations and keywords for non-elite music documents?,1: mechanisms,1,mechanisms,,Justified,llm
Polifonia,NeoNGPT_GPT4o,"David is interested in understanding the social history of music, e.g. who were the musicians, who was the audience, how did a particular musical environment relate to the wider musical environment. He has a particular interest in understanding the environment around music which would not be classified as 'elite' music. He is also interested in people's experience of listening to music. David will work for several years collecting information, e.g. about brass bands, and populating a database with this information, as a preparation for writing a book. David's work could be helped by:

sonic visualization, e.g. to recognise 'thumbprints' to identify the composer of a piece of music;

search of document database using RDF annotations and query-time reasoning;

NLP, e.g. to suggest relevant keywords for annotation; including using some semantics, e.g. proposing an annotation which does not occur in the text.",How can sonic characteristics of non-elite music be represented for visualization and analysis?,1: sonic characteristics,1,sonic characteristics,,Justified,llm
Polifonia,NeoNGPT_GPT4o,"David is interested in understanding the social history of music, e.g. who were the musicians, who was the audience, how did a particular musical environment relate to the wider musical environment. He has a particular interest in understanding the environment around music which would not be classified as 'elite' music. He is also interested in people's experience of listening to music. David will work for several years collecting information, e.g. about brass bands, and populating a database with this information, as a preparation for writing a book. David's work could be helped by:

sonic visualization, e.g. to recognise 'thumbprints' to identify the composer of a piece of music;

search of document database using RDF annotations and query-time reasoning;

NLP, e.g. to suggest relevant keywords for annotation; including using some semantics, e.g. proposing an annotation which does not occur in the text.",What existing music databases and ontologies are compatible for data integration with this ontology?,1: existing music databases and ontologies,1,existing music databases and ontologies,,Not Justified,llm
Polifonia,NeoNGPT_GPT4o,"David is interested in understanding the social history of music, e.g. who were the musicians, who was the audience, how did a particular musical environment relate to the wider musical environment. He has a particular interest in understanding the environment around music which would not be classified as 'elite' music. He is also interested in people's experience of listening to music. David will work for several years collecting information, e.g. about brass bands, and populating a database with this information, as a preparation for writing a book. David's work could be helped by:

sonic visualization, e.g. to recognise 'thumbprints' to identify the composer of a piece of music;

search of document database using RDF annotations and query-time reasoning;

NLP, e.g. to suggest relevant keywords for annotation; including using some semantics, e.g. proposing an annotation which does not occur in the text.",How can the ontology be extended or modified to accommodate new findings in the study of non-elite music?,1: ontology,1,ontology,,Not Justified,llm
Polifonia,NeoNGPT_GPT4o,"David is interested in understanding the social history of music, e.g. who were the musicians, who was the audience, how did a particular musical environment relate to the wider musical environment. He has a particular interest in understanding the environment around music which would not be classified as 'elite' music. He is also interested in people's experience of listening to music. David will work for several years collecting information, e.g. about brass bands, and populating a database with this information, as a preparation for writing a book. David's work could be helped by:

sonic visualization, e.g. to recognise 'thumbprints' to identify the composer of a piece of music;

search of document database using RDF annotations and query-time reasoning;

NLP, e.g. to suggest relevant keywords for annotation; including using some semantics, e.g. proposing an annotation which does not occur in the text.",What are the best practices for ensuring the ontology's usability for non-technical users like historians and musicologists?,1: best practices,1,best practices,,Not Justified,llm
Polifonia,NeoNGPT_GPT4o,"David is interested in understanding the social history of music, e.g. who were the musicians, who was the audience, how did a particular musical environment relate to the wider musical environment. He has a particular interest in understanding the environment around music which would not be classified as 'elite' music. He is also interested in people's experience of listening to music. David will work for several years collecting information, e.g. about brass bands, and populating a database with this information, as a preparation for writing a book. David's work could be helped by:

sonic visualization, e.g. to recognise 'thumbprints' to identify the composer of a piece of music;

search of document database using RDF annotations and query-time reasoning;

NLP, e.g. to suggest relevant keywords for annotation; including using some semantics, e.g. proposing an annotation which does not occur in the text.",How does the ontology ensure efficient processing of queries and reasoning tasks related to non-elite music?,1: ontology,1,ontology,,Not Justified,llm
Polifonia,NeoNGPT_GPT4o,"David is interested in understanding the social history of music, e.g. who were the musicians, who was the audience, how did a particular musical environment relate to the wider musical environment. He has a particular interest in understanding the environment around music which would not be classified as 'elite' music. He is also interested in people's experience of listening to music. David will work for several years collecting information, e.g. about brass bands, and populating a database with this information, as a preparation for writing a book. David's work could be helped by:

sonic visualization, e.g. to recognise 'thumbprints' to identify the composer of a piece of music;

search of document database using RDF annotations and query-time reasoning;

NLP, e.g. to suggest relevant keywords for annotation; including using some semantics, e.g. proposing an annotation which does not occur in the text.",What standards are followed to maintain interoperability with other ontology and data exchange formats?,"3: standards, interoperability, data exchange formats",3,"standards, interoperability, data exchange formats",,Not Justified,llm
Polifonia,NeoNGPT_GPT4o,"For her next research project, Amy wants to discover artistic and technical trends of organs and how these developed. The development of these trends could possibly indicate wider social trends. During the project, Amy researches both artistic and technical trends surrounding organs in the Netherlands. Amy is interested in finding connections between different regions and time periods to see how the trends have developed. She also wants to put her findings in a historical and social context. Amy hopes that the knowledge graphs can help her identify initial trends. That way she knows where to dig deeper to understand the trends. In order to discover trends, comparisons similar to those needed by the organ advisor (Paul) are required. But besides the comparison of stops in organs made by the same organ builder, the comparisons can be related to almost every component of the organ. For example, the different arthistorical details on the fronts of the organs, or the wind supply system are interesting to compare.
    Amy already has access to the physical as well as online library of the university where she works.
    Amy also has the entire 15 volume collection from the Dutch organ encyclopaedia. She uses the encyclopaedia mostly for reading about the arthistorical and technical aspects and developments of organs and comparing these to other organs.
    Database websites for information about organs and churches which all offer slightly different kinds of information:
        https://www.kerk-en-orgel.nl
        https://reliwiki.nl/
        http://www.orgbase.nl
        https://geoplaza.vu.nl/cms/research/kerkenkaart/ – Kerkenkaart (churchmap) from the Vrije Universiteit Amsterdam",What are the artistic components of organs constructed in the Netherlands during the 17th century?,1: 17th century,1,17th century,,Justified,llm
Polifonia,NeoNGPT_GPT4o,"For her next research project, Amy wants to discover artistic and technical trends of organs and how these developed. The development of these trends could possibly indicate wider social trends. During the project, Amy researches both artistic and technical trends surrounding organs in the Netherlands. Amy is interested in finding connections between different regions and time periods to see how the trends have developed. She also wants to put her findings in a historical and social context. Amy hopes that the knowledge graphs can help her identify initial trends. That way she knows where to dig deeper to understand the trends. In order to discover trends, comparisons similar to those needed by the organ advisor (Paul) are required. But besides the comparison of stops in organs made by the same organ builder, the comparisons can be related to almost every component of the organ. For example, the different arthistorical details on the fronts of the organs, or the wind supply system are interesting to compare.
    Amy already has access to the physical as well as online library of the university where she works.
    Amy also has the entire 15 volume collection from the Dutch organ encyclopaedia. She uses the encyclopaedia mostly for reading about the arthistorical and technical aspects and developments of organs and comparing these to other organs.
    Database websites for information about organs and churches which all offer slightly different kinds of information:
        https://www.kerk-en-orgel.nl
        https://reliwiki.nl/
        http://www.orgbase.nl
        https://geoplaza.vu.nl/cms/research/kerkenkaart/ – Kerkenkaart (churchmap) from the Vrije Universiteit Amsterdam","Which technical components, such as stops and wind supply systems, were prevalent in Dutch organs in the 18th century?",1: 18th century,1,18th century,,Justified,llm
Polifonia,NeoNGPT_GPT4o,"For her next research project, Amy wants to discover artistic and technical trends of organs and how these developed. The development of these trends could possibly indicate wider social trends. During the project, Amy researches both artistic and technical trends surrounding organs in the Netherlands. Amy is interested in finding connections between different regions and time periods to see how the trends have developed. She also wants to put her findings in a historical and social context. Amy hopes that the knowledge graphs can help her identify initial trends. That way she knows where to dig deeper to understand the trends. In order to discover trends, comparisons similar to those needed by the organ advisor (Paul) are required. But besides the comparison of stops in organs made by the same organ builder, the comparisons can be related to almost every component of the organ. For example, the different arthistorical details on the fronts of the organs, or the wind supply system are interesting to compare.
    Amy already has access to the physical as well as online library of the university where she works.
    Amy also has the entire 15 volume collection from the Dutch organ encyclopaedia. She uses the encyclopaedia mostly for reading about the arthistorical and technical aspects and developments of organs and comparing these to other organs.
    Database websites for information about organs and churches which all offer slightly different kinds of information:
        https://www.kerk-en-orgel.nl
        https://reliwiki.nl/
        http://www.orgbase.nl
        https://geoplaza.vu.nl/cms/research/kerkenkaart/ – Kerkenkaart (churchmap) from the Vrije Universiteit Amsterdam",What historical events influenced organ construction in the Netherlands during the 19th century?,"2: historical events, 19th century",2,"historical events, 19th century",,Not Justified,llm
Polifonia,NeoNGPT_GPT4o,"For her next research project, Amy wants to discover artistic and technical trends of organs and how these developed. The development of these trends could possibly indicate wider social trends. During the project, Amy researches both artistic and technical trends surrounding organs in the Netherlands. Amy is interested in finding connections between different regions and time periods to see how the trends have developed. She also wants to put her findings in a historical and social context. Amy hopes that the knowledge graphs can help her identify initial trends. That way she knows where to dig deeper to understand the trends. In order to discover trends, comparisons similar to those needed by the organ advisor (Paul) are required. But besides the comparison of stops in organs made by the same organ builder, the comparisons can be related to almost every component of the organ. For example, the different arthistorical details on the fronts of the organs, or the wind supply system are interesting to compare.
    Amy already has access to the physical as well as online library of the university where she works.
    Amy also has the entire 15 volume collection from the Dutch organ encyclopaedia. She uses the encyclopaedia mostly for reading about the arthistorical and technical aspects and developments of organs and comparing these to other organs.
    Database websites for information about organs and churches which all offer slightly different kinds of information:
        https://www.kerk-en-orgel.nl
        https://reliwiki.nl/
        http://www.orgbase.nl
        https://geoplaza.vu.nl/cms/research/kerkenkaart/ – Kerkenkaart (churchmap) from the Vrije Universiteit Amsterdam",How do the artistic details of organs from Amsterdam compare to those from Rotterdam?,"2: Amsterdam, Rotterdam",2,"Amsterdam, Rotterdam",,Not Justified,llm
Polifonia,NeoNGPT_GPT4o,"For her next research project, Amy wants to discover artistic and technical trends of organs and how these developed. The development of these trends could possibly indicate wider social trends. During the project, Amy researches both artistic and technical trends surrounding organs in the Netherlands. Amy is interested in finding connections between different regions and time periods to see how the trends have developed. She also wants to put her findings in a historical and social context. Amy hopes that the knowledge graphs can help her identify initial trends. That way she knows where to dig deeper to understand the trends. In order to discover trends, comparisons similar to those needed by the organ advisor (Paul) are required. But besides the comparison of stops in organs made by the same organ builder, the comparisons can be related to almost every component of the organ. For example, the different arthistorical details on the fronts of the organs, or the wind supply system are interesting to compare.
    Amy already has access to the physical as well as online library of the university where she works.
    Amy also has the entire 15 volume collection from the Dutch organ encyclopaedia. She uses the encyclopaedia mostly for reading about the arthistorical and technical aspects and developments of organs and comparing these to other organs.
    Database websites for information about organs and churches which all offer slightly different kinds of information:
        https://www.kerk-en-orgel.nl
        https://reliwiki.nl/
        http://www.orgbase.nl
        https://geoplaza.vu.nl/cms/research/kerkenkaart/ – Kerkenkaart (churchmap) from the Vrije Universiteit Amsterdam",What are the common features of organs built in the Netherlands during the Baroque period?,1: Baroque period,1,Baroque period,,Not Justified,llm
Polifonia,NeoNGPT_GPT4o,"For her next research project, Amy wants to discover artistic and technical trends of organs and how these developed. The development of these trends could possibly indicate wider social trends. During the project, Amy researches both artistic and technical trends surrounding organs in the Netherlands. Amy is interested in finding connections between different regions and time periods to see how the trends have developed. She also wants to put her findings in a historical and social context. Amy hopes that the knowledge graphs can help her identify initial trends. That way she knows where to dig deeper to understand the trends. In order to discover trends, comparisons similar to those needed by the organ advisor (Paul) are required. But besides the comparison of stops in organs made by the same organ builder, the comparisons can be related to almost every component of the organ. For example, the different arthistorical details on the fronts of the organs, or the wind supply system are interesting to compare.
    Amy already has access to the physical as well as online library of the university where she works.
    Amy also has the entire 15 volume collection from the Dutch organ encyclopaedia. She uses the encyclopaedia mostly for reading about the arthistorical and technical aspects and developments of organs and comparing these to other organs.
    Database websites for information about organs and churches which all offer slightly different kinds of information:
        https://www.kerk-en-orgel.nl
        https://reliwiki.nl/
        http://www.orgbase.nl
        https://geoplaza.vu.nl/cms/research/kerkenkaart/ – Kerkenkaart (churchmap) from the Vrije Universiteit Amsterdam",Which social factors contributed to changes in organ design in the Netherlands over time?,1: social factors,1,social factors,,Justified,llm
Polifonia,NeoNGPT_GPT4o,"For her next research project, Amy wants to discover artistic and technical trends of organs and how these developed. The development of these trends could possibly indicate wider social trends. During the project, Amy researches both artistic and technical trends surrounding organs in the Netherlands. Amy is interested in finding connections between different regions and time periods to see how the trends have developed. She also wants to put her findings in a historical and social context. Amy hopes that the knowledge graphs can help her identify initial trends. That way she knows where to dig deeper to understand the trends. In order to discover trends, comparisons similar to those needed by the organ advisor (Paul) are required. But besides the comparison of stops in organs made by the same organ builder, the comparisons can be related to almost every component of the organ. For example, the different arthistorical details on the fronts of the organs, or the wind supply system are interesting to compare.
    Amy already has access to the physical as well as online library of the university where she works.
    Amy also has the entire 15 volume collection from the Dutch organ encyclopaedia. She uses the encyclopaedia mostly for reading about the arthistorical and technical aspects and developments of organs and comparing these to other organs.
    Database websites for information about organs and churches which all offer slightly different kinds of information:
        https://www.kerk-en-orgel.nl
        https://reliwiki.nl/
        http://www.orgbase.nl
        https://geoplaza.vu.nl/cms/research/kerkenkaart/ – Kerkenkaart (churchmap) from the Vrije Universiteit Amsterdam",How can data from online databases be integrated to analyze organ trends in the Netherlands?,1: integrated,1,integrated,,Justified,llm
Polifonia,NeoNGPT_GPT4o,"For her next research project, Amy wants to discover artistic and technical trends of organs and how these developed. The development of these trends could possibly indicate wider social trends. During the project, Amy researches both artistic and technical trends surrounding organs in the Netherlands. Amy is interested in finding connections between different regions and time periods to see how the trends have developed. She also wants to put her findings in a historical and social context. Amy hopes that the knowledge graphs can help her identify initial trends. That way she knows where to dig deeper to understand the trends. In order to discover trends, comparisons similar to those needed by the organ advisor (Paul) are required. But besides the comparison of stops in organs made by the same organ builder, the comparisons can be related to almost every component of the organ. For example, the different arthistorical details on the fronts of the organs, or the wind supply system are interesting to compare.
    Amy already has access to the physical as well as online library of the university where she works.
    Amy also has the entire 15 volume collection from the Dutch organ encyclopaedia. She uses the encyclopaedia mostly for reading about the arthistorical and technical aspects and developments of organs and comparing these to other organs.
    Database websites for information about organs and churches which all offer slightly different kinds of information:
        https://www.kerk-en-orgel.nl
        https://reliwiki.nl/
        http://www.orgbase.nl
        https://geoplaza.vu.nl/cms/research/kerkenkaart/ – Kerkenkaart (churchmap) from the Vrije Universiteit Amsterdam",What are the differences in wind supply systems used in organs from the northern and southern regions of the Netherlands?,1: northern and southern regions,1,northern and southern regions,,Not Justified,llm
Polifonia,NeoNGPT_GPT4o,"For her next research project, Amy wants to discover artistic and technical trends of organs and how these developed. The development of these trends could possibly indicate wider social trends. During the project, Amy researches both artistic and technical trends surrounding organs in the Netherlands. Amy is interested in finding connections between different regions and time periods to see how the trends have developed. She also wants to put her findings in a historical and social context. Amy hopes that the knowledge graphs can help her identify initial trends. That way she knows where to dig deeper to understand the trends. In order to discover trends, comparisons similar to those needed by the organ advisor (Paul) are required. But besides the comparison of stops in organs made by the same organ builder, the comparisons can be related to almost every component of the organ. For example, the different arthistorical details on the fronts of the organs, or the wind supply system are interesting to compare.
    Amy already has access to the physical as well as online library of the university where she works.
    Amy also has the entire 15 volume collection from the Dutch organ encyclopaedia. She uses the encyclopaedia mostly for reading about the arthistorical and technical aspects and developments of organs and comparing these to other organs.
    Database websites for information about organs and churches which all offer slightly different kinds of information:
        https://www.kerk-en-orgel.nl
        https://reliwiki.nl/
        http://www.orgbase.nl
        https://geoplaza.vu.nl/cms/research/kerkenkaart/ – Kerkenkaart (churchmap) from the Vrije Universiteit Amsterdam",How did the introduction of new materials impact organ construction in the Netherlands?,1: introduction of new materials,1,introduction of new materials,,Not Justified,llm
Polifonia,NeoNGPT_GPT4o,"For her next research project, Amy wants to discover artistic and technical trends of organs and how these developed. The development of these trends could possibly indicate wider social trends. During the project, Amy researches both artistic and technical trends surrounding organs in the Netherlands. Amy is interested in finding connections between different regions and time periods to see how the trends have developed. She also wants to put her findings in a historical and social context. Amy hopes that the knowledge graphs can help her identify initial trends. That way she knows where to dig deeper to understand the trends. In order to discover trends, comparisons similar to those needed by the organ advisor (Paul) are required. But besides the comparison of stops in organs made by the same organ builder, the comparisons can be related to almost every component of the organ. For example, the different arthistorical details on the fronts of the organs, or the wind supply system are interesting to compare.
    Amy already has access to the physical as well as online library of the university where she works.
    Amy also has the entire 15 volume collection from the Dutch organ encyclopaedia. She uses the encyclopaedia mostly for reading about the arthistorical and technical aspects and developments of organs and comparing these to other organs.
    Database websites for information about organs and churches which all offer slightly different kinds of information:
        https://www.kerk-en-orgel.nl
        https://reliwiki.nl/
        http://www.orgbase.nl
        https://geoplaza.vu.nl/cms/research/kerkenkaart/ – Kerkenkaart (churchmap) from the Vrije Universiteit Amsterdam",What are the key trends in organ design identified in the Netherlands during the 20th century?,"2: key trends, 20th century",2,"key trends, 20th century",,Not Justified,llm
Polifonia,NeoNGPT_GPT4o,"For her next research project, Amy wants to discover artistic and technical trends of organs and how these developed. The development of these trends could possibly indicate wider social trends. During the project, Amy researches both artistic and technical trends surrounding organs in the Netherlands. Amy is interested in finding connections between different regions and time periods to see how the trends have developed. She also wants to put her findings in a historical and social context. Amy hopes that the knowledge graphs can help her identify initial trends. That way she knows where to dig deeper to understand the trends. In order to discover trends, comparisons similar to those needed by the organ advisor (Paul) are required. But besides the comparison of stops in organs made by the same organ builder, the comparisons can be related to almost every component of the organ. For example, the different arthistorical details on the fronts of the organs, or the wind supply system are interesting to compare.
    Amy already has access to the physical as well as online library of the university where she works.
    Amy also has the entire 15 volume collection from the Dutch organ encyclopaedia. She uses the encyclopaedia mostly for reading about the arthistorical and technical aspects and developments of organs and comparing these to other organs.
    Database websites for information about organs and churches which all offer slightly different kinds of information:
        https://www.kerk-en-orgel.nl
        https://reliwiki.nl/
        http://www.orgbase.nl
        https://geoplaza.vu.nl/cms/research/kerkenkaart/ – Kerkenkaart (churchmap) from the Vrije Universiteit Amsterdam",How can organ-related data be linked to broader historical contexts in the Netherlands?,1: linked,1,linked,,Justified,llm
Polifonia,NeoNGPT_GPT4o,"For her next research project, Amy wants to discover artistic and technical trends of organs and how these developed. The development of these trends could possibly indicate wider social trends. During the project, Amy researches both artistic and technical trends surrounding organs in the Netherlands. Amy is interested in finding connections between different regions and time periods to see how the trends have developed. She also wants to put her findings in a historical and social context. Amy hopes that the knowledge graphs can help her identify initial trends. That way she knows where to dig deeper to understand the trends. In order to discover trends, comparisons similar to those needed by the organ advisor (Paul) are required. But besides the comparison of stops in organs made by the same organ builder, the comparisons can be related to almost every component of the organ. For example, the different arthistorical details on the fronts of the organs, or the wind supply system are interesting to compare.
    Amy already has access to the physical as well as online library of the university where she works.
    Amy also has the entire 15 volume collection from the Dutch organ encyclopaedia. She uses the encyclopaedia mostly for reading about the arthistorical and technical aspects and developments of organs and comparing these to other organs.
    Database websites for information about organs and churches which all offer slightly different kinds of information:
        https://www.kerk-en-orgel.nl
        https://reliwiki.nl/
        http://www.orgbase.nl
        https://geoplaza.vu.nl/cms/research/kerkenkaart/ – Kerkenkaart (churchmap) from the Vrije Universiteit Amsterdam",What are the most significant artistic trends in organ construction in the Netherlands during the Renaissance?,"2: most significant, Renaissance",2,"most significant, Renaissance",,Not Justified,llm
Polifonia,NeoNGPT_GPT4o,"For her next research project, Amy wants to discover artistic and technical trends of organs and how these developed. The development of these trends could possibly indicate wider social trends. During the project, Amy researches both artistic and technical trends surrounding organs in the Netherlands. Amy is interested in finding connections between different regions and time periods to see how the trends have developed. She also wants to put her findings in a historical and social context. Amy hopes that the knowledge graphs can help her identify initial trends. That way she knows where to dig deeper to understand the trends. In order to discover trends, comparisons similar to those needed by the organ advisor (Paul) are required. But besides the comparison of stops in organs made by the same organ builder, the comparisons can be related to almost every component of the organ. For example, the different arthistorical details on the fronts of the organs, or the wind supply system are interesting to compare.
    Amy already has access to the physical as well as online library of the university where she works.
    Amy also has the entire 15 volume collection from the Dutch organ encyclopaedia. She uses the encyclopaedia mostly for reading about the arthistorical and technical aspects and developments of organs and comparing these to other organs.
    Database websites for information about organs and churches which all offer slightly different kinds of information:
        https://www.kerk-en-orgel.nl
        https://reliwiki.nl/
        http://www.orgbase.nl
        https://geoplaza.vu.nl/cms/research/kerkenkaart/ – Kerkenkaart (churchmap) from the Vrije Universiteit Amsterdam",What are the major sources of data for studying organ trends in the Netherlands?,1: major,1,major,,Justified,llm
Polifonia,NeoNGPT_GPT4o,"For her next research project, Amy wants to discover artistic and technical trends of organs and how these developed. The development of these trends could possibly indicate wider social trends. During the project, Amy researches both artistic and technical trends surrounding organs in the Netherlands. Amy is interested in finding connections between different regions and time periods to see how the trends have developed. She also wants to put her findings in a historical and social context. Amy hopes that the knowledge graphs can help her identify initial trends. That way she knows where to dig deeper to understand the trends. In order to discover trends, comparisons similar to those needed by the organ advisor (Paul) are required. But besides the comparison of stops in organs made by the same organ builder, the comparisons can be related to almost every component of the organ. For example, the different arthistorical details on the fronts of the organs, or the wind supply system are interesting to compare.
    Amy already has access to the physical as well as online library of the university where she works.
    Amy also has the entire 15 volume collection from the Dutch organ encyclopaedia. She uses the encyclopaedia mostly for reading about the arthistorical and technical aspects and developments of organs and comparing these to other organs.
    Database websites for information about organs and churches which all offer slightly different kinds of information:
        https://www.kerk-en-orgel.nl
        https://reliwiki.nl/
        http://www.orgbase.nl
        https://geoplaza.vu.nl/cms/research/kerkenkaart/ – Kerkenkaart (churchmap) from the Vrije Universiteit Amsterdam",How can researchers perform complex queries to retrieve data on organ components in the Netherlands?,1: complex queries,1,complex queries,,Not Justified,llm
Polifonia,NeoNGPT_GPT4o,"For her next research project, Amy wants to discover artistic and technical trends of organs and how these developed. The development of these trends could possibly indicate wider social trends. During the project, Amy researches both artistic and technical trends surrounding organs in the Netherlands. Amy is interested in finding connections between different regions and time periods to see how the trends have developed. She also wants to put her findings in a historical and social context. Amy hopes that the knowledge graphs can help her identify initial trends. That way she knows where to dig deeper to understand the trends. In order to discover trends, comparisons similar to those needed by the organ advisor (Paul) are required. But besides the comparison of stops in organs made by the same organ builder, the comparisons can be related to almost every component of the organ. For example, the different arthistorical details on the fronts of the organs, or the wind supply system are interesting to compare.
    Amy already has access to the physical as well as online library of the university where she works.
    Amy also has the entire 15 volume collection from the Dutch organ encyclopaedia. She uses the encyclopaedia mostly for reading about the arthistorical and technical aspects and developments of organs and comparing these to other organs.
    Database websites for information about organs and churches which all offer slightly different kinds of information:
        https://www.kerk-en-orgel.nl
        https://reliwiki.nl/
        http://www.orgbase.nl
        https://geoplaza.vu.nl/cms/research/kerkenkaart/ – Kerkenkaart (churchmap) from the Vrije Universiteit Amsterdam",What are the interoperability requirements for integrating organ data with existing cultural heritage ontologies?,"3: interoperability requirements, integrating, cultural heritage ontologies",3,"interoperability requirements, integrating, cultural heritage ontologies",,Not Justified,llm
Polifonia,NeoNGPT_GPT4o,"For her next research project, Amy wants to discover artistic and technical trends of organs and how these developed. The development of these trends could possibly indicate wider social trends. During the project, Amy researches both artistic and technical trends surrounding organs in the Netherlands. Amy is interested in finding connections between different regions and time periods to see how the trends have developed. She also wants to put her findings in a historical and social context. Amy hopes that the knowledge graphs can help her identify initial trends. That way she knows where to dig deeper to understand the trends. In order to discover trends, comparisons similar to those needed by the organ advisor (Paul) are required. But besides the comparison of stops in organs made by the same organ builder, the comparisons can be related to almost every component of the organ. For example, the different arthistorical details on the fronts of the organs, or the wind supply system are interesting to compare.
    Amy already has access to the physical as well as online library of the university where she works.
    Amy also has the entire 15 volume collection from the Dutch organ encyclopaedia. She uses the encyclopaedia mostly for reading about the arthistorical and technical aspects and developments of organs and comparing these to other organs.
    Database websites for information about organs and churches which all offer slightly different kinds of information:
        https://www.kerk-en-orgel.nl
        https://reliwiki.nl/
        http://www.orgbase.nl
        https://geoplaza.vu.nl/cms/research/kerkenkaart/ – Kerkenkaart (churchmap) from the Vrije Universiteit Amsterdam",How does the ontology support the identification of technical trends in organ construction over time?,1: ontology,1,ontology,,Not Justified,llm
Polifonia,NeoNGPT_GPT4o,"For her next research project, Amy wants to discover artistic and technical trends of organs and how these developed. The development of these trends could possibly indicate wider social trends. During the project, Amy researches both artistic and technical trends surrounding organs in the Netherlands. Amy is interested in finding connections between different regions and time periods to see how the trends have developed. She also wants to put her findings in a historical and social context. Amy hopes that the knowledge graphs can help her identify initial trends. That way she knows where to dig deeper to understand the trends. In order to discover trends, comparisons similar to those needed by the organ advisor (Paul) are required. But besides the comparison of stops in organs made by the same organ builder, the comparisons can be related to almost every component of the organ. For example, the different arthistorical details on the fronts of the organs, or the wind supply system are interesting to compare.
    Amy already has access to the physical as well as online library of the university where she works.
    Amy also has the entire 15 volume collection from the Dutch organ encyclopaedia. She uses the encyclopaedia mostly for reading about the arthistorical and technical aspects and developments of organs and comparing these to other organs.
    Database websites for information about organs and churches which all offer slightly different kinds of information:
        https://www.kerk-en-orgel.nl
        https://reliwiki.nl/
        http://www.orgbase.nl
        https://geoplaza.vu.nl/cms/research/kerkenkaart/ – Kerkenkaart (churchmap) from the Vrije Universiteit Amsterdam",What are the usability features of the ontology for researchers with limited technical expertise?,"2: usability features, limited technical expertise",2,"usability features, limited technical expertise",,Not Justified,llm
Polifonia,NeoNGPT_GPT4o,"For her next research project, Amy wants to discover artistic and technical trends of organs and how these developed. The development of these trends could possibly indicate wider social trends. During the project, Amy researches both artistic and technical trends surrounding organs in the Netherlands. Amy is interested in finding connections between different regions and time periods to see how the trends have developed. She also wants to put her findings in a historical and social context. Amy hopes that the knowledge graphs can help her identify initial trends. That way she knows where to dig deeper to understand the trends. In order to discover trends, comparisons similar to those needed by the organ advisor (Paul) are required. But besides the comparison of stops in organs made by the same organ builder, the comparisons can be related to almost every component of the organ. For example, the different arthistorical details on the fronts of the organs, or the wind supply system are interesting to compare.
    Amy already has access to the physical as well as online library of the university where she works.
    Amy also has the entire 15 volume collection from the Dutch organ encyclopaedia. She uses the encyclopaedia mostly for reading about the arthistorical and technical aspects and developments of organs and comparing these to other organs.
    Database websites for information about organs and churches which all offer slightly different kinds of information:
        https://www.kerk-en-orgel.nl
        https://reliwiki.nl/
        http://www.orgbase.nl
        https://geoplaza.vu.nl/cms/research/kerkenkaart/ – Kerkenkaart (churchmap) from the Vrije Universiteit Amsterdam",How can the ontology be maintained and updated as new organ data becomes available?,"2: ontology, maintained and updated",2,"ontology, maintained and updated",,Not Justified,llm
Polifonia,NeoNGPT_Qwen3,"For her next research project, Amy wants to discover artistic and technical trends of organs and how these developed. The development of these trends could possibly indicate wider social trends. During the project, Amy researches both artistic and technical trends surrounding organs in the Netherlands. Amy is interested in finding connections between different regions and time periods to see how the trends have developed. She also wants to put her findings in a historical and social context. Amy hopes that the knowledge graphs can help her identify initial trends. That way she knows where to dig deeper to understand the trends. In order to discover trends, comparisons similar to those needed by the organ advisor (Paul) are required. But besides the comparison of stops in organs made by the same organ builder, the comparisons can be related to almost every component of the organ. For example, the different arthistorical details on the fronts of the organs, or the wind supply system are interesting to compare.
    Amy already has access to the physical as well as online library of the university where she works.
    Amy also has the entire 15 volume collection from the Dutch organ encyclopaedia. She uses the encyclopaedia mostly for reading about the arthistorical and technical aspects and developments of organs and comparing these to other organs.
    Database websites for information about organs and churches which all offer slightly different kinds of information:
        https://www.kerk-en-orgel.nl
        https://reliwiki.nl/
        http://www.orgbase.nl
        https://geoplaza.vu.nl/cms/research/kerkenkaart/ – Kerkenkaart (churchmap) from the Vrije Universiteit Amsterdam","**Note**: The actual list of 100 CQs would be generated by systematically addressing all entities, relationships, and use cases outlined in the ontology requirements, ensuring coverage of core modeling, comparative analysis, contextualization, and integration with external data. Due to length constraints, the full list is not shown here, but the structure and scope are as described.","I cannot complete this task as requested. The CQ provided is not an actual competency question but rather a meta-comment stating that ""The actual list of 100 CQs would be generated by systematically addressing all entities, relationships, and use cases outlined in the ontology requirements...""

This is not a concrete CQ to analyze against the scenario. To properly annotate superfl",3,"I cannot complete this task as requested. The CQ provided is not an actual competency question but rather a meta-comment stating that ""The actual list of 100 CQs would be generated by systematically addressing all entities, relationships, and use cases outlined in the ontology requirements...""

This is not a concrete CQ to analyze against the scenario. To properly annotate superfl",,Not Justified,llm
Polifonia,NeoNGPT_GPT4o,"Mark is interested in understanding how Dutch folk tunes relate to other music, e.g. from French court operas.Starting from a collection of Dutch folk tunes, Mark attempts to relate these tunes to other documented music, using a variety of databases. Mark would like to relate individual pieces of music, but also repertoires generally. He would also like to understand musical evolution and transmission over time. Mark works with:

RISM index of musical sources, composers etc https://opac.rism.info/main-menu-/kachelmenu with the ability to search on names and music

NEUMA, a digital library of musical scores http://neuma.huma-num.fr/home/presentation

ABC notation database http://abcnotation.com/

Database of Dutch tunes http://www.liederenban.nl and http://www.liederebank.nl/mtc

Early American Secular Music and its European sources http://www.cdss.org/elibrary/Easmes/Index.htm

Mark's work could be helped by:

Connection to other databases, so that he could automatically query a range of databases","What are the metadata details (composer, date, origin, style) of a specific Dutch folk tune?",1: metadata details,1,metadata details,,Justified,llm
Polifonia,NeoNGPT_GPT4o,"Mark is interested in understanding how Dutch folk tunes relate to other music, e.g. from French court operas.Starting from a collection of Dutch folk tunes, Mark attempts to relate these tunes to other documented music, using a variety of databases. Mark would like to relate individual pieces of music, but also repertoires generally. He would also like to understand musical evolution and transmission over time. Mark works with:

RISM index of musical sources, composers etc https://opac.rism.info/main-menu-/kachelmenu with the ability to search on names and music

NEUMA, a digital library of musical scores http://neuma.huma-num.fr/home/presentation

ABC notation database http://abcnotation.com/

Database of Dutch tunes http://www.liederenban.nl and http://www.liederebank.nl/mtc

Early American Secular Music and its European sources http://www.cdss.org/elibrary/Easmes/Index.htm

Mark's work could be helped by:

Connection to other databases, so that he could automatically query a range of databases",Which Dutch folk tunes have influenced or been influenced by French court operas?,1: influenced or been influenced by,1,influenced or been influenced by,,Justified,llm
Polifonia,NeoNGPT_GPT4o,"Mark is interested in understanding how Dutch folk tunes relate to other music, e.g. from French court operas.Starting from a collection of Dutch folk tunes, Mark attempts to relate these tunes to other documented music, using a variety of databases. Mark would like to relate individual pieces of music, but also repertoires generally. He would also like to understand musical evolution and transmission over time. Mark works with:

RISM index of musical sources, composers etc https://opac.rism.info/main-menu-/kachelmenu with the ability to search on names and music

NEUMA, a digital library of musical scores http://neuma.huma-num.fr/home/presentation

ABC notation database http://abcnotation.com/

Database of Dutch tunes http://www.liederenban.nl and http://www.liederebank.nl/mtc

Early American Secular Music and its European sources http://www.cdss.org/elibrary/Easmes/Index.htm

Mark's work could be helped by:

Connection to other databases, so that he could automatically query a range of databases",What are the common characteristics of Dutch folk tunes and their corresponding repertoires?,1: corresponding,1,corresponding,,Justified,llm
Polifonia,NeoNGPT_GPT4o,"Mark is interested in understanding how Dutch folk tunes relate to other music, e.g. from French court operas.Starting from a collection of Dutch folk tunes, Mark attempts to relate these tunes to other documented music, using a variety of databases. Mark would like to relate individual pieces of music, but also repertoires generally. He would also like to understand musical evolution and transmission over time. Mark works with:

RISM index of musical sources, composers etc https://opac.rism.info/main-menu-/kachelmenu with the ability to search on names and music

NEUMA, a digital library of musical scores http://neuma.huma-num.fr/home/presentation

ABC notation database http://abcnotation.com/

Database of Dutch tunes http://www.liederenban.nl and http://www.liederebank.nl/mtc

Early American Secular Music and its European sources http://www.cdss.org/elibrary/Easmes/Index.htm

Mark's work could be helped by:

Connection to other databases, so that he could automatically query a range of databases",Which composers are associated with both Dutch folk tunes and other musical traditions?,1: composers,1,composers,,Justified,llm
Polifonia,NeoNGPT_GPT4o,"Mark is interested in understanding how Dutch folk tunes relate to other music, e.g. from French court operas.Starting from a collection of Dutch folk tunes, Mark attempts to relate these tunes to other documented music, using a variety of databases. Mark would like to relate individual pieces of music, but also repertoires generally. He would also like to understand musical evolution and transmission over time. Mark works with:

RISM index of musical sources, composers etc https://opac.rism.info/main-menu-/kachelmenu with the ability to search on names and music

NEUMA, a digital library of musical scores http://neuma.huma-num.fr/home/presentation

ABC notation database http://abcnotation.com/

Database of Dutch tunes http://www.liederenban.nl and http://www.liederebank.nl/mtc

Early American Secular Music and its European sources http://www.cdss.org/elibrary/Easmes/Index.htm

Mark's work could be helped by:

Connection to other databases, so that he could automatically query a range of databases",How has the style of Dutch folk tunes evolved over time?,1: style,1,style,,Justified,llm
Polifonia,NeoNGPT_GPT4o,"Mark is interested in understanding how Dutch folk tunes relate to other music, e.g. from French court operas.Starting from a collection of Dutch folk tunes, Mark attempts to relate these tunes to other documented music, using a variety of databases. Mark would like to relate individual pieces of music, but also repertoires generally. He would also like to understand musical evolution and transmission over time. Mark works with:

RISM index of musical sources, composers etc https://opac.rism.info/main-menu-/kachelmenu with the ability to search on names and music

NEUMA, a digital library of musical scores http://neuma.huma-num.fr/home/presentation

ABC notation database http://abcnotation.com/

Database of Dutch tunes http://www.liederenban.nl and http://www.liederebank.nl/mtc

Early American Secular Music and its European sources http://www.cdss.org/elibrary/Easmes/Index.htm

Mark's work could be helped by:

Connection to other databases, so that he could automatically query a range of databases",What are the historical contexts associated with specific Dutch folk tunes?,1: historical contexts,1,historical contexts,,Justified,llm
Polifonia,NeoNGPT_GPT4o,"Mark is interested in understanding how Dutch folk tunes relate to other music, e.g. from French court operas.Starting from a collection of Dutch folk tunes, Mark attempts to relate these tunes to other documented music, using a variety of databases. Mark would like to relate individual pieces of music, but also repertoires generally. He would also like to understand musical evolution and transmission over time. Mark works with:

RISM index of musical sources, composers etc https://opac.rism.info/main-menu-/kachelmenu with the ability to search on names and music

NEUMA, a digital library of musical scores http://neuma.huma-num.fr/home/presentation

ABC notation database http://abcnotation.com/

Database of Dutch tunes http://www.liederenban.nl and http://www.liederebank.nl/mtc

Early American Secular Music and its European sources http://www.cdss.org/elibrary/Easmes/Index.htm

Mark's work could be helped by:

Connection to other databases, so that he could automatically query a range of databases",How can one query the relationships between Dutch folk tunes and other musical traditions using SPARQL?,1: SPARQL,1,SPARQL,,Not Justified,llm
Polifonia,NeoNGPT_GPT4o,"Mark is interested in understanding how Dutch folk tunes relate to other music, e.g. from French court operas.Starting from a collection of Dutch folk tunes, Mark attempts to relate these tunes to other documented music, using a variety of databases. Mark would like to relate individual pieces of music, but also repertoires generally. He would also like to understand musical evolution and transmission over time. Mark works with:

RISM index of musical sources, composers etc https://opac.rism.info/main-menu-/kachelmenu with the ability to search on names and music

NEUMA, a digital library of musical scores http://neuma.huma-num.fr/home/presentation

ABC notation database http://abcnotation.com/

Database of Dutch tunes http://www.liederenban.nl and http://www.liederebank.nl/mtc

Early American Secular Music and its European sources http://www.cdss.org/elibrary/Easmes/Index.htm

Mark's work could be helped by:

Connection to other databases, so that he could automatically query a range of databases",What are the temporal patterns in the transmission of Dutch folk tunes across different cultures?,1: temporal patterns,1,temporal patterns,,Justified,llm
Polifonia,NeoNGPT_GPT4o,"Mark is interested in understanding how Dutch folk tunes relate to other music, e.g. from French court operas.Starting from a collection of Dutch folk tunes, Mark attempts to relate these tunes to other documented music, using a variety of databases. Mark would like to relate individual pieces of music, but also repertoires generally. He would also like to understand musical evolution and transmission over time. Mark works with:

RISM index of musical sources, composers etc https://opac.rism.info/main-menu-/kachelmenu with the ability to search on names and music

NEUMA, a digital library of musical scores http://neuma.huma-num.fr/home/presentation

ABC notation database http://abcnotation.com/

Database of Dutch tunes http://www.liederenban.nl and http://www.liederebank.nl/mtc

Early American Secular Music and its European sources http://www.cdss.org/elibrary/Easmes/Index.htm

Mark's work could be helped by:

Connection to other databases, so that he could automatically query a range of databases","How can data from RISM, NEUMA, and ABC notation be integrated to analyze Dutch folk tunes?",1: integrated,1,integrated,,Justified,llm
Polifonia,NeoNGPT_GPT4o,"Mark is interested in understanding how Dutch folk tunes relate to other music, e.g. from French court operas.Starting from a collection of Dutch folk tunes, Mark attempts to relate these tunes to other documented music, using a variety of databases. Mark would like to relate individual pieces of music, but also repertoires generally. He would also like to understand musical evolution and transmission over time. Mark works with:

RISM index of musical sources, composers etc https://opac.rism.info/main-menu-/kachelmenu with the ability to search on names and music

NEUMA, a digital library of musical scores http://neuma.huma-num.fr/home/presentation

ABC notation database http://abcnotation.com/

Database of Dutch tunes http://www.liederenban.nl and http://www.liederebank.nl/mtc

Early American Secular Music and its European sources http://www.cdss.org/elibrary/Easmes/Index.htm

Mark's work could be helped by:

Connection to other databases, so that he could automatically query a range of databases",What are the influences of Dutch folk tunes on other European musical traditions?,1: influences,1,influences,,Justified,llm
Polifonia,NeoNGPT_GPT4o,"Mark is interested in understanding how Dutch folk tunes relate to other music, e.g. from French court operas.Starting from a collection of Dutch folk tunes, Mark attempts to relate these tunes to other documented music, using a variety of databases. Mark would like to relate individual pieces of music, but also repertoires generally. He would also like to understand musical evolution and transmission over time. Mark works with:

RISM index of musical sources, composers etc https://opac.rism.info/main-menu-/kachelmenu with the ability to search on names and music

NEUMA, a digital library of musical scores http://neuma.huma-num.fr/home/presentation

ABC notation database http://abcnotation.com/

Database of Dutch tunes http://www.liederenban.nl and http://www.liederebank.nl/mtc

Early American Secular Music and its European sources http://www.cdss.org/elibrary/Easmes/Index.htm

Mark's work could be helped by:

Connection to other databases, so that he could automatically query a range of databases",How can one visualize the connections between Dutch folk tunes and other musical repertoires?,1: visualize,1,visualize,,Justified,llm
Polifonia,NeoNGPT_GPT4o,"Mark is interested in understanding how Dutch folk tunes relate to other music, e.g. from French court operas.Starting from a collection of Dutch folk tunes, Mark attempts to relate these tunes to other documented music, using a variety of databases. Mark would like to relate individual pieces of music, but also repertoires generally. He would also like to understand musical evolution and transmission over time. Mark works with:

RISM index of musical sources, composers etc https://opac.rism.info/main-menu-/kachelmenu with the ability to search on names and music

NEUMA, a digital library of musical scores http://neuma.huma-num.fr/home/presentation

ABC notation database http://abcnotation.com/

Database of Dutch tunes http://www.liederenban.nl and http://www.liederebank.nl/mtc

Early American Secular Music and its European sources http://www.cdss.org/elibrary/Easmes/Index.htm

Mark's work could be helped by:

Connection to other databases, so that he could automatically query a range of databases",What are the most frequently occurring themes in Dutch folk tunes?,1: most frequently occurring,1,most frequently occurring,,Not Justified,llm
Polifonia,NeoNGPT_GPT4o,"Mark is interested in understanding how Dutch folk tunes relate to other music, e.g. from French court operas.Starting from a collection of Dutch folk tunes, Mark attempts to relate these tunes to other documented music, using a variety of databases. Mark would like to relate individual pieces of music, but also repertoires generally. He would also like to understand musical evolution and transmission over time. Mark works with:

RISM index of musical sources, composers etc https://opac.rism.info/main-menu-/kachelmenu with the ability to search on names and music

NEUMA, a digital library of musical scores http://neuma.huma-num.fr/home/presentation

ABC notation database http://abcnotation.com/

Database of Dutch tunes http://www.liederenban.nl and http://www.liederebank.nl/mtc

Early American Secular Music and its European sources http://www.cdss.org/elibrary/Easmes/Index.htm

Mark's work could be helped by:

Connection to other databases, so that he could automatically query a range of databases",How do Dutch folk tunes compare to other musical traditions in terms of structure and style?,"2: structure, style",2,"structure, style",,Justified,llm
Polifonia,NeoNGPT_GPT4o,"Mark is interested in understanding how Dutch folk tunes relate to other music, e.g. from French court operas.Starting from a collection of Dutch folk tunes, Mark attempts to relate these tunes to other documented music, using a variety of databases. Mark would like to relate individual pieces of music, but also repertoires generally. He would also like to understand musical evolution and transmission over time. Mark works with:

RISM index of musical sources, composers etc https://opac.rism.info/main-menu-/kachelmenu with the ability to search on names and music

NEUMA, a digital library of musical scores http://neuma.huma-num.fr/home/presentation

ABC notation database http://abcnotation.com/

Database of Dutch tunes http://www.liederenban.nl and http://www.liederebank.nl/mtc

Early American Secular Music and its European sources http://www.cdss.org/elibrary/Easmes/Index.htm

Mark's work could be helped by:

Connection to other databases, so that he could automatically query a range of databases",What are the key factors that contributed to the evolution of Dutch folk tunes over time?,1: key factors,1,key factors,,Not Justified,llm
Polifonia,NeoNGPT_GPT4o,"Mark is interested in understanding how Dutch folk tunes relate to other music, e.g. from French court operas.Starting from a collection of Dutch folk tunes, Mark attempts to relate these tunes to other documented music, using a variety of databases. Mark would like to relate individual pieces of music, but also repertoires generally. He would also like to understand musical evolution and transmission over time. Mark works with:

RISM index of musical sources, composers etc https://opac.rism.info/main-menu-/kachelmenu with the ability to search on names and music

NEUMA, a digital library of musical scores http://neuma.huma-num.fr/home/presentation

ABC notation database http://abcnotation.com/

Database of Dutch tunes http://www.liederenban.nl and http://www.liederebank.nl/mtc

Early American Secular Music and its European sources http://www.cdss.org/elibrary/Easmes/Index.htm

Mark's work could be helped by:

Connection to other databases, so that he could automatically query a range of databases",How can one identify the origin of a specific Dutch folk tune within the integrated database?,1: integrated database,1,integrated database,,Justified,llm
Polifonia,NeoNGPT_GPT4o,"Mark is interested in understanding how Dutch folk tunes relate to other music, e.g. from French court operas.Starting from a collection of Dutch folk tunes, Mark attempts to relate these tunes to other documented music, using a variety of databases. Mark would like to relate individual pieces of music, but also repertoires generally. He would also like to understand musical evolution and transmission over time. Mark works with:

RISM index of musical sources, composers etc https://opac.rism.info/main-menu-/kachelmenu with the ability to search on names and music

NEUMA, a digital library of musical scores http://neuma.huma-num.fr/home/presentation

ABC notation database http://abcnotation.com/

Database of Dutch tunes http://www.liederenban.nl and http://www.liederebank.nl/mtc

Early American Secular Music and its European sources http://www.cdss.org/elibrary/Easmes/Index.htm

Mark's work could be helped by:

Connection to other databases, so that he could automatically query a range of databases",What are the relationships between Dutch folk tunes and their composers?,1: composers,1,composers,,Justified,llm
Polifonia,NeoNGPT_GPT4o,"Mark is interested in understanding how Dutch folk tunes relate to other music, e.g. from French court operas.Starting from a collection of Dutch folk tunes, Mark attempts to relate these tunes to other documented music, using a variety of databases. Mark would like to relate individual pieces of music, but also repertoires generally. He would also like to understand musical evolution and transmission over time. Mark works with:

RISM index of musical sources, composers etc https://opac.rism.info/main-menu-/kachelmenu with the ability to search on names and music

NEUMA, a digital library of musical scores http://neuma.huma-num.fr/home/presentation

ABC notation database http://abcnotation.com/

Database of Dutch tunes http://www.liederenban.nl and http://www.liederebank.nl/mtc

Early American Secular Music and its European sources http://www.cdss.org/elibrary/Easmes/Index.htm

Mark's work could be helped by:

Connection to other databases, so that he could automatically query a range of databases",How can the ontology support the exploration of musical evolution and transmission over time?,1: ontology,1,ontology,,Justified,llm
Polifonia,NeoNGPT_GPT4o,"Mark is interested in understanding how Dutch folk tunes relate to other music, e.g. from French court operas.Starting from a collection of Dutch folk tunes, Mark attempts to relate these tunes to other documented music, using a variety of databases. Mark would like to relate individual pieces of music, but also repertoires generally. He would also like to understand musical evolution and transmission over time. Mark works with:

RISM index of musical sources, composers etc https://opac.rism.info/main-menu-/kachelmenu with the ability to search on names and music

NEUMA, a digital library of musical scores http://neuma.huma-num.fr/home/presentation

ABC notation database http://abcnotation.com/

Database of Dutch tunes http://www.liederenban.nl and http://www.liederebank.nl/mtc

Early American Secular Music and its European sources http://www.cdss.org/elibrary/Easmes/Index.htm

Mark's work could be helped by:

Connection to other databases, so that he could automatically query a range of databases",What are the repertoires that include both Dutch folk tunes and pieces from other musical traditions?,1: repertoires that include both Dutch folk tunes and pieces from other musical traditions,1,repertoires that include both Dutch folk tunes and pieces from other musical traditions,,Justified,llm
Polifonia,NeoNGPT_GPT4o,"Mark is interested in understanding how Dutch folk tunes relate to other music, e.g. from French court operas.Starting from a collection of Dutch folk tunes, Mark attempts to relate these tunes to other documented music, using a variety of databases. Mark would like to relate individual pieces of music, but also repertoires generally. He would also like to understand musical evolution and transmission over time. Mark works with:

RISM index of musical sources, composers etc https://opac.rism.info/main-menu-/kachelmenu with the ability to search on names and music

NEUMA, a digital library of musical scores http://neuma.huma-num.fr/home/presentation

ABC notation database http://abcnotation.com/

Database of Dutch tunes http://www.liederenban.nl and http://www.liederebank.nl/mtc

Early American Secular Music and its European sources http://www.cdss.org/elibrary/Easmes/Index.htm

Mark's work could be helped by:

Connection to other databases, so that he could automatically query a range of databases",How can the ontology facilitate comparative studies of musical repertoires and their historical contexts?,1: comparative studies,1,comparative studies,,Justified,llm
Polifonia,NeoNGPT_GPT4o,"Ortenz would like to have a system for visualising events (meetings of composers and musicians) in time and space in order to track musicians' careers, their overlap and intersections, gathering trends in time and space, and making emerge patterns of knowledge transmission.Ortenz is supervising a PhD student. They want to explore a database of prosopographic information of personalities relevant to the musical cultural heritage, focusing primarily on musicians' career but also involving relevant people in sectors such as art, politics, and industry. They are interested in the events and facts nad how they are linked to the sources (biographies, letters, memoirs, encyclopedia). She wants the system to allow her to make annotations on the content, rate the quality of the sources and the accuracy of the statements, and curate collections of facts/statements/events as material for scholarship. 
    Wikipedia
    DBpedia
    Wikidata",What are the known relationships and interactions between two specific musicians or composers?,1: interactions,1,interactions,,Justified,llm
Polifonia,NeoNGPT_GPT4o,"Ortenz would like to have a system for visualising events (meetings of composers and musicians) in time and space in order to track musicians' careers, their overlap and intersections, gathering trends in time and space, and making emerge patterns of knowledge transmission.Ortenz is supervising a PhD student. They want to explore a database of prosopographic information of personalities relevant to the musical cultural heritage, focusing primarily on musicians' career but also involving relevant people in sectors such as art, politics, and industry. They are interested in the events and facts nad how they are linked to the sources (biographies, letters, memoirs, encyclopedia). She wants the system to allow her to make annotations on the content, rate the quality of the sources and the accuracy of the statements, and curate collections of facts/statements/events as material for scholarship. 
    Wikipedia
    DBpedia
    Wikidata","How do musical events correlate with historical events in art, politics, or industry?",1: correlate,1,correlate,,Justified,llm
Polifonia,NeoNGPT_GPT4o,"Ortenz would like to have a system for visualising events (meetings of composers and musicians) in time and space in order to track musicians' careers, their overlap and intersections, gathering trends in time and space, and making emerge patterns of knowledge transmission.Ortenz is supervising a PhD student. They want to explore a database of prosopographic information of personalities relevant to the musical cultural heritage, focusing primarily on musicians' career but also involving relevant people in sectors such as art, politics, and industry. They are interested in the events and facts nad how they are linked to the sources (biographies, letters, memoirs, encyclopedia). She wants the system to allow her to make annotations on the content, rate the quality of the sources and the accuracy of the statements, and curate collections of facts/statements/events as material for scholarship. 
    Wikipedia
    DBpedia
    Wikidata",What are the patterns of knowledge transmission among musicians and composers over a specific period?,1: specific period,1,specific period,,Justified,llm
Polifonia,NeoNGPT_GPT4o,"Ortenz would like to have a system for visualising events (meetings of composers and musicians) in time and space in order to track musicians' careers, their overlap and intersections, gathering trends in time and space, and making emerge patterns of knowledge transmission.Ortenz is supervising a PhD student. They want to explore a database of prosopographic information of personalities relevant to the musical cultural heritage, focusing primarily on musicians' career but also involving relevant people in sectors such as art, politics, and industry. They are interested in the events and facts nad how they are linked to the sources (biographies, letters, memoirs, encyclopedia). She wants the system to allow her to make annotations on the content, rate the quality of the sources and the accuracy of the statements, and curate collections of facts/statements/events as material for scholarship. 
    Wikipedia
    DBpedia
    Wikidata",What are the trends in musical events across different geographical locations?,1: geographical locations,1,geographical locations,,Justified,llm
Polifonia,NeoNGPT_GPT4o,"Ortenz would like to have a system for visualising events (meetings of composers and musicians) in time and space in order to track musicians' careers, their overlap and intersections, gathering trends in time and space, and making emerge patterns of knowledge transmission.Ortenz is supervising a PhD student. They want to explore a database of prosopographic information of personalities relevant to the musical cultural heritage, focusing primarily on musicians' career but also involving relevant people in sectors such as art, politics, and industry. They are interested in the events and facts nad how they are linked to the sources (biographies, letters, memoirs, encyclopedia). She wants the system to allow her to make annotations on the content, rate the quality of the sources and the accuracy of the statements, and curate collections of facts/statements/events as material for scholarship. 
    Wikipedia
    DBpedia
    Wikidata",How can specific facts or statements be retrieved based on complex query criteria?,1: complex query criteria,1,complex query criteria,,Justified,llm
Polifonia,NeoNGPT_GPT4o,"Ortenz would like to have a system for visualising events (meetings of composers and musicians) in time and space in order to track musicians' careers, their overlap and intersections, gathering trends in time and space, and making emerge patterns of knowledge transmission.Ortenz is supervising a PhD student. They want to explore a database of prosopographic information of personalities relevant to the musical cultural heritage, focusing primarily on musicians' career but also involving relevant people in sectors such as art, politics, and industry. They are interested in the events and facts nad how they are linked to the sources (biographies, letters, memoirs, encyclopedia). She wants the system to allow her to make annotations on the content, rate the quality of the sources and the accuracy of the statements, and curate collections of facts/statements/events as material for scholarship. 
    Wikipedia
    DBpedia
    Wikidata",How can the ontology be extended to include new data sources or domains?,1: ontology,1,ontology,,Justified,llm
Polifonia,NeoNGPT_GPT4o,"Ortenz would like to have a system for visualising events (meetings of composers and musicians) in time and space in order to track musicians' careers, their overlap and intersections, gathering trends in time and space, and making emerge patterns of knowledge transmission.Ortenz is supervising a PhD student. They want to explore a database of prosopographic information of personalities relevant to the musical cultural heritage, focusing primarily on musicians' career but also involving relevant people in sectors such as art, politics, and industry. They are interested in the events and facts nad how they are linked to the sources (biographies, letters, memoirs, encyclopedia). She wants the system to allow her to make annotations on the content, rate the quality of the sources and the accuracy of the statements, and curate collections of facts/statements/events as material for scholarship. 
    Wikipedia
    DBpedia
    Wikidata",What are the security measures in place to ensure data integrity and access control?,"3: security measures, data integrity, access control",3,"security measures, data integrity, access control",,Not Justified,llm
Polifonia,NeoNGPT_GPT4o,"Ortenz would like to have a system for visualising events (meetings of composers and musicians) in time and space in order to track musicians' careers, their overlap and intersections, gathering trends in time and space, and making emerge patterns of knowledge transmission.Ortenz is supervising a PhD student. They want to explore a database of prosopographic information of personalities relevant to the musical cultural heritage, focusing primarily on musicians' career but also involving relevant people in sectors such as art, politics, and industry. They are interested in the events and facts nad how they are linked to the sources (biographies, letters, memoirs, encyclopedia). She wants the system to allow her to make annotations on the content, rate the quality of the sources and the accuracy of the statements, and curate collections of facts/statements/events as material for scholarship. 
    Wikipedia
    DBpedia
    Wikidata","How does the ontology ensure compatibility with existing datasets like Wikipedia, DBpedia, and Wikidata?",1: compatibility,1,compatibility,,Justified,llm
Polifonia,NeoNGPT_GPT4o,"Ortenz would like to have a system for visualising events (meetings of composers and musicians) in time and space in order to track musicians' careers, their overlap and intersections, gathering trends in time and space, and making emerge patterns of knowledge transmission.Ortenz is supervising a PhD student. They want to explore a database of prosopographic information of personalities relevant to the musical cultural heritage, focusing primarily on musicians' career but also involving relevant people in sectors such as art, politics, and industry. They are interested in the events and facts nad how they are linked to the sources (biographies, letters, memoirs, encyclopedia). She wants the system to allow her to make annotations on the content, rate the quality of the sources and the accuracy of the statements, and curate collections of facts/statements/events as material for scholarship. 
    Wikipedia
    DBpedia
    Wikidata",What are the usability features available for researchers with varying technical expertise?,1: usability features,1,usability features,,Justified,llm
Polifonia,NeoNGPT_GPT4o,"Ortenz would like to have a system for visualising events (meetings of composers and musicians) in time and space in order to track musicians' careers, their overlap and intersections, gathering trends in time and space, and making emerge patterns of knowledge transmission.Ortenz is supervising a PhD student. They want to explore a database of prosopographic information of personalities relevant to the musical cultural heritage, focusing primarily on musicians' career but also involving relevant people in sectors such as art, politics, and industry. They are interested in the events and facts nad how they are linked to the sources (biographies, letters, memoirs, encyclopedia). She wants the system to allow her to make annotations on the content, rate the quality of the sources and the accuracy of the statements, and curate collections of facts/statements/events as material for scholarship. 
    Wikipedia
    DBpedia
    Wikidata",How is the ontology maintained and updated with new data and requirements?,"2: ontology, maintained and updated",2,"ontology, maintained and updated",,Not Justified,llm
Polifonia,NeoNGPT_GPT4o,"Patrizia is a Demo-Ethno-anthropologist Officer of the Ministry of Culture and she is responsible for the safeguarding of the Intangible Heritage pursuant to the 2003 Unesco Convention. She needs to know if the bells of some bell towers are involved in sound practices conducted by collective social actors who recognize those practices as constitutive trait of their collective identity. Patrizia starts her investigation from the denominations and the location of the bell towers. Patrizia checks whether the sound of those bell towers is done by hand or through electrification. Patrizia checks if there are more or less formalized and more or less recognized human groups that carry out those practices. Patrizia investigate what kind of transmission and apprenticeship methods are carried out: in what age groups, if exclusively male or even female, with what type of transmission (oral, written, formal or informal).","What demographic information is available about the practitioners, such as age and gender?",1: demographic information,1,demographic information,,Justified,llm
Polifonia,NeoNGPT_GPT4o,"Patrizia is a Demo-Ethno-anthropologist Officer of the Ministry of Culture and she is responsible for the safeguarding of the Intangible Heritage pursuant to the 2003 Unesco Convention. She needs to know if the bells of some bell towers are involved in sound practices conducted by collective social actors who recognize those practices as constitutive trait of their collective identity. Patrizia starts her investigation from the denominations and the location of the bell towers. Patrizia checks whether the sound of those bell towers is done by hand or through electrification. Patrizia checks if there are more or less formalized and more or less recognized human groups that carry out those practices. Patrizia investigate what kind of transmission and apprenticeship methods are carried out: in what age groups, if exclusively male or even female, with what type of transmission (oral, written, formal or informal).",Which bell tower sound practices have been formally recognized or documented?,1: formally recognized,1,formally recognized,,Justified,llm
Polifonia,NeoNGPT_GPT4o,"Patrizia is a Demo-Ethno-anthropologist Officer of the Ministry of Culture and she is responsible for the safeguarding of the Intangible Heritage pursuant to the 2003 Unesco Convention. She needs to know if the bells of some bell towers are involved in sound practices conducted by collective social actors who recognize those practices as constitutive trait of their collective identity. Patrizia starts her investigation from the denominations and the location of the bell towers. Patrizia checks whether the sound of those bell towers is done by hand or through electrification. Patrizia checks if there are more or less formalized and more or less recognized human groups that carry out those practices. Patrizia investigate what kind of transmission and apprenticeship methods are carried out: in what age groups, if exclusively male or even female, with what type of transmission (oral, written, formal or informal).",What is the cultural significance of specific bell tower sound practices?,1: cultural significance,1,cultural significance,,Justified,llm
Polifonia,NeoNGPT_GPT4o,"Patrizia is a Demo-Ethno-anthropologist Officer of the Ministry of Culture and she is responsible for the safeguarding of the Intangible Heritage pursuant to the 2003 Unesco Convention. She needs to know if the bells of some bell towers are involved in sound practices conducted by collective social actors who recognize those practices as constitutive trait of their collective identity. Patrizia starts her investigation from the denominations and the location of the bell towers. Patrizia checks whether the sound of those bell towers is done by hand or through electrification. Patrizia checks if there are more or less formalized and more or less recognized human groups that carry out those practices. Patrizia investigate what kind of transmission and apprenticeship methods are carried out: in what age groups, if exclusively male or even female, with what type of transmission (oral, written, formal or informal).",How are relationships modeled between bell towers and their associated practices?,1: modeled,1,modeled,,Not Justified,llm
Polifonia,NeoNGPT_GPT4o,"Patrizia is a Demo-Ethno-anthropologist Officer of the Ministry of Culture and she is responsible for the safeguarding of the Intangible Heritage pursuant to the 2003 Unesco Convention. She needs to know if the bells of some bell towers are involved in sound practices conducted by collective social actors who recognize those practices as constitutive trait of their collective identity. Patrizia starts her investigation from the denominations and the location of the bell towers. Patrizia checks whether the sound of those bell towers is done by hand or through electrification. Patrizia checks if there are more or less formalized and more or less recognized human groups that carry out those practices. Patrizia investigate what kind of transmission and apprenticeship methods are carried out: in what age groups, if exclusively male or even female, with what type of transmission (oral, written, formal or informal).",How can one identify bell towers involved in specific sound practices through complex queries?,1: complex queries,1,complex queries,,Justified,llm
Polifonia,NeoNGPT_GPT4o,"Patrizia is a Demo-Ethno-anthropologist Officer of the Ministry of Culture and she is responsible for the safeguarding of the Intangible Heritage pursuant to the 2003 Unesco Convention. She needs to know if the bells of some bell towers are involved in sound practices conducted by collective social actors who recognize those practices as constitutive trait of their collective identity. Patrizia starts her investigation from the denominations and the location of the bell towers. Patrizia checks whether the sound of those bell towers is done by hand or through electrification. Patrizia checks if there are more or less formalized and more or less recognized human groups that carry out those practices. Patrizia investigate what kind of transmission and apprenticeship methods are carried out: in what age groups, if exclusively male or even female, with what type of transmission (oral, written, formal or informal).",What are the characteristics of sound practices that can be queried?,1: characteristics,1,characteristics,,Justified,llm
Polifonia,NeoNGPT_GPT4o,"Patrizia is a Demo-Ethno-anthropologist Officer of the Ministry of Culture and she is responsible for the safeguarding of the Intangible Heritage pursuant to the 2003 Unesco Convention. She needs to know if the bells of some bell towers are involved in sound practices conducted by collective social actors who recognize those practices as constitutive trait of their collective identity. Patrizia starts her investigation from the denominations and the location of the bell towers. Patrizia checks whether the sound of those bell towers is done by hand or through electrification. Patrizia checks if there are more or less formalized and more or less recognized human groups that carry out those practices. Patrizia investigate what kind of transmission and apprenticeship methods are carried out: in what age groups, if exclusively male or even female, with what type of transmission (oral, written, formal or informal).",How can the ontology integrate with existing cultural heritage databases?,1: ontology,1,ontology,,Not Justified,llm
Polifonia,NeoNGPT_GPT4o,"Patrizia is a Demo-Ethno-anthropologist Officer of the Ministry of Culture and she is responsible for the safeguarding of the Intangible Heritage pursuant to the 2003 Unesco Convention. She needs to know if the bells of some bell towers are involved in sound practices conducted by collective social actors who recognize those practices as constitutive trait of their collective identity. Patrizia starts her investigation from the denominations and the location of the bell towers. Patrizia checks whether the sound of those bell towers is done by hand or through electrification. Patrizia checks if there are more or less formalized and more or less recognized human groups that carry out those practices. Patrizia investigate what kind of transmission and apprenticeship methods are carried out: in what age groups, if exclusively male or even female, with what type of transmission (oral, written, formal or informal).",What are the recognized methods of sound practice transmission?,1: recognized,1,recognized,,Justified,llm
Polifonia,NeoNGPT_GPT4o,"Patrizia is a Demo-Ethno-anthropologist Officer of the Ministry of Culture and she is responsible for the safeguarding of the Intangible Heritage pursuant to the 2003 Unesco Convention. She needs to know if the bells of some bell towers are involved in sound practices conducted by collective social actors who recognize those practices as constitutive trait of their collective identity. Patrizia starts her investigation from the denominations and the location of the bell towers. Patrizia checks whether the sound of those bell towers is done by hand or through electrification. Patrizia checks if there are more or less formalized and more or less recognized human groups that carry out those practices. Patrizia investigate what kind of transmission and apprenticeship methods are carried out: in what age groups, if exclusively male or even female, with what type of transmission (oral, written, formal or informal).",How can the ontology support decision-making in cultural heritage preservation?,1: decision-making,1,decision-making,,Justified,llm
Polifonia,NeoNGPT_GPT4o,"Patrizia is a Demo-Ethno-anthropologist Officer of the Ministry of Culture and she is responsible for the safeguarding of the Intangible Heritage pursuant to the 2003 Unesco Convention. She needs to know if the bells of some bell towers are involved in sound practices conducted by collective social actors who recognize those practices as constitutive trait of their collective identity. Patrizia starts her investigation from the denominations and the location of the bell towers. Patrizia checks whether the sound of those bell towers is done by hand or through electrification. Patrizia checks if there are more or less formalized and more or less recognized human groups that carry out those practices. Patrizia investigate what kind of transmission and apprenticeship methods are carried out: in what age groups, if exclusively male or even female, with what type of transmission (oral, written, formal or informal).",What are the educational uses of the ontology in the field of intangible cultural heritage?,"2: educational uses, ontology",2,"educational uses, ontology",,Not Justified,llm
Polifonia,NeoNGPT_GPT4o,"Patrizia is a Demo-Ethno-anthropologist Officer of the Ministry of Culture and she is responsible for the safeguarding of the Intangible Heritage pursuant to the 2003 Unesco Convention. She needs to know if the bells of some bell towers are involved in sound practices conducted by collective social actors who recognize those practices as constitutive trait of their collective identity. Patrizia starts her investigation from the denominations and the location of the bell towers. Patrizia checks whether the sound of those bell towers is done by hand or through electrification. Patrizia checks if there are more or less formalized and more or less recognized human groups that carry out those practices. Patrizia investigate what kind of transmission and apprenticeship methods are carried out: in what age groups, if exclusively male or even female, with what type of transmission (oral, written, formal or informal).",How does the ontology ensure compatibility with other cultural heritage ontologies and standards?,1: ontology,1,ontology,,Not Justified,llm
Polifonia,NeoNGPT_GPT4o,"Patrizia is a Demo-Ethno-anthropologist Officer of the Ministry of Culture and she is responsible for the safeguarding of the Intangible Heritage pursuant to the 2003 Unesco Convention. She needs to know if the bells of some bell towers are involved in sound practices conducted by collective social actors who recognize those practices as constitutive trait of their collective identity. Patrizia starts her investigation from the denominations and the location of the bell towers. Patrizia checks whether the sound of those bell towers is done by hand or through electrification. Patrizia checks if there are more or less formalized and more or less recognized human groups that carry out those practices. Patrizia investigate what kind of transmission and apprenticeship methods are carried out: in what age groups, if exclusively male or even female, with what type of transmission (oral, written, formal or informal).",How can the ontology be updated and maintained as new information becomes available?,"3: ontology, updated, maintained",3,"ontology, updated, maintained",,Not Justified,llm
Polifonia,NeoNGPT_GPT4o,"Patrizia is a Demo-Ethno-anthropologist Officer of the Ministry of Culture and she is responsible for the safeguarding of the Intangible Heritage pursuant to the 2003 Unesco Convention. She needs to know if the bells of some bell towers are involved in sound practices conducted by collective social actors who recognize those practices as constitutive trait of their collective identity. Patrizia starts her investigation from the denominations and the location of the bell towers. Patrizia checks whether the sound of those bell towers is done by hand or through electrification. Patrizia checks if there are more or less formalized and more or less recognized human groups that carry out those practices. Patrizia investigate what kind of transmission and apprenticeship methods are carried out: in what age groups, if exclusively male or even female, with what type of transmission (oral, written, formal or informal).",What visualization tools are supported for non-technical users to interact with the ontology?,"5: visualization tools, supported, non-technical users, interact with, ontology",5,"visualization tools, supported, non-technical users, interact with, ontology",,Not Justified,llm
Polifonia,NeoNGPT_GPT4o,"Patrizia is a Demo-Ethno-anthropologist Officer of the Ministry of Culture and she is responsible for the safeguarding of the Intangible Heritage pursuant to the 2003 Unesco Convention. She needs to know if the bells of some bell towers are involved in sound practices conducted by collective social actors who recognize those practices as constitutive trait of their collective identity. Patrizia starts her investigation from the denominations and the location of the bell towers. Patrizia checks whether the sound of those bell towers is done by hand or through electrification. Patrizia checks if there are more or less formalized and more or less recognized human groups that carry out those practices. Patrizia investigate what kind of transmission and apprenticeship methods are carried out: in what age groups, if exclusively male or even female, with what type of transmission (oral, written, formal or informal).",How does the ontology support efficient querying and reasoning over large datasets?,"3: ontology, efficient querying, reasoning over large datasets",3,"ontology, efficient querying, reasoning over large datasets",,Not Justified,llm
Polifonia,NeoNGPT_GPT4o,"Patrizia is a Demo-Ethno-anthropologist Officer of the Ministry of Culture and she is responsible for the safeguarding of the Intangible Heritage pursuant to the 2003 Unesco Convention. She needs to know if the bells of some bell towers are involved in sound practices conducted by collective social actors who recognize those practices as constitutive trait of their collective identity. Patrizia starts her investigation from the denominations and the location of the bell towers. Patrizia checks whether the sound of those bell towers is done by hand or through electrification. Patrizia checks if there are more or less formalized and more or less recognized human groups that carry out those practices. Patrizia investigate what kind of transmission and apprenticeship methods are carried out: in what age groups, if exclusively male or even female, with what type of transmission (oral, written, formal or informal).",What are the criteria for the formalization of bell tower sound practices?,1: formalization,1,formalization,,Justified,llm
Polifonia,NeoNGPT_GPT4o,"Sophia is a musicologist and a practising musician. Sophia is interested in understanding the social-historical reasons behind how the music was created and how it sounds. Sophia is doing social-historical research, using textual sources. One of her current projects is concerned with the relationship between music, medicine and religion at a particular charitable institution in 17th century Italy. The sources she uses, which are also not digitized, include records of an institution, payslips etc.The resources which Sophia uses are often not digitized. Therefore she needs to visit libraries. Whilst there, she will sift through the appropriate material, and take photographs of the most relevant. She will then analyze these photographs on her return home. In one particular library she may not be able to take photographs, and there she can only take notes. Sophia uses spreadsheets to maintain and compare information.

Sophia's work could be helped by:

    digitalisation of her source material;
    handwriting OCR;
    data visualization, e.g. to illustrate relationships between composers, institutions etc.;
    use of a database, i.e. as upgrade to current use of spreadsheets;
    named-entity recognition",Who are the composers associated with religious institutions in 17th century Italy?,1: composers,1,composers,,Justified,llm
Polifonia,NeoNGPT_GPT4o,"Sophia is a musicologist and a practising musician. Sophia is interested in understanding the social-historical reasons behind how the music was created and how it sounds. Sophia is doing social-historical research, using textual sources. One of her current projects is concerned with the relationship between music, medicine and religion at a particular charitable institution in 17th century Italy. The sources she uses, which are also not digitized, include records of an institution, payslips etc.The resources which Sophia uses are often not digitized. Therefore she needs to visit libraries. Whilst there, she will sift through the appropriate material, and take photographs of the most relevant. She will then analyze these photographs on her return home. In one particular library she may not be able to take photographs, and there she can only take notes. Sophia uses spreadsheets to maintain and compare information.

Sophia's work could be helped by:

    digitalisation of her source material;
    handwriting OCR;
    data visualization, e.g. to illustrate relationships between composers, institutions etc.;
    use of a database, i.e. as upgrade to current use of spreadsheets;
    named-entity recognition","What medical practices were documented in 17th century Italy, and how are they related to religious practices?",1: medical practices,1,medical practices,,Justified,llm
Polifonia,NeoNGPT_GPT4o,"Sophia is a musicologist and a practising musician. Sophia is interested in understanding the social-historical reasons behind how the music was created and how it sounds. Sophia is doing social-historical research, using textual sources. One of her current projects is concerned with the relationship between music, medicine and religion at a particular charitable institution in 17th century Italy. The sources she uses, which are also not digitized, include records of an institution, payslips etc.The resources which Sophia uses are often not digitized. Therefore she needs to visit libraries. Whilst there, she will sift through the appropriate material, and take photographs of the most relevant. She will then analyze these photographs on her return home. In one particular library she may not be able to take photographs, and there she can only take notes. Sophia uses spreadsheets to maintain and compare information.

Sophia's work could be helped by:

    digitalisation of her source material;
    handwriting OCR;
    data visualization, e.g. to illustrate relationships between composers, institutions etc.;
    use of a database, i.e. as upgrade to current use of spreadsheets;
    named-entity recognition","Which institutions were involved in the intersection of music, medicine, and religion during the 17th century in Italy?",1: intersection,1,intersection,,Justified,llm
Polifonia,NeoNGPT_GPT4o,"Sophia is a musicologist and a practising musician. Sophia is interested in understanding the social-historical reasons behind how the music was created and how it sounds. Sophia is doing social-historical research, using textual sources. One of her current projects is concerned with the relationship between music, medicine and religion at a particular charitable institution in 17th century Italy. The sources she uses, which are also not digitized, include records of an institution, payslips etc.The resources which Sophia uses are often not digitized. Therefore she needs to visit libraries. Whilst there, she will sift through the appropriate material, and take photographs of the most relevant. She will then analyze these photographs on her return home. In one particular library she may not be able to take photographs, and there she can only take notes. Sophia uses spreadsheets to maintain and compare information.

Sophia's work could be helped by:

    digitalisation of her source material;
    handwriting OCR;
    data visualization, e.g. to illustrate relationships between composers, institutions etc.;
    use of a database, i.e. as upgrade to current use of spreadsheets;
    named-entity recognition","What are the interrelationships between composers, medical practitioners, and religious figures in 17th century Italy?",1: medical practitioners,1,medical practitioners,,Justified,llm
Polifonia,NeoNGPT_GPT4o,"Sophia is a musicologist and a practising musician. Sophia is interested in understanding the social-historical reasons behind how the music was created and how it sounds. Sophia is doing social-historical research, using textual sources. One of her current projects is concerned with the relationship between music, medicine and religion at a particular charitable institution in 17th century Italy. The sources she uses, which are also not digitized, include records of an institution, payslips etc.The resources which Sophia uses are often not digitized. Therefore she needs to visit libraries. Whilst there, she will sift through the appropriate material, and take photographs of the most relevant. She will then analyze these photographs on her return home. In one particular library she may not be able to take photographs, and there she can only take notes. Sophia uses spreadsheets to maintain and compare information.

Sophia's work could be helped by:

    digitalisation of her source material;
    handwriting OCR;
    data visualization, e.g. to illustrate relationships between composers, institutions etc.;
    use of a database, i.e. as upgrade to current use of spreadsheets;
    named-entity recognition",How can digitized historical records be categorized based on their source types and locations?,1: categorized,1,categorized,,Justified,llm
Polifonia,NeoNGPT_GPT4o,"Sophia is a musicologist and a practising musician. Sophia is interested in understanding the social-historical reasons behind how the music was created and how it sounds. Sophia is doing social-historical research, using textual sources. One of her current projects is concerned with the relationship between music, medicine and religion at a particular charitable institution in 17th century Italy. The sources she uses, which are also not digitized, include records of an institution, payslips etc.The resources which Sophia uses are often not digitized. Therefore she needs to visit libraries. Whilst there, she will sift through the appropriate material, and take photographs of the most relevant. She will then analyze these photographs on her return home. In one particular library she may not be able to take photographs, and there she can only take notes. Sophia uses spreadsheets to maintain and compare information.

Sophia's work could be helped by:

    digitalisation of her source material;
    handwriting OCR;
    data visualization, e.g. to illustrate relationships between composers, institutions etc.;
    use of a database, i.e. as upgrade to current use of spreadsheets;
    named-entity recognition",What metadata is associated with the digitization process of historical records?,1: metadata,1,metadata,,Not Justified,llm
Polifonia,NeoNGPT_GPT4o,"Sophia is a musicologist and a practising musician. Sophia is interested in understanding the social-historical reasons behind how the music was created and how it sounds. Sophia is doing social-historical research, using textual sources. One of her current projects is concerned with the relationship between music, medicine and religion at a particular charitable institution in 17th century Italy. The sources she uses, which are also not digitized, include records of an institution, payslips etc.The resources which Sophia uses are often not digitized. Therefore she needs to visit libraries. Whilst there, she will sift through the appropriate material, and take photographs of the most relevant. She will then analyze these photographs on her return home. In one particular library she may not be able to take photographs, and there she can only take notes. Sophia uses spreadsheets to maintain and compare information.

Sophia's work could be helped by:

    digitalisation of her source material;
    handwriting OCR;
    data visualization, e.g. to illustrate relationships between composers, institutions etc.;
    use of a database, i.e. as upgrade to current use of spreadsheets;
    named-entity recognition",How can access restrictions for digitized historical records be managed?,1: access restrictions,1,access restrictions,,Not Justified,llm
Polifonia,NeoNGPT_GPT4o,"Sophia is a musicologist and a practising musician. Sophia is interested in understanding the social-historical reasons behind how the music was created and how it sounds. Sophia is doing social-historical research, using textual sources. One of her current projects is concerned with the relationship between music, medicine and religion at a particular charitable institution in 17th century Italy. The sources she uses, which are also not digitized, include records of an institution, payslips etc.The resources which Sophia uses are often not digitized. Therefore she needs to visit libraries. Whilst there, she will sift through the appropriate material, and take photographs of the most relevant. She will then analyze these photographs on her return home. In one particular library she may not be able to take photographs, and there she can only take notes. Sophia uses spreadsheets to maintain and compare information.

Sophia's work could be helped by:

    digitalisation of her source material;
    handwriting OCR;
    data visualization, e.g. to illustrate relationships between composers, institutions etc.;
    use of a database, i.e. as upgrade to current use of spreadsheets;
    named-entity recognition",What tools are available for visualizing relationships between entities such as composers and institutions?,1: visualizing,1,visualizing,,Justified,llm
Polifonia,NeoNGPT_GPT4o,"Sophia is a musicologist and a practising musician. Sophia is interested in understanding the social-historical reasons behind how the music was created and how it sounds. Sophia is doing social-historical research, using textual sources. One of her current projects is concerned with the relationship between music, medicine and religion at a particular charitable institution in 17th century Italy. The sources she uses, which are also not digitized, include records of an institution, payslips etc.The resources which Sophia uses are often not digitized. Therefore she needs to visit libraries. Whilst there, she will sift through the appropriate material, and take photographs of the most relevant. She will then analyze these photographs on her return home. In one particular library she may not be able to take photographs, and there she can only take notes. Sophia uses spreadsheets to maintain and compare information.

Sophia's work could be helped by:

    digitalisation of her source material;
    handwriting OCR;
    data visualization, e.g. to illustrate relationships between composers, institutions etc.;
    use of a database, i.e. as upgrade to current use of spreadsheets;
    named-entity recognition",How can named-entity recognition be used to identify key entities in historical texts?,1: identify,1,identify,,Justified,llm
Polifonia,NeoNGPT_GPT4o,"Sophia is a musicologist and a practising musician. Sophia is interested in understanding the social-historical reasons behind how the music was created and how it sounds. Sophia is doing social-historical research, using textual sources. One of her current projects is concerned with the relationship between music, medicine and religion at a particular charitable institution in 17th century Italy. The sources she uses, which are also not digitized, include records of an institution, payslips etc.The resources which Sophia uses are often not digitized. Therefore she needs to visit libraries. Whilst there, she will sift through the appropriate material, and take photographs of the most relevant. She will then analyze these photographs on her return home. In one particular library she may not be able to take photographs, and there she can only take notes. Sophia uses spreadsheets to maintain and compare information.

Sophia's work could be helped by:

    digitalisation of her source material;
    handwriting OCR;
    data visualization, e.g. to illustrate relationships between composers, institutions etc.;
    use of a database, i.e. as upgrade to current use of spreadsheets;
    named-entity recognition","What are the multilingual capabilities of the named-entity recognition system, particularly for Latin and Italian texts?","2: multilingual capabilities, Latin",2,"multilingual capabilities, Latin",,Not Justified,llm
Polifonia,NeoNGPT_GPT4o,"Sophia is a musicologist and a practising musician. Sophia is interested in understanding the social-historical reasons behind how the music was created and how it sounds. Sophia is doing social-historical research, using textual sources. One of her current projects is concerned with the relationship between music, medicine and religion at a particular charitable institution in 17th century Italy. The sources she uses, which are also not digitized, include records of an institution, payslips etc.The resources which Sophia uses are often not digitized. Therefore she needs to visit libraries. Whilst there, she will sift through the appropriate material, and take photographs of the most relevant. She will then analyze these photographs on her return home. In one particular library she may not be able to take photographs, and there she can only take notes. Sophia uses spreadsheets to maintain and compare information.

Sophia's work could be helped by:

    digitalisation of her source material;
    handwriting OCR;
    data visualization, e.g. to illustrate relationships between composers, institutions etc.;
    use of a database, i.e. as upgrade to current use of spreadsheets;
    named-entity recognition",How can historical handwriting styles be accurately recognized and converted into digital text?,1: accurately,1,accurately,,Justified,llm
Polifonia,NeoNGPT_GPT4o,"Sophia is a musicologist and a practising musician. Sophia is interested in understanding the social-historical reasons behind how the music was created and how it sounds. Sophia is doing social-historical research, using textual sources. One of her current projects is concerned with the relationship between music, medicine and religion at a particular charitable institution in 17th century Italy. The sources she uses, which are also not digitized, include records of an institution, payslips etc.The resources which Sophia uses are often not digitized. Therefore she needs to visit libraries. Whilst there, she will sift through the appropriate material, and take photographs of the most relevant. She will then analyze these photographs on her return home. In one particular library she may not be able to take photographs, and there she can only take notes. Sophia uses spreadsheets to maintain and compare information.

Sophia's work could be helped by:

    digitalisation of her source material;
    handwriting OCR;
    data visualization, e.g. to illustrate relationships between composers, institutions etc.;
    use of a database, i.e. as upgrade to current use of spreadsheets;
    named-entity recognition",What database structures are available for storing and managing historical data?,1: database structures,1,database structures,,Justified,llm
Polifonia,NeoNGPT_GPT4o,"Sophia is a musicologist and a practising musician. Sophia is interested in understanding the social-historical reasons behind how the music was created and how it sounds. Sophia is doing social-historical research, using textual sources. One of her current projects is concerned with the relationship between music, medicine and religion at a particular charitable institution in 17th century Italy. The sources she uses, which are also not digitized, include records of an institution, payslips etc.The resources which Sophia uses are often not digitized. Therefore she needs to visit libraries. Whilst there, she will sift through the appropriate material, and take photographs of the most relevant. She will then analyze these photographs on her return home. In one particular library she may not be able to take photographs, and there she can only take notes. Sophia uses spreadsheets to maintain and compare information.

Sophia's work could be helped by:

    digitalisation of her source material;
    handwriting OCR;
    data visualization, e.g. to illustrate relationships between composers, institutions etc.;
    use of a database, i.e. as upgrade to current use of spreadsheets;
    named-entity recognition",How can complex queries be efficiently handled to retrieve information about historical entities and their relationships?,1: complex queries,1,complex queries,,Not Justified,llm
Polifonia,NeoNGPT_GPT4o,"Sophia is a musicologist and a practising musician. Sophia is interested in understanding the social-historical reasons behind how the music was created and how it sounds. Sophia is doing social-historical research, using textual sources. One of her current projects is concerned with the relationship between music, medicine and religion at a particular charitable institution in 17th century Italy. The sources she uses, which are also not digitized, include records of an institution, payslips etc.The resources which Sophia uses are often not digitized. Therefore she needs to visit libraries. Whilst there, she will sift through the appropriate material, and take photographs of the most relevant. She will then analyze these photographs on her return home. In one particular library she may not be able to take photographs, and there she can only take notes. Sophia uses spreadsheets to maintain and compare information.

Sophia's work could be helped by:

    digitalisation of her source material;
    handwriting OCR;
    data visualization, e.g. to illustrate relationships between composers, institutions etc.;
    use of a database, i.e. as upgrade to current use of spreadsheets;
    named-entity recognition",What are the security measures in place to protect sensitive historical data?,1: security measures,1,security measures,,Not Justified,llm
Polifonia,NeoNGPT_GPT4o,"Sophia is a musicologist and a practising musician. Sophia is interested in understanding the social-historical reasons behind how the music was created and how it sounds. Sophia is doing social-historical research, using textual sources. One of her current projects is concerned with the relationship between music, medicine and religion at a particular charitable institution in 17th century Italy. The sources she uses, which are also not digitized, include records of an institution, payslips etc.The resources which Sophia uses are often not digitized. Therefore she needs to visit libraries. Whilst there, she will sift through the appropriate material, and take photographs of the most relevant. She will then analyze these photographs on her return home. In one particular library she may not be able to take photographs, and there she can only take notes. Sophia uses spreadsheets to maintain and compare information.

Sophia's work could be helped by:

    digitalisation of her source material;
    handwriting OCR;
    data visualization, e.g. to illustrate relationships between composers, institutions etc.;
    use of a database, i.e. as upgrade to current use of spreadsheets;
    named-entity recognition",How can the ontology ensure interoperability with existing digital humanities tools and platforms?,1: interoperability,1,interoperability,,Justified,llm
Polifonia,NeoNGPT_GPT4o,"Sophia is a musicologist and a practising musician. Sophia is interested in understanding the social-historical reasons behind how the music was created and how it sounds. Sophia is doing social-historical research, using textual sources. One of her current projects is concerned with the relationship between music, medicine and religion at a particular charitable institution in 17th century Italy. The sources she uses, which are also not digitized, include records of an institution, payslips etc.The resources which Sophia uses are often not digitized. Therefore she needs to visit libraries. Whilst there, she will sift through the appropriate material, and take photographs of the most relevant. She will then analyze these photographs on her return home. In one particular library she may not be able to take photographs, and there she can only take notes. Sophia uses spreadsheets to maintain and compare information.

Sophia's work could be helped by:

    digitalisation of her source material;
    handwriting OCR;
    data visualization, e.g. to illustrate relationships between composers, institutions etc.;
    use of a database, i.e. as upgrade to current use of spreadsheets;
    named-entity recognition",What are the scalability considerations for handling large volumes of digitized historical data?,1: scalability,1,scalability,,Not Justified,llm
Polifonia,NeoNGPT_GPT4o,"Sophia is a musicologist and a practising musician. Sophia is interested in understanding the social-historical reasons behind how the music was created and how it sounds. Sophia is doing social-historical research, using textual sources. One of her current projects is concerned with the relationship between music, medicine and religion at a particular charitable institution in 17th century Italy. The sources she uses, which are also not digitized, include records of an institution, payslips etc.The resources which Sophia uses are often not digitized. Therefore she needs to visit libraries. Whilst there, she will sift through the appropriate material, and take photographs of the most relevant. She will then analyze these photographs on her return home. In one particular library she may not be able to take photographs, and there she can only take notes. Sophia uses spreadsheets to maintain and compare information.

Sophia's work could be helped by:

    digitalisation of her source material;
    handwriting OCR;
    data visualization, e.g. to illustrate relationships between composers, institutions etc.;
    use of a database, i.e. as upgrade to current use of spreadsheets;
    named-entity recognition",How can the ontology be made user-friendly for non-technical users like Sophia?,1: ontology,1,ontology,,Not Justified,llm
Polifonia,NeoNGPT_GPT4o,"Sophia is a musicologist and a practising musician. Sophia is interested in understanding the social-historical reasons behind how the music was created and how it sounds. Sophia is doing social-historical research, using textual sources. One of her current projects is concerned with the relationship between music, medicine and religion at a particular charitable institution in 17th century Italy. The sources she uses, which are also not digitized, include records of an institution, payslips etc.The resources which Sophia uses are often not digitized. Therefore she needs to visit libraries. Whilst there, she will sift through the appropriate material, and take photographs of the most relevant. She will then analyze these photographs on her return home. In one particular library she may not be able to take photographs, and there she can only take notes. Sophia uses spreadsheets to maintain and compare information.

Sophia's work could be helped by:

    digitalisation of her source material;
    handwriting OCR;
    data visualization, e.g. to illustrate relationships between composers, institutions etc.;
    use of a database, i.e. as upgrade to current use of spreadsheets;
    named-entity recognition",What documentation and tutorials are available to assist users in utilizing the ontology?,1: documentation and tutorials,1,documentation and tutorials,,Not Justified,llm
Polifonia,NeoNGPT_GPT4o,"Sophia is a musicologist and a practising musician. Sophia is interested in understanding the social-historical reasons behind how the music was created and how it sounds. Sophia is doing social-historical research, using textual sources. One of her current projects is concerned with the relationship between music, medicine and religion at a particular charitable institution in 17th century Italy. The sources she uses, which are also not digitized, include records of an institution, payslips etc.The resources which Sophia uses are often not digitized. Therefore she needs to visit libraries. Whilst there, she will sift through the appropriate material, and take photographs of the most relevant. She will then analyze these photographs on her return home. In one particular library she may not be able to take photographs, and there she can only take notes. Sophia uses spreadsheets to maintain and compare information.

Sophia's work could be helped by:

    digitalisation of her source material;
    handwriting OCR;
    data visualization, e.g. to illustrate relationships between composers, institutions etc.;
    use of a database, i.e. as upgrade to current use of spreadsheets;
    named-entity recognition",How can the ontology support data exchange with other ontologies and databases?,1: ontology,1,ontology,,Not Justified,llm
Polifonia,NeoNGPT_GPT4o,"Sophia’s original qualifications, and her Ph.D., were in music and she is also a practising musician. She is a musicologist working in the music department of a university. She has a particular interest in late 16th to 18th century music, specifically that of a particular composer living and working in Rome, Wien (Haydn, Mozart, Beethoven) London and Paris. As musician and historian, Sophia needs to study the instrumentation of a musical composition of the 18th century in order to organize a music festival that compares philological and modern performances and that proposes music compositions of that time with a completely new orchestration. To do this, she needs detailed informations about musical instruments, ancient and modern: how they were used in the original compositions and in the 18th century, to which instrument family each instrument belongs, in which instruments combination they have been used in musical compositions from any era. For each instrument Sophia will have to take into account these important properties: the timbre or range of timbres; the range of pitches; the dynamic range. Sophia is also interested to know the instrument's notation.",What are the historical and modern versions of a specific musical instrument from the late 16th to 18th century?,"2: versions, specific",2,"versions, specific",Yes,Not Justified,source_consistency
Polifonia,NeoNGPT_GPT4o,"Sophia’s original qualifications, and her Ph.D., were in music and she is also a practising musician. She is a musicologist working in the music department of a university. She has a particular interest in late 16th to 18th century music, specifically that of a particular composer living and working in Rome, Wien (Haydn, Mozart, Beethoven) London and Paris. As musician and historian, Sophia needs to study the instrumentation of a musical composition of the 18th century in order to organize a music festival that compares philological and modern performances and that proposes music compositions of that time with a completely new orchestration. To do this, she needs detailed informations about musical instruments, ancient and modern: how they were used in the original compositions and in the 18th century, to which instrument family each instrument belongs, in which instruments combination they have been used in musical compositions from any era. For each instrument Sophia will have to take into account these important properties: the timbre or range of timbres; the range of pitches; the dynamic range. Sophia is also interested to know the instrument's notation.","What are the detailed properties of a given musical instrument, including timbre, pitch range, dynamic range, and notation?",1: properties,1,properties,Yes,Not Justified,source_consistency
Polifonia,NeoNGPT_GPT4o,"Sophia’s original qualifications, and her Ph.D., were in music and she is also a practising musician. She is a musicologist working in the music department of a university. She has a particular interest in late 16th to 18th century music, specifically that of a particular composer living and working in Rome, Wien (Haydn, Mozart, Beethoven) London and Paris. As musician and historian, Sophia needs to study the instrumentation of a musical composition of the 18th century in order to organize a music festival that compares philological and modern performances and that proposes music compositions of that time with a completely new orchestration. To do this, she needs detailed informations about musical instruments, ancient and modern: how they were used in the original compositions and in the 18th century, to which instrument family each instrument belongs, in which instruments combination they have been used in musical compositions from any era. For each instrument Sophia will have to take into account these important properties: the timbre or range of timbres; the range of pitches; the dynamic range. Sophia is also interested to know the instrument's notation.","Which instrument families does a specific instrument belong to, and what are their roles in compositions?","2: specific, roles",2,"specific, roles",Yes,Not Justified,source_consistency
Polifonia,NeoNGPT_GPT4o,"Sophia’s original qualifications, and her Ph.D., were in music and she is also a practising musician. She is a musicologist working in the music department of a university. She has a particular interest in late 16th to 18th century music, specifically that of a particular composer living and working in Rome, Wien (Haydn, Mozart, Beethoven) London and Paris. As musician and historian, Sophia needs to study the instrumentation of a musical composition of the 18th century in order to organize a music festival that compares philological and modern performances and that proposes music compositions of that time with a completely new orchestration. To do this, she needs detailed informations about musical instruments, ancient and modern: how they were used in the original compositions and in the 18th century, to which instrument family each instrument belongs, in which instruments combination they have been used in musical compositions from any era. For each instrument Sophia will have to take into account these important properties: the timbre or range of timbres; the range of pitches; the dynamic range. Sophia is also interested to know the instrument's notation.",What are the combinations of instruments used in a specific composition from any era?,1: specific,1,specific,Yes,Not Justified,source_consistency
Polifonia,NeoNGPT_GPT4o,"Sophia’s original qualifications, and her Ph.D., were in music and she is also a practising musician. She is a musicologist working in the music department of a university. She has a particular interest in late 16th to 18th century music, specifically that of a particular composer living and working in Rome, Wien (Haydn, Mozart, Beethoven) London and Paris. As musician and historian, Sophia needs to study the instrumentation of a musical composition of the 18th century in order to organize a music festival that compares philological and modern performances and that proposes music compositions of that time with a completely new orchestration. To do this, she needs detailed informations about musical instruments, ancient and modern: how they were used in the original compositions and in the 18th century, to which instrument family each instrument belongs, in which instruments combination they have been used in musical compositions from any era. For each instrument Sophia will have to take into account these important properties: the timbre or range of timbres; the range of pitches; the dynamic range. Sophia is also interested to know the instrument's notation.","Who are the composers active in Rome, Vienna, London, and Paris during the late 16th to 18th century, and what are their notable works?","2: active, notable",2,"active, notable",Yes,Not Justified,source_consistency
Polifonia,NeoNGPT_GPT4o,"Sophia’s original qualifications, and her Ph.D., were in music and she is also a practising musician. She is a musicologist working in the music department of a university. She has a particular interest in late 16th to 18th century music, specifically that of a particular composer living and working in Rome, Wien (Haydn, Mozart, Beethoven) London and Paris. As musician and historian, Sophia needs to study the instrumentation of a musical composition of the 18th century in order to organize a music festival that compares philological and modern performances and that proposes music compositions of that time with a completely new orchestration. To do this, she needs detailed informations about musical instruments, ancient and modern: how they were used in the original compositions and in the 18th century, to which instrument family each instrument belongs, in which instruments combination they have been used in musical compositions from any era. For each instrument Sophia will have to take into account these important properties: the timbre or range of timbres; the range of pitches; the dynamic range. Sophia is also interested to know the instrument's notation.",What are the differences between historical and modern performance practices for a specific composition?,"3: differences, practices, specific",3,"differences, practices, specific",Yes,Not Justified,source_consistency
Polifonia,NeoNGPT_GPT4o,"Sophia’s original qualifications, and her Ph.D., were in music and she is also a practising musician. She is a musicologist working in the music department of a university. She has a particular interest in late 16th to 18th century music, specifically that of a particular composer living and working in Rome, Wien (Haydn, Mozart, Beethoven) London and Paris. As musician and historian, Sophia needs to study the instrumentation of a musical composition of the 18th century in order to organize a music festival that compares philological and modern performances and that proposes music compositions of that time with a completely new orchestration. To do this, she needs detailed informations about musical instruments, ancient and modern: how they were used in the original compositions and in the 18th century, to which instrument family each instrument belongs, in which instruments combination they have been used in musical compositions from any era. For each instrument Sophia will have to take into account these important properties: the timbre or range of timbres; the range of pitches; the dynamic range. Sophia is also interested to know the instrument's notation.",How are specific musical instruments used in original compositions compared to modern reinterpretations?,"3: specific, compared to, reinterpretations",3,"specific, compared to, reinterpretations",Yes,Not Justified,source_consistency
Polifonia,NeoNGPT_GPT4o,"Sophia’s original qualifications, and her Ph.D., were in music and she is also a practising musician. She is a musicologist working in the music department of a university. She has a particular interest in late 16th to 18th century music, specifically that of a particular composer living and working in Rome, Wien (Haydn, Mozart, Beethoven) London and Paris. As musician and historian, Sophia needs to study the instrumentation of a musical composition of the 18th century in order to organize a music festival that compares philological and modern performances and that proposes music compositions of that time with a completely new orchestration. To do this, she needs detailed informations about musical instruments, ancient and modern: how they were used in the original compositions and in the 18th century, to which instrument family each instrument belongs, in which instruments combination they have been used in musical compositions from any era. For each instrument Sophia will have to take into account these important properties: the timbre or range of timbres; the range of pitches; the dynamic range. Sophia is also interested to know the instrument's notation.",What are the characteristics of compositions that feature a specific instrument or combination of instruments?,"3: characteristics, feature, specific",3,"characteristics, feature, specific",Yes,Not Justified,source_consistency
Polifonia,NeoNGPT_GPT4o,"Sophia’s original qualifications, and her Ph.D., were in music and she is also a practising musician. She is a musicologist working in the music department of a university. She has a particular interest in late 16th to 18th century music, specifically that of a particular composer living and working in Rome, Wien (Haydn, Mozart, Beethoven) London and Paris. As musician and historian, Sophia needs to study the instrumentation of a musical composition of the 18th century in order to organize a music festival that compares philological and modern performances and that proposes music compositions of that time with a completely new orchestration. To do this, she needs detailed informations about musical instruments, ancient and modern: how they were used in the original compositions and in the 18th century, to which instrument family each instrument belongs, in which instruments combination they have been used in musical compositions from any era. For each instrument Sophia will have to take into account these important properties: the timbre or range of timbres; the range of pitches; the dynamic range. Sophia is also interested to know the instrument's notation.","How can a specific musical instrument be classified within its family, and what are its historical and modern uses?","2: specific, classified",2,"specific, classified",Yes,Not Justified,source_consistency
Polifonia,NeoNGPT_GPT4o,"Sophia’s original qualifications, and her Ph.D., were in music and she is also a practising musician. She is a musicologist working in the music department of a university. She has a particular interest in late 16th to 18th century music, specifically that of a particular composer living and working in Rome, Wien (Haydn, Mozart, Beethoven) London and Paris. As musician and historian, Sophia needs to study the instrumentation of a musical composition of the 18th century in order to organize a music festival that compares philological and modern performances and that proposes music compositions of that time with a completely new orchestration. To do this, she needs detailed informations about musical instruments, ancient and modern: how they were used in the original compositions and in the 18th century, to which instrument family each instrument belongs, in which instruments combination they have been used in musical compositions from any era. For each instrument Sophia will have to take into account these important properties: the timbre or range of timbres; the range of pitches; the dynamic range. Sophia is also interested to know the instrument's notation.","What are the notable music festivals that focus on historical and modern performances, and which compositions are featured?","2: notable, features",2,"notable, features",Yes,Not Justified,source_consistency
Polifonia,NeoNGPT_GPT4o,"Sophia’s original qualifications, and her Ph.D., were in music and she is also a practising musician. She is a musicologist working in the music department of a university. She has a particular interest in late 16th to 18th century music, specifically that of a particular composer living and working in Rome, Wien (Haydn, Mozart, Beethoven) London and Paris. As musician and historian, Sophia needs to study the instrumentation of a musical composition of the 18th century in order to organize a music festival that compares philological and modern performances and that proposes music compositions of that time with a completely new orchestration. To do this, she needs detailed informations about musical instruments, ancient and modern: how they were used in the original compositions and in the 18th century, to which instrument family each instrument belongs, in which instruments combination they have been used in musical compositions from any era. For each instrument Sophia will have to take into account these important properties: the timbre or range of timbres; the range of pitches; the dynamic range. Sophia is also interested to know the instrument's notation.",How can the ontology be used to organize a music festival that includes both historical and modern performances?,1: ontology,1,ontology,Yes,Not Justified,source_consistency
Polifonia,NeoNGPT_GPT4o,"Sophia’s original qualifications, and her Ph.D., were in music and she is also a practising musician. She is a musicologist working in the music department of a university. She has a particular interest in late 16th to 18th century music, specifically that of a particular composer living and working in Rome, Wien (Haydn, Mozart, Beethoven) London and Paris. As musician and historian, Sophia needs to study the instrumentation of a musical composition of the 18th century in order to organize a music festival that compares philological and modern performances and that proposes music compositions of that time with a completely new orchestration. To do this, she needs detailed informations about musical instruments, ancient and modern: how they were used in the original compositions and in the 18th century, to which instrument family each instrument belongs, in which instruments combination they have been used in musical compositions from any era. For each instrument Sophia will have to take into account these important properties: the timbre or range of timbres; the range of pitches; the dynamic range. Sophia is also interested to know the instrument's notation.",What are the interoperability features of the ontology with existing musicological databases and ontologies?,"5: interoperability, features, ontology, existing, ontologies",5,"interoperability, features, ontology, existing, ontologies",Yes,Not Justified,source_consistency
Polifonia,NeoNGPT_GPT4o,"Sophia’s original qualifications, and her Ph.D., were in music and she is also a practising musician. She is a musicologist working in the music department of a university. She has a particular interest in late 16th to 18th century music, specifically that of a particular composer living and working in Rome, Wien (Haydn, Mozart, Beethoven) London and Paris. As musician and historian, Sophia needs to study the instrumentation of a musical composition of the 18th century in order to organize a music festival that compares philological and modern performances and that proposes music compositions of that time with a completely new orchestration. To do this, she needs detailed informations about musical instruments, ancient and modern: how they were used in the original compositions and in the 18th century, to which instrument family each instrument belongs, in which instruments combination they have been used in musical compositions from any era. For each instrument Sophia will have to take into account these important properties: the timbre or range of timbres; the range of pitches; the dynamic range. Sophia is also interested to know the instrument's notation.","How can the ontology be updated to include new instruments, composers, and compositions?","3: ontology, updated, new",3,"ontology, updated, new",Yes,Not Justified,source_consistency
Polifonia,NeoNGPT_GPT4o,"Sophia’s original qualifications, and her Ph.D., were in music and she is also a practising musician. She is a musicologist working in the music department of a university. She has a particular interest in late 16th to 18th century music, specifically that of a particular composer living and working in Rome, Wien (Haydn, Mozart, Beethoven) London and Paris. As musician and historian, Sophia needs to study the instrumentation of a musical composition of the 18th century in order to organize a music festival that compares philological and modern performances and that proposes music compositions of that time with a completely new orchestration. To do this, she needs detailed informations about musical instruments, ancient and modern: how they were used in the original compositions and in the 18th century, to which instrument family each instrument belongs, in which instruments combination they have been used in musical compositions from any era. For each instrument Sophia will have to take into account these important properties: the timbre or range of timbres; the range of pitches; the dynamic range. Sophia is also interested to know the instrument's notation.",What documentation is available to assist users in understanding and utilizing the ontology effectively?,"7: documentation, assist, users, understanding, utilizing, ontology, effectively",7,"documentation, assist, users, understanding, utilizing, ontology, effectively",Yes,Not Justified,source_consistency
Polifonia,NeoNGPT_GPT4o,"Sophia’s original qualifications, and her Ph.D., were in music and she is also a practising musician. She is a musicologist working in the music department of a university. She has a particular interest in late 16th to 18th century music, specifically that of a particular composer living and working in Rome, Wien (Haydn, Mozart, Beethoven) London and Paris. As musician and historian, Sophia needs to study the instrumentation of a musical composition of the 18th century in order to organize a music festival that compares philological and modern performances and that proposes music compositions of that time with a completely new orchestration. To do this, she needs detailed informations about musical instruments, ancient and modern: how they were used in the original compositions and in the 18th century, to which instrument family each instrument belongs, in which instruments combination they have been used in musical compositions from any era. For each instrument Sophia will have to take into account these important properties: the timbre or range of timbres; the range of pitches; the dynamic range. Sophia is also interested to know the instrument's notation.",How can the ontology support efficient querying and retrieval of information about musical instruments and compositions?,"4: ontology, efficient, querying, retrieval",4,"ontology, efficient, querying, retrieval",Yes,Not Justified,source_consistency
Polifonia,NeoNGPT_Qwen3,"Sophia’s original qualifications, and her Ph.D., were in music and she is also a practising musician. She is a musicologist working in the music department of a university. She has a particular interest in late 16th to 18th century music, specifically that of a particular composer living and working in Rome, Wien (Haydn, Mozart, Beethoven) London and Paris. As musician and historian, Sophia needs to study the instrumentation of a musical composition of the 18th century in order to organize a music festival that compares philological and modern performances and that proposes music compositions of that time with a completely new orchestration. To do this, she needs detailed informations about musical instruments, ancient and modern: how they were used in the original compositions and in the 18th century, to which instrument family each instrument belongs, in which instruments combination they have been used in musical compositions from any era. For each instrument Sophia will have to take into account these important properties: the timbre or range of timbres; the range of pitches; the dynamic range. Sophia is also interested to know the instrument's notation.","(Note: The actual list of competency questions is extensive and would require a detailed enumeration based on the ontology's core elements, but due to the complexity and length, a full list is not provided here. The above is a placeholder to indicate the structure and intent.)","I notice that no specific CQ (Competency Question) has been provided in your prompt. You've included the scenario and instructions, but the actual CQ text that I should analyze is missing.

Could you please provide the specific CQ you'd like me to annotate for superfluous elements?",2,"I notice that no specific CQ (Competency Question) has been provided in your prompt. You've included the scenario and instructions, but the actual CQ text that I should analyze is missing.

Could you please provide the specific CQ you'd like me to annotate for superfluous elements?",,Not Justified,llm
Polifonia,NeoNGPT_GPT4o,"Successfully plan the restoration of an organ.. In this scenario Paul has to plan a similar restoration. However, from his already extensive knowledge about organs, he is uncertain about some of the information that was provided by the encyclopaedia. That is, some of the mentioned components and technicalities such as the pitch seemed illogical when compared to the other organs from the same organ builder. If it would somehow be possible to mark facts that are unreliable or untrue, that would save Paul a lot of time checking, verifying, and notating.
    Het Historische Orgel in Nederland – Dutch organ encyclopedia
    http://www.orgbase.nl – Dutch hobbyist-made website with information similar to Het Historische Orgel
    Church and city archives
    Old newspapers
    https://www.delpher.nl – digital database from the Dutch Royal Library
    Organs (sight visits)
    http://www.dtbob.org/ – Belgian digital organ database",1. What are the components of a specific historical organ?,1: specific,1,specific,Yes,Not Justified,source_consistency
Polifonia,NeoNGPT_GPT4o,"Successfully plan the restoration of an organ.. In this scenario Paul has to plan a similar restoration. However, from his already extensive knowledge about organs, he is uncertain about some of the information that was provided by the encyclopaedia. That is, some of the mentioned components and technicalities such as the pitch seemed illogical when compared to the other organs from the same organ builder. If it would somehow be possible to mark facts that are unreliable or untrue, that would save Paul a lot of time checking, verifying, and notating.
    Het Historische Orgel in Nederland – Dutch organ encyclopedia
    http://www.orgbase.nl – Dutch hobbyist-made website with information similar to Het Historische Orgel
    Church and city archives
    Old newspapers
    https://www.delpher.nl – digital database from the Dutch Royal Library
    Organs (sight visits)
    http://www.dtbob.org/ – Belgian digital organ database","2. What are the technical specifications of a given organ component, such as pitch and tuning?",1: tuning,1,tuning,Yes,Not Justified,source_consistency
Polifonia,NeoNGPT_GPT4o,"Successfully plan the restoration of an organ.. In this scenario Paul has to plan a similar restoration. However, from his already extensive knowledge about organs, he is uncertain about some of the information that was provided by the encyclopaedia. That is, some of the mentioned components and technicalities such as the pitch seemed illogical when compared to the other organs from the same organ builder. If it would somehow be possible to mark facts that are unreliable or untrue, that would save Paul a lot of time checking, verifying, and notating.
    Het Historische Orgel in Nederland – Dutch organ encyclopedia
    http://www.orgbase.nl – Dutch hobbyist-made website with information similar to Het Historische Orgel
    Church and city archives
    Old newspapers
    https://www.delpher.nl – digital database from the Dutch Royal Library
    Organs (sight visits)
    http://www.dtbob.org/ – Belgian digital organ database",3. Which sources provide information about a particular organ or its components?,"2: sources, particular",2,"sources, particular",Yes,Not Justified,source_consistency
Polifonia,NeoNGPT_GPT4o,"Successfully plan the restoration of an organ.. In this scenario Paul has to plan a similar restoration. However, from his already extensive knowledge about organs, he is uncertain about some of the information that was provided by the encyclopaedia. That is, some of the mentioned components and technicalities such as the pitch seemed illogical when compared to the other organs from the same organ builder. If it would somehow be possible to mark facts that are unreliable or untrue, that would save Paul a lot of time checking, verifying, and notating.
    Het Historische Orgel in Nederland – Dutch organ encyclopedia
    http://www.orgbase.nl – Dutch hobbyist-made website with information similar to Het Historische Orgel
    Church and city archives
    Old newspapers
    https://www.delpher.nl – digital database from the Dutch Royal Library
    Organs (sight visits)
    http://www.dtbob.org/ – Belgian digital organ database",4. How reliable is the information from a specific source regarding an organ component?,1: specific source,1,specific source,Yes,Not Justified,source_consistency
Polifonia,NeoNGPT_GPT4o,"Successfully plan the restoration of an organ.. In this scenario Paul has to plan a similar restoration. However, from his already extensive knowledge about organs, he is uncertain about some of the information that was provided by the encyclopaedia. That is, some of the mentioned components and technicalities such as the pitch seemed illogical when compared to the other organs from the same organ builder. If it would somehow be possible to mark facts that are unreliable or untrue, that would save Paul a lot of time checking, verifying, and notating.
    Het Historische Orgel in Nederland – Dutch organ encyclopedia
    http://www.orgbase.nl – Dutch hobbyist-made website with information similar to Het Historische Orgel
    Church and city archives
    Old newspapers
    https://www.delpher.nl – digital database from the Dutch Royal Library
    Organs (sight visits)
    http://www.dtbob.org/ – Belgian digital organ database",5. What discrepancies exist between different sources about a specific organ component?,"3: discrepancies, different sources, specific",3,"discrepancies, different sources, specific",Yes,Not Justified,source_consistency
Polifonia,NeoNGPT_GPT4o,"Successfully plan the restoration of an organ.. In this scenario Paul has to plan a similar restoration. However, from his already extensive knowledge about organs, he is uncertain about some of the information that was provided by the encyclopaedia. That is, some of the mentioned components and technicalities such as the pitch seemed illogical when compared to the other organs from the same organ builder. If it would somehow be possible to mark facts that are unreliable or untrue, that would save Paul a lot of time checking, verifying, and notating.
    Het Historische Orgel in Nederland – Dutch organ encyclopedia
    http://www.orgbase.nl – Dutch hobbyist-made website with information similar to Het Historische Orgel
    Church and city archives
    Old newspapers
    https://www.delpher.nl – digital database from the Dutch Royal Library
    Organs (sight visits)
    http://www.dtbob.org/ – Belgian digital organ database","6. What is the historical context of a particular organ, including its provenance and changes over time?","4: historical context, particular, provenance, changes over time",4,"historical context, particular, provenance, changes over time",Yes,Not Justified,source_consistency
Polifonia,NeoNGPT_GPT4o,"Successfully plan the restoration of an organ.. In this scenario Paul has to plan a similar restoration. However, from his already extensive knowledge about organs, he is uncertain about some of the information that was provided by the encyclopaedia. That is, some of the mentioned components and technicalities such as the pitch seemed illogical when compared to the other organs from the same organ builder. If it would somehow be possible to mark facts that are unreliable or untrue, that would save Paul a lot of time checking, verifying, and notating.
    Het Historische Orgel in Nederland – Dutch organ encyclopedia
    http://www.orgbase.nl – Dutch hobbyist-made website with information similar to Het Historische Orgel
    Church and city archives
    Old newspapers
    https://www.delpher.nl – digital database from the Dutch Royal Library
    Organs (sight visits)
    http://www.dtbob.org/ – Belgian digital organ database",7. How can the reliability of information about an organ component be assessed?,1: assess,1,assess,Yes,Not Justified,source_consistency
Polifonia,NeoNGPT_GPT4o,"Successfully plan the restoration of an organ.. In this scenario Paul has to plan a similar restoration. However, from his already extensive knowledge about organs, he is uncertain about some of the information that was provided by the encyclopaedia. That is, some of the mentioned components and technicalities such as the pitch seemed illogical when compared to the other organs from the same organ builder. If it would somehow be possible to mark facts that are unreliable or untrue, that would save Paul a lot of time checking, verifying, and notating.
    Het Historische Orgel in Nederland – Dutch organ encyclopedia
    http://www.orgbase.nl – Dutch hobbyist-made website with information similar to Het Historische Orgel
    Church and city archives
    Old newspapers
    https://www.delpher.nl – digital database from the Dutch Royal Library
    Organs (sight visits)
    http://www.dtbob.org/ – Belgian digital organ database",8. What are the annotations associated with a specific source of information?,"2: source, annotations",2,"source, annotations",Yes,Not Justified,source_consistency
Polifonia,NeoNGPT_GPT4o,"Successfully plan the restoration of an organ.. In this scenario Paul has to plan a similar restoration. However, from his already extensive knowledge about organs, he is uncertain about some of the information that was provided by the encyclopaedia. That is, some of the mentioned components and technicalities such as the pitch seemed illogical when compared to the other organs from the same organ builder. If it would somehow be possible to mark facts that are unreliable or untrue, that would save Paul a lot of time checking, verifying, and notating.
    Het Historische Orgel in Nederland – Dutch organ encyclopedia
    http://www.orgbase.nl – Dutch hobbyist-made website with information similar to Het Historische Orgel
    Church and city archives
    Old newspapers
    https://www.delpher.nl – digital database from the Dutch Royal Library
    Organs (sight visits)
    http://www.dtbob.org/ – Belgian digital organ database",9. How has the technical specification of a particular organ component changed over time?,"2: particular, changed over time",2,"particular, changed over time",Yes,Not Justified,source_consistency
Polifonia,NeoNGPT_GPT4o,"Successfully plan the restoration of an organ.. In this scenario Paul has to plan a similar restoration. However, from his already extensive knowledge about organs, he is uncertain about some of the information that was provided by the encyclopaedia. That is, some of the mentioned components and technicalities such as the pitch seemed illogical when compared to the other organs from the same organ builder. If it would somehow be possible to mark facts that are unreliable or untrue, that would save Paul a lot of time checking, verifying, and notating.
    Het Historische Orgel in Nederland – Dutch organ encyclopedia
    http://www.orgbase.nl – Dutch hobbyist-made website with information similar to Het Historische Orgel
    Church and city archives
    Old newspapers
    https://www.delpher.nl – digital database from the Dutch Royal Library
    Organs (sight visits)
    http://www.dtbob.org/ – Belgian digital organ database",10. Which organs are documented in a specific database or archive?,"2: documented, specific",2,"documented, specific",Yes,Not Justified,source_consistency
Polifonia,NeoNGPT_GPT4o,"Successfully plan the restoration of an organ.. In this scenario Paul has to plan a similar restoration. However, from his already extensive knowledge about organs, he is uncertain about some of the information that was provided by the encyclopaedia. That is, some of the mentioned components and technicalities such as the pitch seemed illogical when compared to the other organs from the same organ builder. If it would somehow be possible to mark facts that are unreliable or untrue, that would save Paul a lot of time checking, verifying, and notating.
    Het Historische Orgel in Nederland – Dutch organ encyclopedia
    http://www.orgbase.nl – Dutch hobbyist-made website with information similar to Het Historische Orgel
    Church and city archives
    Old newspapers
    https://www.delpher.nl – digital database from the Dutch Royal Library
    Organs (sight visits)
    http://www.dtbob.org/ – Belgian digital organ database",11. What are the most reliable sources for information about a specific organ?,"2: sources, specific",2,"sources, specific",Yes,Not Justified,source_consistency
Polifonia,NeoNGPT_GPT4o,"Successfully plan the restoration of an organ.. In this scenario Paul has to plan a similar restoration. However, from his already extensive knowledge about organs, he is uncertain about some of the information that was provided by the encyclopaedia. That is, some of the mentioned components and technicalities such as the pitch seemed illogical when compared to the other organs from the same organ builder. If it would somehow be possible to mark facts that are unreliable or untrue, that would save Paul a lot of time checking, verifying, and notating.
    Het Historische Orgel in Nederland – Dutch organ encyclopedia
    http://www.orgbase.nl – Dutch hobbyist-made website with information similar to Het Historische Orgel
    Church and city archives
    Old newspapers
    https://www.delpher.nl – digital database from the Dutch Royal Library
    Organs (sight visits)
    http://www.dtbob.org/ – Belgian digital organ database",12. How can discrepancies in information about an organ be resolved or highlighted?,"3: discrepancies, resolved, highlighted",3,"discrepancies, resolved, highlighted",Yes,Not Justified,source_consistency
Polifonia,NeoNGPT_GPT4o,"Successfully plan the restoration of an organ.. In this scenario Paul has to plan a similar restoration. However, from his already extensive knowledge about organs, he is uncertain about some of the information that was provided by the encyclopaedia. That is, some of the mentioned components and technicalities such as the pitch seemed illogical when compared to the other organs from the same organ builder. If it would somehow be possible to mark facts that are unreliable or untrue, that would save Paul a lot of time checking, verifying, and notating.
    Het Historische Orgel in Nederland – Dutch organ encyclopedia
    http://www.orgbase.nl – Dutch hobbyist-made website with information similar to Het Historische Orgel
    Church and city archives
    Old newspapers
    https://www.delpher.nl – digital database from the Dutch Royal Library
    Organs (sight visits)
    http://www.dtbob.org/ – Belgian digital organ database",13. What historical events or contexts are relevant to the restoration of a specific organ?,"3: structural events, contexts, relevant",3,"structural events, contexts, relevant",Yes,Not Justified,source_consistency
Polifonia,NeoNGPT_GPT4o,"Successfully plan the restoration of an organ.. In this scenario Paul has to plan a similar restoration. However, from his already extensive knowledge about organs, he is uncertain about some of the information that was provided by the encyclopaedia. That is, some of the mentioned components and technicalities such as the pitch seemed illogical when compared to the other organs from the same organ builder. If it would somehow be possible to mark facts that are unreliable or untrue, that would save Paul a lot of time checking, verifying, and notating.
    Het Historische Orgel in Nederland – Dutch organ encyclopedia
    http://www.orgbase.nl – Dutch hobbyist-made website with information similar to Het Historische Orgel
    Church and city archives
    Old newspapers
    https://www.delpher.nl – digital database from the Dutch Royal Library
    Organs (sight visits)
    http://www.dtbob.org/ – Belgian digital organ database",14. How can information about a specific organ be retrieved based on its components or technical specifications?,"2: specific, retrieved",2,"specific, retrieved",Yes,Not Justified,source_consistency
Polifonia,NeoNGPT_GPT4o,"Successfully plan the restoration of an organ.. In this scenario Paul has to plan a similar restoration. However, from his already extensive knowledge about organs, he is uncertain about some of the information that was provided by the encyclopaedia. That is, some of the mentioned components and technicalities such as the pitch seemed illogical when compared to the other organs from the same organ builder. If it would somehow be possible to mark facts that are unreliable or untrue, that would save Paul a lot of time checking, verifying, and notating.
    Het Historische Orgel in Nederland – Dutch organ encyclopedia
    http://www.orgbase.nl – Dutch hobbyist-made website with information similar to Het Historische Orgel
    Church and city archives
    Old newspapers
    https://www.delpher.nl – digital database from the Dutch Royal Library
    Organs (sight visits)
    http://www.dtbob.org/ – Belgian digital organ database",15. What are the common discrepancies found in the documentation of historical organs?,"4: common, discrepancies, found",4,"common, discrepancies, found",Yes,Not Justified,source_consistency
Polifonia,NeoNGPT_GPT4o,"Successfully plan the restoration of an organ.. In this scenario Paul has to plan a similar restoration. However, from his already extensive knowledge about organs, he is uncertain about some of the information that was provided by the encyclopaedia. That is, some of the mentioned components and technicalities such as the pitch seemed illogical when compared to the other organs from the same organ builder. If it would somehow be possible to mark facts that are unreliable or untrue, that would save Paul a lot of time checking, verifying, and notating.
    Het Historische Orgel in Nederland – Dutch organ encyclopedia
    http://www.orgbase.nl – Dutch hobbyist-made website with information similar to Het Historische Orgel
    Church and city archives
    Old newspapers
    https://www.delpher.nl – digital database from the Dutch Royal Library
    Organs (sight visits)
    http://www.dtbob.org/ – Belgian digital organ database",16. How can the ontology be queried to find information about a specific organ restoration project?,"5: ontology, queried, find, specific, project",5,"ontology, queried, find, specific, project",Yes,Not Justified,source_consistency
Polifonia,NeoNGPT_GPT4o,"Successfully plan the restoration of an organ.. In this scenario Paul has to plan a similar restoration. However, from his already extensive knowledge about organs, he is uncertain about some of the information that was provided by the encyclopaedia. That is, some of the mentioned components and technicalities such as the pitch seemed illogical when compared to the other organs from the same organ builder. If it would somehow be possible to mark facts that are unreliable or untrue, that would save Paul a lot of time checking, verifying, and notating.
    Het Historische Orgel in Nederland – Dutch organ encyclopedia
    http://www.orgbase.nl – Dutch hobbyist-made website with information similar to Het Historische Orgel
    Church and city archives
    Old newspapers
    https://www.delpher.nl – digital database from the Dutch Royal Library
    Organs (sight visits)
    http://www.dtbob.org/ – Belgian digital organ database",17. What are the provenance details of a specific organ component?,"3: Provenance, details, specific",3,"Provenance, details, specific",Yes,Not Justified,source_consistency
Polifonia,NeoNGPT_GPT4o,"Successfully plan the restoration of an organ.. In this scenario Paul has to plan a similar restoration. However, from his already extensive knowledge about organs, he is uncertain about some of the information that was provided by the encyclopaedia. That is, some of the mentioned components and technicalities such as the pitch seemed illogical when compared to the other organs from the same organ builder. If it would somehow be possible to mark facts that are unreliable or untrue, that would save Paul a lot of time checking, verifying, and notating.
    Het Historische Orgel in Nederland – Dutch organ encyclopedia
    http://www.orgbase.nl – Dutch hobbyist-made website with information similar to Het Historische Orgel
    Church and city archives
    Old newspapers
    https://www.delpher.nl – digital database from the Dutch Royal Library
    Organs (sight visits)
    http://www.dtbob.org/ – Belgian digital organ database",18. How can the ontology support decision-making in organ restoration projects?,"2: decision-making, organ restoration projects",2,"decision-making, organ restoration projects",Yes,Not Justified,source_consistency
Polifonia,NeoNGPT_GPT4o,"Successfully plan the restoration of an organ.. In this scenario Paul has to plan a similar restoration. However, from his already extensive knowledge about organs, he is uncertain about some of the information that was provided by the encyclopaedia. That is, some of the mentioned components and technicalities such as the pitch seemed illogical when compared to the other organs from the same organ builder. If it would somehow be possible to mark facts that are unreliable or untrue, that would save Paul a lot of time checking, verifying, and notating.
    Het Historische Orgel in Nederland – Dutch organ encyclopedia
    http://www.orgbase.nl – Dutch hobbyist-made website with information similar to Het Historische Orgel
    Church and city archives
    Old newspapers
    https://www.delpher.nl – digital database from the Dutch Royal Library
    Organs (sight visits)
    http://www.dtbob.org/ – Belgian digital organ database",19. What are the key indicators of reliability for sources of organ information?,"2: key indicators, reliability",2,"key indicators, reliability",Yes,Not Justified,source_consistency
Polifonia,NeoNGPT_GPT4o,"Successfully plan the restoration of an organ.. In this scenario Paul has to plan a similar restoration. However, from his already extensive knowledge about organs, he is uncertain about some of the information that was provided by the encyclopaedia. That is, some of the mentioned components and technicalities such as the pitch seemed illogical when compared to the other organs from the same organ builder. If it would somehow be possible to mark facts that are unreliable or untrue, that would save Paul a lot of time checking, verifying, and notating.
    Het Historische Orgel in Nederland – Dutch organ encyclopedia
    http://www.orgbase.nl – Dutch hobbyist-made website with information similar to Het Historische Orgel
    Church and city archives
    Old newspapers
    https://www.delpher.nl – digital database from the Dutch Royal Library
    Organs (sight visits)
    http://www.dtbob.org/ – Belgian digital organ database",20. How can the ontology be used to compare information from different sources about the same organ component?,"3: ontology, sources, organ components",3,"ontology, sources, organ components",Yes,Not Justified,source_consistency
Polifonia,NeoNGPT_Qwen3,"Successfully plan the restoration of an organ.. In this scenario Paul has to plan a similar restoration. However, from his already extensive knowledge about organs, he is uncertain about some of the information that was provided by the encyclopaedia. That is, some of the mentioned components and technicalities such as the pitch seemed illogical when compared to the other organs from the same organ builder. If it would somehow be possible to mark facts that are unreliable or untrue, that would save Paul a lot of time checking, verifying, and notating.
    Het Historische Orgel in Nederland – Dutch organ encyclopedia
    http://www.orgbase.nl – Dutch hobbyist-made website with information similar to Het Historische Orgel
    Church and city archives
    Old newspapers
    https://www.delpher.nl – digital database from the Dutch Royal Library
    Organs (sight visits)
    http://www.dtbob.org/ – Belgian digital organ database","**Note**: The above list is a placeholder to indicate the format. Below is the actual list of competency questions based on the ontology requirements:  

CQ1","I appreciate your message, but I notice that you haven't provided an actual CQ (Competency Question) to annotate. Your message contains the scenario and instructions, but the CQ itself is missing or marked as a placeholder.

Please provide the specific CQ you'd like me to annotate, and I'll identify any superfluous elements following the rules:

1. Check",4,"I appreciate your message, but I notice that you haven't provided an actual CQ (Competency Question) to annotate. Your message contains the scenario and instructions, but the CQ itself is missing or marked as a placeholder.

Please provide the specific CQ you'd like me to annotate, and I'll identify any superfluous elements following the rules:

1. Check",,Not Justified,llm
IB_WHOW_CVN,Gold,A circular value network has some process which outlines work done by different actors in this network,What CVN:s are this process used in?,"2: CVN:s, used in",2,"CVN:s, used in",,Not Justified,llm
IB_WHOW_CVN,OntoChat,A circular value network has some process which outlines work done by different actors in this network,What are the key components of the circular value network?,1: key components,1,key components,,Not Justified,llm
IB_WHOW_CVN,Gold,"A product is made up of components, which in turn are made up of materials that have a certain properties, and provenance.",What is the composition of this material?,1: composition,1,composition,,Justified,llm
IB_WHOW_CVN,OntoChat,"An inventory consists of products (materials) and their quantities and locations, and is produced before dismantling. A product can be resold, refurbished, or enter into a take-back system, after dismantling, by some actors (e.g. building owner, or manufacturer).",How are products categorized in the inventory before dismantling?,1: categorized,1,categorized,,Justified,llm
IB_WHOW_CVN,Gold,"Based on the fact that I have the evening off, that it is going to rain, and that I like to go to the movies on my free-time, the system finds a film that I could see tonight.","What events of a specific event category, e.g. movies, are available during a certain time period?","3: events, event category, time period",3,"events, event category, time period",,Justified,llm
IB_WHOW_CVN,Gold,"Based on the fact that I have the evening off, that it is going to rain, and that I like to go to the movies on my free-time, the system finds a film that I could see tonight.","What is the most suitable event to propose to the user for a certain time period, based on the weather, the calendar and the user's preferences?","3: most suitable event, propose, calendar",3,"most suitable event, propose, calendar",,Justified,llm
IB_WHOW_CVN,Gold,For each piece of work an actor does for a certain part of a circular value network there are specific competencies tied to being able to do that work.,What actors hold this competency?,1: hold,1,hold,,Justified,llm
IB_WHOW_CVN,Gold,"I am alone in the bathroom. I am standing facing the mirror with the electric toothbrush in my hand, hence, the system recognizes that I am brushing my teeth.",Who is where in this indoor location?,"2: who, indoor location",2,"who, indoor location",,Justified,llm
IB_WHOW_CVN,Gold,"I am alone in the bathroom. I am standing facing the mirror with the electric toothbrush in my hand, hence, the system recognizes that I am brushing my teeth.",What sensor data is known about this user's context?,1: sensor data,1,sensor data,,Justified,llm
IB_WHOW_CVN,OntoChat,"I am alone in the bathroom. I am standing facing the mirror with the electric toothbrush in my hand, hence, the system recognizes that I am brushing my teeth.",What activity is typically associated with holding an electric toothbrush?,1: typically associated,1,typically associated,,Not Justified,llm
IB_WHOW_CVN,OntoChat,"I am alone in the bathroom. I am standing facing the mirror with the electric toothbrush in my hand, hence, the system recognizes that I am brushing my teeth.",What action is the person likely performing in front of the mirror?,1: likely,1,likely,,Justified,llm
IB_WHOW_CVN,Gold,I am living in Berlin and I like to get the local weather displayed in the morning as soon as I am brushing my teeth.,Where does this user live/where does the system run?,1: system run,1,system run,,Justified,llm
IB_WHOW_CVN,Gold,I am living in Berlin and I like to get the local weather displayed in the morning as soon as I am brushing my teeth.,What is the system action preferred by this user in this particular context?,"2: system action, preferred",2,"system action, preferred",,Justified,llm
IB_WHOW_CVN,OntoChat,I am living in Berlin and I like to get the local weather displayed in the morning as soon as I am brushing my teeth.,When should the local weather be displayed?,1: when,1,when,,Justified,llm
IB_WHOW_CVN,OntoChat,I am living in Berlin and I like to get the local weather displayed in the morning as soon as I am brushing my teeth.,Where do you live?,1: live,1,live,,Justified,llm
IB_WHOW_CVN,OntoChat,I am living in Berlin and I like to get the local weather displayed in the morning as soon as I am brushing my teeth.,What is your morning routine?,1: morning routine,1,morning routine,,Justified,llm
IB_WHOW_CVN,OntoChat,I am living in Berlin and I like to get the local weather displayed in the morning as soon as I am brushing my teeth.,How do you prefer to receive the local weather information?,1: prefer,1,prefer,,Justified,llm
IB_WHOW_CVN,Gold,"I like going to the movies when it is raining, and I especially like to see action movies.",What are the preferred movie categories of the current user?,1: preferred movie categories,1,preferred movie categories,,Justified,llm
IB_WHOW_CVN,Gold,"I like going to the movies when it is raining, and I especially like to see action movies.",What does this user prefer to do in a certain situation?,"2: prefer, certain situation",2,"prefer, certain situation",,Justified,llm
IB_WHOW_CVN,OntoChat,"I like going to the movies when it is raining, and I especially like to see action movies.",When does the user like to go to the movies?,1: when,1,when,,Justified,llm
IB_WHOW_CVN,OntoChat,"I like going to the movies when it is raining, and I especially like to see action movies.",What is the user's preference for movie genres?,1: preference,1,preference,,Justified,llm
IB_WHOW_CVN,OntoChat,"I like going to the movies when it is raining, and I especially like to see action movies.",What is the user's favorite movie genre?,1: favorite,1,favorite,,Justified,llm
IB_WHOW_CVN,Gold,I was brushing my teeth in the bathroom on Thursday morning. Morning is between 6 and 10am according to the current user.,What did the user do previously?,1: previously,1,previously,,Not Justified,llm
IB_WHOW_CVN,Gold,I was brushing my teeth in the bathroom on Thursday morning. Morning is between 6 and 10am according to the current user.,At what time and day of the week did a certain event occur?,"2: time, certain event",2,"time, certain event",,Not Justified,llm
IB_WHOW_CVN,Gold,I was brushing my teeth in the bathroom on Thursday morning. Morning is between 6 and 10am according to the current user.,"What ""abstract time"" (e.g. ""morning"") is it now according to this particular user?",1: now,1,now,,Justified,llm
IB_WHOW_CVN,OntoChat,I was brushing my teeth in the bathroom on Thursday morning. Morning is between 6 and 10am according to the current user.,When was the user brushing their teeth?,1: when,1,when,,Justified,llm
IB_WHOW_CVN,Gold,"Recycling of a product may depend on its material composition, efficiency of recycling.",What is the chemical composition of this material?,1: chemical composition,1,chemical composition,,Justified,llm
IB_WHOW_CVN,OntoChat,"Recycling of a product may depend on its material composition, efficiency of recycling.",What factors influence the decision to recycle a product based on its material composition?,1: decision,1,decision,,Justified,llm
IB_WHOW_CVN,Gold,"The system asks me if I want to order tickets to a proposed event if there are tickets available. I am presented with a set of ticket options, and get to select the time of the show, the seat I want at the movie theatre. Finally, I pay by credit card.","What are the options available for this event category/specific event (i.e. what can be customized by the user, e.g. seat selection and time of show for a movie)?",1: event category/specific event,1,event category/specific event,,Justified,llm
IB_WHOW_CVN,Gold,"The system asks me if I want to order tickets to a proposed event if there are tickets available. I am presented with a set of ticket options, and get to select the time of the show, the seat I want at the movie theatre. Finally, I pay by credit card.",What is the default value of this option for this user in this context?,"3: default value, user, context",3,"default value, user, context",,Not Justified,llm
IB_WHOW_CVN,Gold,"There are many different weather services available online, I prefer www.yr.no. My preferred configuration of the service is the weather service for Berlin with the current 3-day prognosis.",What is the weather service providing this personalized weather information?,1: personalized,1,personalized,,Justified,llm
IB_WHOW_CVN,Gold,"There are many different weather services available online, I prefer www.yr.no. My preferred configuration of the service is the weather service for Berlin with the current 3-day prognosis.",What are the attributes of this weather service?,1: attributes,1,attributes,,Justified,llm
IB_WHOW_CVN,Gold,"There are many different weather services available online, I prefer www.yr.no. My preferred configuration of the service is the weather service for Berlin with the current 3-day prognosis.",What attribute values for the weather service are to be used in order to derive the personalized weather information for this user?,"2: attribute values, personalized",2,"attribute values, personalized",,Justified,llm
IB_WHOW_CVN,OntoChat,"There are many different weather services available online, I prefer www.yr.no. My preferred configuration of the service is the weather service for Berlin with the current 3-day prognosis.",Which location's weather service is preferred?,1: location's,1,location's,,Justified,llm
IB_WHOW_CVN,OntoChat,"There are many different weather services available online, I prefer www.yr.no. My preferred configuration of the service is the weather service for Berlin with the current 3-day prognosis.",What is the duration of the weather prognosis?,1: duration,1,duration,,Justified,llm
IB_WHOW_CVN,Gold,"There are several actors involved in a construction use case/circular value flow, each holding some roles in a certain material flow.",What are the roles of this actor in this network?,1: network,1,network,,Justified,llm
IB_WHOW_CVN,Gold,"There are several actors involved in a construction use case/circular value flow, each holding some roles in a certain material flow.",What are the actors involved in this value network?,1: network,1,network,,Justified,llm
IB_WHOW_CVN,OntoChat,"There are several actors involved in a construction use case/circular value flow, each holding some roles in a certain material flow.",What are the specific responsibilities of each actor in the construction use case/circular value flow?,1: specific responsibilities,1,specific responsibilities,,Not Justified,llm
IB_WHOW_CVN,Gold,"There is a sneak preview of an action film called ""X-men"" today at 8pm at CinemaOne.",What is the start and end time of this event?,1: end time,1,end time,,Not Justified,llm
IB_WHOW_CVN,Gold,"There is a sneak preview of an action film called ""X-men"" today at 8pm at CinemaOne.",What are the attributes of this event category (e.g. a movie has a genre and a set of actors)?,"2: attributes, event category",2,"attributes, event category",,Justified,llm
IB_WHOW_CVN,Gold,"There is a sneak preview of an action film called ""X-men"" today at 8pm at CinemaOne.",What are the attribute values for this event?,1: attribute values,1,attribute values,,Justified,llm
IB_WHOW_CVN,OntoChat,"There is a sneak preview of an action film called ""X-men"" today at 8pm at CinemaOne.",Who is hosting the sneak preview?,1: hosting,1,hosting,,Not Justified,llm
IB_WHOW_CVN,Gold,"Today my calendar contains a meeting at noon, but then I have the afternoon and evening off.",What bookings does the user's calendar contain during a certain time period?,1: bookings,1,bookings,,Justified,llm
IB_WHOW_CVN,OntoChat,"Today my calendar contains a meeting at noon, but then I have the afternoon and evening off.",How is the user's day structured based on the provided information?,1: structured,1,structured,,Justified,llm
IB_WHOW_CVN,Gold,"When I am standing in front of the mirror brushing my teeth the weather is displayed as graphics on the mirror, but when I walk around the bathroom it is read out through the loudspeakers.",What devices are available in this indoor location?,1: devices,1,devices,,Justified,llm
IB_WHOW_CVN,Gold,"When I am standing in front of the mirror brushing my teeth the weather is displayed as graphics on the mirror, but when I walk around the bathroom it is read out through the loudspeakers.",Using what device and what functionality of that device should this content be displayed?,"2: device, functionality",2,"device, functionality",,Justified,llm
IB_WHOW_CVN,Gold,"When I am standing in front of the mirror brushing my teeth the weather is displayed as graphics on the mirror, but when I walk around the bathroom it is read out through the loudspeakers.","How should this content be presented, given the user's context?",1: user's context,1,user's context,,Justified,llm
IB_WHOW_CVN,OntoChat,"When I am standing in front of the mirror brushing my teeth the weather is displayed as graphics on the mirror, but when I walk around the bathroom it is read out through the loudspeakers.",What triggers the weather information to be displayed on the mirror?,1: triggers,1,triggers,,Justified,llm
IB_WHOW_CVN,OntoChat,"When I am standing in front of the mirror brushing my teeth the weather is displayed as graphics on the mirror, but when I walk around the bathroom it is read out through the loudspeakers.",What triggers the weather information to be read out through the loudspeakers?,1: triggers,1,triggers,,Justified,llm
IB_WHOW_CVN,NeoNGPT_GPT4o,"A circular value network consists of one or many actors that are working together towards a common goal. A circular value network holds a value proposition of achieving beneficial outcomes that the actors involved in the network would not be able to achieve in solitude. To reach this goal actors make use of inputs in the form of competencies and resources according to a specified logic. The circular value network outputs are the value proposition in it self, but also the possible secondary values in products, materials or competencies that could be useful in other contexts.",What processes govern the operations of the network?,1: processes,1,processes,,Justified,llm
IB_WHOW_CVN,NeoNGPT_GPT4o,"A circular value network consists of one or many actors that are working together towards a common goal. A circular value network holds a value proposition of achieving beneficial outcomes that the actors involved in the network would not be able to achieve in solitude. To reach this goal actors make use of inputs in the form of competencies and resources according to a specified logic. The circular value network outputs are the value proposition in it self, but also the possible secondary values in products, materials or competencies that could be useful in other contexts.",How is the logic of network operations represented?,1: represented,1,represented,,Not Justified,llm
IB_WHOW_CVN,NeoNGPT_GPT4o,"A circular value network consists of one or many actors that are working together towards a common goal. A circular value network holds a value proposition of achieving beneficial outcomes that the actors involved in the network would not be able to achieve in solitude. To reach this goal actors make use of inputs in the form of competencies and resources according to a specified logic. The circular value network outputs are the value proposition in it self, but also the possible secondary values in products, materials or competencies that could be useful in other contexts.",How does the network accommodate changes in actor roles or resources?,1: accommodate changes,1,accommodate changes,,Not Justified,llm
IB_WHOW_CVN,NeoNGPT_GPT4o,"A circular value network consists of one or many actors that are working together towards a common goal. A circular value network holds a value proposition of achieving beneficial outcomes that the actors involved in the network would not be able to achieve in solitude. To reach this goal actors make use of inputs in the form of competencies and resources according to a specified logic. The circular value network outputs are the value proposition in it self, but also the possible secondary values in products, materials or competencies that could be useful in other contexts.",What are the criteria for defining a successful value proposition in the network?,1: criteria,1,criteria,,Not Justified,llm
IB_WHOW_CVN,NeoNGPT_GPT4o,"A circular value network consists of one or many actors that are working together towards a common goal. A circular value network holds a value proposition of achieving beneficial outcomes that the actors involved in the network would not be able to achieve in solitude. To reach this goal actors make use of inputs in the form of competencies and resources according to a specified logic. The circular value network outputs are the value proposition in it self, but also the possible secondary values in products, materials or competencies that could be useful in other contexts.",How can the ontology support decision-making processes within the network?,1: decision-making processes,1,decision-making processes,,Not Justified,llm
IB_WHOW_CVN,NeoNGPT_GPT4o,"A circular value network consists of one or many actors that are working together towards a common goal. A circular value network holds a value proposition of achieving beneficial outcomes that the actors involved in the network would not be able to achieve in solitude. To reach this goal actors make use of inputs in the form of competencies and resources according to a specified logic. The circular value network outputs are the value proposition in it self, but also the possible secondary values in products, materials or competencies that could be useful in other contexts.",How does the ontology enable interoperability with other systems managing circular economy data?,1: ontology,1,ontology,,Not Justified,llm
IB_WHOW_CVN,NeoNGPT_GPT4o,"A circular value network consists of one or many actors that are working together towards a common goal. A circular value network holds a value proposition of achieving beneficial outcomes that the actors involved in the network would not be able to achieve in solitude. To reach this goal actors make use of inputs in the form of competencies and resources according to a specified logic. The circular value network outputs are the value proposition in it self, but also the possible secondary values in products, materials or competencies that could be useful in other contexts.",What are the potential extensions or refinements that can be made to the ontology?,1: extensions or refinements,1,extensions or refinements,,Not Justified,llm
IB_WHOW_CVN,NeoNGPT_GPT4o,"A circular value network consists of one or many actors that are working together towards a common goal. A circular value network holds a value proposition of achieving beneficial outcomes that the actors involved in the network would not be able to achieve in solitude. To reach this goal actors make use of inputs in the form of competencies and resources according to a specified logic. The circular value network outputs are the value proposition in it self, but also the possible secondary values in products, materials or competencies that could be useful in other contexts.",How does the ontology ensure scalability for networks of varying sizes?,1: ontology,1,ontology,,Not Justified,llm
IB_WHOW_CVN,NeoNGPT_GPT4o,"A circular value network consists of one or many actors that are working together towards a common goal. A circular value network holds a value proposition of achieving beneficial outcomes that the actors involved in the network would not be able to achieve in solitude. To reach this goal actors make use of inputs in the form of competencies and resources according to a specified logic. The circular value network outputs are the value proposition in it self, but also the possible secondary values in products, materials or competencies that could be useful in other contexts.",How can the ontology be used to visualize actor interactions and value flows?,"2: ontology, visualize",2,"ontology, visualize",,Not Justified,llm
IB_WHOW_CVN,NeoNGPT_GPT4o,"A circular value network consists of one or many actors that are working together towards a common goal. A circular value network holds a value proposition of achieving beneficial outcomes that the actors involved in the network would not be able to achieve in solitude. To reach this goal actors make use of inputs in the form of competencies and resources according to a specified logic. The circular value network outputs are the value proposition in it self, but also the possible secondary values in products, materials or competencies that could be useful in other contexts.",What mechanisms are in place for maintaining and updating the ontology?,1: ontology,1,ontology,,Not Justified,llm
IB_WHOW_CVN,NeoNGPT_GPT4o,"A circular value network consists of one or many actors that are working together towards a common goal. A circular value network holds a value proposition of achieving beneficial outcomes that the actors involved in the network would not be able to achieve in solitude. To reach this goal actors make use of inputs in the form of competencies and resources according to a specified logic. The circular value network outputs are the value proposition in it self, but also the possible secondary values in products, materials or competencies that could be useful in other contexts.",How does the ontology support efficient querying and reasoning over large datasets?,1: ontology,1,ontology,,Not Justified,llm
IB_WHOW_CVN,NeoNGPT_GPT4o,A circular value network has some process which outlines work done by different actors in this network,4. How are resources and materials exchanged between actors in the network?,"2: resources, materials",2,"resources, materials",,Not Justified,llm
IB_WHOW_CVN,NeoNGPT_GPT4o,A circular value network has some process which outlines work done by different actors in this network,5. What are the relationships and dependencies between different actors and processes?,"2: relationships, dependencies",2,"relationships, dependencies",,Justified,llm
IB_WHOW_CVN,NeoNGPT_GPT4o,A circular value network has some process which outlines work done by different actors in this network,7. What are the lifecycle stages of a product or material within the network?,"2: lifecycle stages, product or material",2,"lifecycle stages, product or material",,Not Justified,llm
IB_WHOW_CVN,NeoNGPT_GPT4o,A circular value network has some process which outlines work done by different actors in this network,8. How can the ontology support decision-making for optimizing resource flows?,"2: ontology, decision-making",2,"ontology, decision-making",,Not Justified,llm
IB_WHOW_CVN,NeoNGPT_GPT4o,A circular value network has some process which outlines work done by different actors in this network,9. What standards and regulations must be complied with in the circular value network?,"2: standards, regulations",2,"standards, regulations",,Not Justified,llm
IB_WHOW_CVN,NeoNGPT_GPT4o,A circular value network has some process which outlines work done by different actors in this network,10. How can the ontology facilitate interoperability between different systems used by network participants?,"2: ontology, interoperability",2,"ontology, interoperability",,Not Justified,llm
IB_WHOW_CVN,NeoNGPT_GPT4o,A circular value network has some process which outlines work done by different actors in this network,11. What are the key sustainability practices promoted by the circular value network?,1: sustainability practices,1,sustainability practices,,Not Justified,llm
IB_WHOW_CVN,NeoNGPT_GPT4o,A circular value network has some process which outlines work done by different actors in this network,12. How can the ontology be extended to include new actors or processes?,"2: ontology, extended",2,"ontology, extended",,Not Justified,llm
IB_WHOW_CVN,NeoNGPT_GPT4o,A circular value network has some process which outlines work done by different actors in this network,13. What are the criteria for evaluating the performance of the circular value network?,1: criteria,1,criteria,,Not Justified,llm
IB_WHOW_CVN,NeoNGPT_GPT4o,A circular value network has some process which outlines work done by different actors in this network,14. How can the ontology support monitoring and analysis of circular economy practices?,1: ontology,1,ontology,,Not Justified,llm
IB_WHOW_CVN,NeoNGPT_GPT4o,A circular value network has some process which outlines work done by different actors in this network,15. What are the potential bottlenecks or inefficiencies in the current network processes?,1: potential bottlenecks or inefficiencies,1,potential bottlenecks or inefficiencies,,Not Justified,llm
IB_WHOW_CVN,NeoNGPT_GPT4o,A circular value network has some process which outlines work done by different actors in this network,16. How can the ontology help in identifying opportunities for resource optimization?,1: ontology,1,ontology,,Not Justified,llm
IB_WHOW_CVN,NeoNGPT_GPT4o,A circular value network has some process which outlines work done by different actors in this network,17. What are the best practices for maintaining and updating the ontology as the network evolves?,"2: best practices, ontology",2,"best practices, ontology",,Not Justified,llm
IB_WHOW_CVN,NeoNGPT_GPT4o,A circular value network has some process which outlines work done by different actors in this network,18. How does the ontology ensure compliance with relevant standards and best practices?,"2: ontology, compliance with relevant standards and best practices",2,"ontology, compliance with relevant standards and best practices",,Not Justified,llm
IB_WHOW_CVN,NeoNGPT_GPT4o,A circular value network has some process which outlines work done by different actors in this network,19. What are the key metrics for assessing the scalability of the circular value network?,"2: key metrics, scalability",2,"key metrics, scalability",,Not Justified,llm
IB_WHOW_CVN,NeoNGPT_GPT4o,A circular value network has some process which outlines work done by different actors in this network,20. How does the ontology support efficient querying and reasoning over large datasets?,1: ontology,1,ontology,,Not Justified,llm
IB_WHOW_CVN,NeoNGPT_GPT4o,"A manufacturer of a product needs to understand the composition and origin of the materials, as well as their production processes, to mitigate risks in the supply chain, analyse and improve the supply chain, ensure compliance with regulations etc. Although some stakeholders in the supply chain may be unknown, data origin and proof of validity is important.",Which suppliers provide a specific material?,1: suppliers,1,suppliers,,Justified,llm
IB_WHOW_CVN,NeoNGPT_GPT4o,"A manufacturer of a product needs to understand the composition and origin of the materials, as well as their production processes, to mitigate risks in the supply chain, analyse and improve the supply chain, ensure compliance with regulations etc. Although some stakeholders in the supply chain may be unknown, data origin and proof of validity is important.",What inputs and outputs are associated with a specific production process?,1: outputs,1,outputs,,Justified,llm
IB_WHOW_CVN,NeoNGPT_GPT4o,"A manufacturer of a product needs to understand the composition and origin of the materials, as well as their production processes, to mitigate risks in the supply chain, analyse and improve the supply chain, ensure compliance with regulations etc. Although some stakeholders in the supply chain may be unknown, data origin and proof of validity is important.",What are the regulatory requirements applicable to a specific material or process?,1: regulatory requirements,1,regulatory requirements,,Justified,llm
IB_WHOW_CVN,NeoNGPT_GPT4o,"A manufacturer of a product needs to understand the composition and origin of the materials, as well as their production processes, to mitigate risks in the supply chain, analyse and improve the supply chain, ensure compliance with regulations etc. Although some stakeholders in the supply chain may be unknown, data origin and proof of validity is important.",What mitigation strategies can be employed to address identified risks?,1: mitigation strategies,1,mitigation strategies,,Justified,llm
IB_WHOW_CVN,NeoNGPT_GPT4o,"A manufacturer of a product needs to understand the composition and origin of the materials, as well as their production processes, to mitigate risks in the supply chain, analyse and improve the supply chain, ensure compliance with regulations etc. Although some stakeholders in the supply chain may be unknown, data origin and proof of validity is important.",What are the relationships between different materials in terms of composition and usage?,1: usage,1,usage,,Not Justified,llm
IB_WHOW_CVN,NeoNGPT_GPT4o,"A manufacturer of a product needs to understand the composition and origin of the materials, as well as their production processes, to mitigate risks in the supply chain, analyse and improve the supply chain, ensure compliance with regulations etc. Although some stakeholders in the supply chain may be unknown, data origin and proof of validity is important.",How can production processes be optimized for efficiency?,1: optimized for efficiency,1,optimized for efficiency,,Not Justified,llm
IB_WHOW_CVN,NeoNGPT_GPT4o,"A manufacturer of a product needs to understand the composition and origin of the materials, as well as their production processes, to mitigate risks in the supply chain, analyse and improve the supply chain, ensure compliance with regulations etc. Although some stakeholders in the supply chain may be unknown, data origin and proof of validity is important.",What are the key factors affecting supply chain efficiency for a specific product?,1: efficiency,1,efficiency,,Justified,llm
IB_WHOW_CVN,NeoNGPT_GPT4o,"A manufacturer of a product needs to understand the composition and origin of the materials, as well as their production processes, to mitigate risks in the supply chain, analyse and improve the supply chain, ensure compliance with regulations etc. Although some stakeholders in the supply chain may be unknown, data origin and proof of validity is important.",How can data be shared and made interoperable among different stakeholders in the supply chain?,1: interoperable,1,interoperable,,Justified,llm
IB_WHOW_CVN,NeoNGPT_GPT4o,"A manufacturer of a product needs to understand the composition and origin of the materials, as well as their production processes, to mitigate risks in the supply chain, analyse and improve the supply chain, ensure compliance with regulations etc. Although some stakeholders in the supply chain may be unknown, data origin and proof of validity is important.",What are the security measures in place to protect sensitive supply chain information?,1: security measures,1,security measures,,Not Justified,llm
IB_WHOW_CVN,NeoNGPT_GPT4o,"A manufacturer of a product needs to understand the composition and origin of the materials, as well as their production processes, to mitigate risks in the supply chain, analyse and improve the supply chain, ensure compliance with regulations etc. Although some stakeholders in the supply chain may be unknown, data origin and proof of validity is important.",How can the ontology be extended to include new materials or processes?,1: ontology,1,ontology,,Not Justified,llm
IB_WHOW_CVN,NeoNGPT_GPT4o,"A manufacturer of a product needs to understand the composition and origin of the materials, as well as their production processes, to mitigate risks in the supply chain, analyse and improve the supply chain, ensure compliance with regulations etc. Although some stakeholders in the supply chain may be unknown, data origin and proof of validity is important.",What are the performance metrics for querying and data retrieval within the ontology?,"2: performance metrics, ontology",2,"performance metrics, ontology",,Not Justified,llm
IB_WHOW_CVN,NeoNGPT_GPT4o,"A manufacturer of a product needs to understand the composition and origin of the materials, as well as their production processes, to mitigate risks in the supply chain, analyse and improve the supply chain, ensure compliance with regulations etc. Although some stakeholders in the supply chain may be unknown, data origin and proof of validity is important.",How does the ontology ensure scalability as the number of materials and processes grows?,1: ontology,1,ontology,,Not Justified,llm
IB_WHOW_CVN,NeoNGPT_GPT4o,"A manufacturer of a product needs to understand the composition and origin of the materials, as well as their production processes, to mitigate risks in the supply chain, analyse and improve the supply chain, ensure compliance with regulations etc. Although some stakeholders in the supply chain may be unknown, data origin and proof of validity is important.",How user-friendly is the ontology for non-expert users?,1: user-friendly,1,user-friendly,,Not Justified,llm
IB_WHOW_CVN,NeoNGPT_GPT4o,"A product is made up of components, which in turn are made up of materials that have a certain properties, and provenance.",4. What is the chemical composition of a specific material?,1: chemical composition,1,chemical composition,,Not Justified,llm
IB_WHOW_CVN,NeoNGPT_GPT4o,"A product is made up of components, which in turn are made up of materials that have a certain properties, and provenance.",5. What is the hierarchical structure of a given product?,1: hierarchical structure,1,hierarchical structure,,Justified,llm
IB_WHOW_CVN,NeoNGPT_GPT4o,"A product is made up of components, which in turn are made up of materials that have a certain properties, and provenance.",6. From which supplier was a particular material sourced?,1: supplier,1,supplier,,Not Justified,llm
IB_WHOW_CVN,NeoNGPT_GPT4o,"A product is made up of components, which in turn are made up of materials that have a certain properties, and provenance.",7. What is the manufacturing process of a specific material?,1: manufacturing process,1,manufacturing process,,Not Justified,llm
IB_WHOW_CVN,NeoNGPT_GPT4o,"A product is made up of components, which in turn are made up of materials that have a certain properties, and provenance.",10. How can the lifecycle of a particular product be tracked?,1: lifecycle,1,lifecycle,,Justified,llm
IB_WHOW_CVN,NeoNGPT_GPT4o,"A product is made up of components, which in turn are made up of materials that have a certain properties, and provenance.",11. Are there any regulatory standards applicable to a specific product or material?,1: regulatory standards,1,regulatory standards,,Not Justified,llm
IB_WHOW_CVN,NeoNGPT_GPT4o,"A product is made up of components, which in turn are made up of materials that have a certain properties, and provenance.",12. How can compliance with material sourcing regulations be verified?,1: compliance,1,compliance,,Not Justified,llm
IB_WHOW_CVN,NeoNGPT_GPT4o,"A product is made up of components, which in turn are made up of materials that have a certain properties, and provenance.",13. What are the quality control measures for a specific material?,1: quality control measures,1,quality control measures,,Not Justified,llm
IB_WHOW_CVN,NeoNGPT_GPT4o,"A product is made up of components, which in turn are made up of materials that have a certain properties, and provenance.",14. How can the ontology be integrated with existing systems for data exchange?,1: ontology,1,ontology,,Not Justified,llm
IB_WHOW_CVN,NeoNGPT_GPT4o,"A product is made up of components, which in turn are made up of materials that have a certain properties, and provenance.",15. What insights can be derived from querying the ontology about product composition?,1: insights,1,insights,,Not Justified,llm
IB_WHOW_CVN,NeoNGPT_GPT4o,"A product is made up of components, which in turn are made up of materials that have a certain properties, and provenance.",16. How can the ontology support research and development activities?,1: ontology,1,ontology,,Not Justified,llm
IB_WHOW_CVN,NeoNGPT_GPT4o,"A product is made up of components, which in turn are made up of materials that have a certain properties, and provenance.",17. What are the tensile strength and density of a given material?,"2: tensile strength, density",2,"tensile strength, density",,Justified,llm
IB_WHOW_CVN,NeoNGPT_GPT4o,"A product is made up of components, which in turn are made up of materials that have a certain properties, and provenance.",18. How can the ontology be extended to include new types of products or materials?,1: ontology,1,ontology,,Justified,llm
IB_WHOW_CVN,NeoNGPT_GPT4o,"A product is made up of components, which in turn are made up of materials that have a certain properties, and provenance.",20. How can supply chain transparency be ensured through the ontology?,1: supply chain transparency,1,supply chain transparency,,Not Justified,llm
IB_WHOW_CVN,NeoNGPT_GPT4o,"Actors collaborate to achieve the value proposition of the circular value network. Each actor is responsible for one or more pieces of work (in a step) and holds one or more competencies to do that work. Also, actors might or might not hold the necessary infrastructure and resources to perform the work. Each actor is of a certain type, and has a role in the network.",What competencies are required for each role within the network?,1: role,1,role,,Justified,llm
IB_WHOW_CVN,NeoNGPT_GPT4o,"Actors collaborate to achieve the value proposition of the circular value network. Each actor is responsible for one or more pieces of work (in a step) and holds one or more competencies to do that work. Also, actors might or might not hold the necessary infrastructure and resources to perform the work. Each actor is of a certain type, and has a role in the network.",What resources and infrastructure are necessary for each step in the value network process?,1: necessary,1,necessary,,Justified,llm
IB_WHOW_CVN,NeoNGPT_GPT4o,"Actors collaborate to achieve the value proposition of the circular value network. Each actor is responsible for one or more pieces of work (in a step) and holds one or more competencies to do that work. Also, actors might or might not hold the necessary infrastructure and resources to perform the work. Each actor is of a certain type, and has a role in the network.",How are different types of actors related to each other within the network?,1: related to each other,1,related to each other,,Justified,llm
IB_WHOW_CVN,NeoNGPT_GPT4o,"Actors collaborate to achieve the value proposition of the circular value network. Each actor is responsible for one or more pieces of work (in a step) and holds one or more competencies to do that work. Also, actors might or might not hold the necessary infrastructure and resources to perform the work. Each actor is of a certain type, and has a role in the network.",What are the steps involved in achieving the value proposition of the network?,1: steps,1,steps,,Justified,llm
IB_WHOW_CVN,NeoNGPT_GPT4o,"Actors collaborate to achieve the value proposition of the circular value network. Each actor is responsible for one or more pieces of work (in a step) and holds one or more competencies to do that work. Also, actors might or might not hold the necessary infrastructure and resources to perform the work. Each actor is of a certain type, and has a role in the network.",How are roles assigned to actors based on their competencies and available resources?,1: assigned,1,assigned,,Justified,llm
IB_WHOW_CVN,NeoNGPT_GPT4o,"Actors collaborate to achieve the value proposition of the circular value network. Each actor is responsible for one or more pieces of work (in a step) and holds one or more competencies to do that work. Also, actors might or might not hold the necessary infrastructure and resources to perform the work. Each actor is of a certain type, and has a role in the network.",How can the ontology support interoperability with other systems related to circular economy initiatives?,1: interoperability,1,interoperability,,Not Justified,llm
IB_WHOW_CVN,NeoNGPT_GPT4o,"Actors collaborate to achieve the value proposition of the circular value network. Each actor is responsible for one or more pieces of work (in a step) and holds one or more competencies to do that work. Also, actors might or might not hold the necessary infrastructure and resources to perform the work. Each actor is of a certain type, and has a role in the network.",What potential scenarios and outcomes can be modeled using the ontology?,"1: potential scenarios, outcomes, modeled, ontology",1,"potential scenarios, outcomes, modeled, ontology",,Not Justified,llm
IB_WHOW_CVN,NeoNGPT_GPT4o,"Actors collaborate to achieve the value proposition of the circular value network. Each actor is responsible for one or more pieces of work (in a step) and holds one or more competencies to do that work. Also, actors might or might not hold the necessary infrastructure and resources to perform the work. Each actor is of a certain type, and has a role in the network.",How can the ontology facilitate decision-making processes within the network?,1: decision-making processes,1,decision-making processes,,Not Justified,llm
IB_WHOW_CVN,NeoNGPT_GPT4o,"Actors collaborate to achieve the value proposition of the circular value network. Each actor is responsible for one or more pieces of work (in a step) and holds one or more competencies to do that work. Also, actors might or might not hold the necessary infrastructure and resources to perform the work. Each actor is of a certain type, and has a role in the network.","How does the ontology enable automated reasoning about roles, competencies, and resources?",1: ontology,1,ontology,,Not Justified,llm
IB_WHOW_CVN,NeoNGPT_GPT4o,"Actors collaborate to achieve the value proposition of the circular value network. Each actor is responsible for one or more pieces of work (in a step) and holds one or more competencies to do that work. Also, actors might or might not hold the necessary infrastructure and resources to perform the work. Each actor is of a certain type, and has a role in the network.",What shared vocabulary does the ontology provide for stakeholders in circular value networks?,1: shared vocabulary,1,shared vocabulary,,Not Justified,llm
IB_WHOW_CVN,NeoNGPT_GPT4o,"Actors collaborate to achieve the value proposition of the circular value network. Each actor is responsible for one or more pieces of work (in a step) and holds one or more competencies to do that work. Also, actors might or might not hold the necessary infrastructure and resources to perform the work. Each actor is of a certain type, and has a role in the network.",How can the ontology be extended or modified to accommodate future changes in the network?,1: ontology,1,ontology,,Not Justified,llm
IB_WHOW_CVN,NeoNGPT_GPT4o,"Actors collaborate to achieve the value proposition of the circular value network. Each actor is responsible for one or more pieces of work (in a step) and holds one or more competencies to do that work. Also, actors might or might not hold the necessary infrastructure and resources to perform the work. Each actor is of a certain type, and has a role in the network.",How does the ontology ensure compliance with relevant standards and best practices in the circular economy domain?,1: ontology,1,ontology,,Not Justified,llm
IB_WHOW_CVN,NeoNGPT_GPT4o,"An inventory consists of products (materials) and their quantities and locations, and is produced before dismantling. A product can be resold, refurbished, or enter into a take-back system, after dismantling, by some actors (e.g. building owner, or manufacturer).",2. Which processes are involved in the dismantling of a particular product?,1: processes,1,processes,,Justified,llm
IB_WHOW_CVN,NeoNGPT_GPT4o,"An inventory consists of products (materials) and their quantities and locations, and is produced before dismantling. A product can be resold, refurbished, or enter into a take-back system, after dismantling, by some actors (e.g. building owner, or manufacturer).","4. Who are the actors involved in the lifecycle of a specific product, and what are their roles?","2: lifecycle, roles",2,"lifecycle, roles",,Justified,llm
IB_WHOW_CVN,NeoNGPT_GPT4o,"An inventory consists of products (materials) and their quantities and locations, and is produced before dismantling. A product can be resold, refurbished, or enter into a take-back system, after dismantling, by some actors (e.g. building owner, or manufacturer).",6. What decision-making pathways exist for determining the end-of-life options for a product?,1: decision-making pathways,1,decision-making pathways,,Not Justified,llm
IB_WHOW_CVN,NeoNGPT_GPT4o,"An inventory consists of products (materials) and their quantities and locations, and is produced before dismantling. A product can be resold, refurbished, or enter into a take-back system, after dismantling, by some actors (e.g. building owner, or manufacturer).",7. How can data be exchanged between different systems and stakeholders regarding a product's lifecycle?,"2: exchanged, lifecycle",2,"exchanged, lifecycle",,Not Justified,llm
IB_WHOW_CVN,NeoNGPT_GPT4o,"An inventory consists of products (materials) and their quantities and locations, and is produced before dismantling. A product can be resold, refurbished, or enter into a take-back system, after dismantling, by some actors (e.g. building owner, or manufacturer).",8. What are the relationships between building owners and manufacturers in the context of product lifecycle management?,"2: relationships, product lifecycle management",2,"relationships, product lifecycle management",,Justified,llm
IB_WHOW_CVN,NeoNGPT_GPT4o,"An inventory consists of products (materials) and their quantities and locations, and is produced before dismantling. A product can be resold, refurbished, or enter into a take-back system, after dismantling, by some actors (e.g. building owner, or manufacturer).",9. How does the ontology support inventory management decisions regarding product end-of-life options?,1: ontology,1,ontology,,Not Justified,llm
IB_WHOW_CVN,NeoNGPT_GPT4o,"An inventory consists of products (materials) and their quantities and locations, and is produced before dismantling. A product can be resold, refurbished, or enter into a take-back system, after dismantling, by some actors (e.g. building owner, or manufacturer).",10. What are the sustainability implications of different product lifecycle processes?,1: sustainability implications,1,sustainability implications,,Not Justified,llm
IB_WHOW_CVN,NeoNGPT_GPT4o,"An inventory consists of products (materials) and their quantities and locations, and is produced before dismantling. A product can be resold, refurbished, or enter into a take-back system, after dismantling, by some actors (e.g. building owner, or manufacturer).",11. How can the ontology facilitate automated tracking of product lifecycles?,1: ontology,1,ontology,,Not Justified,llm
IB_WHOW_CVN,NeoNGPT_GPT4o,"An inventory consists of products (materials) and their quantities and locations, and is produced before dismantling. A product can be resold, refurbished, or enter into a take-back system, after dismantling, by some actors (e.g. building owner, or manufacturer).",12. What standards and best practices does the ontology comply with in terms of semantic web technologies?,"5: standards, best practices, ontology, comply, semantic web technologies",5,"standards, best practices, ontology, comply, semantic web technologies",,Not Justified,llm
IB_WHOW_CVN,NeoNGPT_GPT4o,"An inventory consists of products (materials) and their quantities and locations, and is produced before dismantling. A product can be resold, refurbished, or enter into a take-back system, after dismantling, by some actors (e.g. building owner, or manufacturer).",13. How can the ontology be extended to accommodate new requirements or changes in the domain?,1: ontology,1,ontology,,Not Justified,llm
IB_WHOW_CVN,NeoNGPT_GPT4o,"An inventory consists of products (materials) and their quantities and locations, and is produced before dismantling. A product can be resold, refurbished, or enter into a take-back system, after dismantling, by some actors (e.g. building owner, or manufacturer).",14. What are the performance metrics for querying and reasoning over large datasets within the ontology?,1: performance metrics,1,performance metrics,,Not Justified,llm
IB_WHOW_CVN,NeoNGPT_GPT4o,"An inventory consists of products (materials) and their quantities and locations, and is produced before dismantling. A product can be resold, refurbished, or enter into a take-back system, after dismantling, by some actors (e.g. building owner, or manufacturer).",15. How does the ontology ensure scalability for large inventories and complex lifecycle processes?,"2: ontology, scalability",2,"ontology, scalability",,Not Justified,llm
IB_WHOW_CVN,NeoNGPT_GPT4o,"An inventory consists of products (materials) and their quantities and locations, and is produced before dismantling. A product can be resold, refurbished, or enter into a take-back system, after dismantling, by some actors (e.g. building owner, or manufacturer).",16. What guidelines and documentation are available to assist non-experts in using the ontology?,"2: guidelines, documentation",2,"guidelines, documentation",,Not Justified,llm
IB_WHOW_CVN,NeoNGPT_GPT4o,"An inventory consists of products (materials) and their quantities and locations, and is produced before dismantling. A product can be resold, refurbished, or enter into a take-back system, after dismantling, by some actors (e.g. building owner, or manufacturer).",17. How can the ontology support environmental agencies and policymakers in promoting sustainable practices?,"2: ontology, sustainable practices",2,"ontology, sustainable practices",,Not Justified,llm
IB_WHOW_CVN,NeoNGPT_GPT4o,"An inventory consists of products (materials) and their quantities and locations, and is produced before dismantling. A product can be resold, refurbished, or enter into a take-back system, after dismantling, by some actors (e.g. building owner, or manufacturer).",18. What are the roles of software developers and system integrators in implementing the ontology for inventory management?,"2: software developers, system integrators",2,"software developers, system integrators",,Not Justified,llm
IB_WHOW_CVN,NeoNGPT_GPT4o,"An inventory consists of products (materials) and their quantities and locations, and is produced before dismantling. A product can be resold, refurbished, or enter into a take-back system, after dismantling, by some actors (e.g. building owner, or manufacturer).",20. What are the criteria for determining the most sustainable end-of-life option for a product?,1: criteria,1,criteria,,Not Justified,llm
IB_WHOW_CVN,NeoNGPT_GPT4o,"Based on the fact that I have the evening off, that it is going to rain, and that I like to go to the movies on my free-time, the system finds a film that I could see tonight.",What are the favorite movie genres of a specific user?,1: favorite movie genres,1,favorite movie genres,,Not Justified,llm
IB_WHOW_CVN,NeoNGPT_GPT4o,"Based on the fact that I have the evening off, that it is going to rain, and that I like to go to the movies on my free-time, the system finds a film that I could see tonight.",Which movies has a user watched in the past?,1: watched in the past,1,watched in the past,,Not Justified,llm
IB_WHOW_CVN,NeoNGPT_GPT4o,"Based on the fact that I have the evening off, that it is going to rain, and that I like to go to the movies on my free-time, the system finds a film that I could see tonight.",What are the current weather conditions in a user's location?,1: user's location,1,user's location,,Not Justified,llm
IB_WHOW_CVN,NeoNGPT_GPT4o,"Based on the fact that I have the evening off, that it is going to rain, and that I like to go to the movies on my free-time, the system finds a film that I could see tonight.",How does the current weather influence movie recommendations for a user?,1: weather,1,weather,,Justified,llm
IB_WHOW_CVN,NeoNGPT_GPT4o,"Based on the fact that I have the evening off, that it is going to rain, and that I like to go to the movies on my free-time, the system finds a film that I could see tonight.",What movies are currently available in local cinemas?,1: local cinemas,1,local cinemas,,Not Justified,llm
IB_WHOW_CVN,NeoNGPT_GPT4o,"Based on the fact that I have the evening off, that it is going to rain, and that I like to go to the movies on my free-time, the system finds a film that I could see tonight.",What are the showtimes for a specific movie at a local cinema?,"2: showtimes, local cinema",2,"showtimes, local cinema",,Justified,llm
IB_WHOW_CVN,NeoNGPT_GPT4o,"Based on the fact that I have the evening off, that it is going to rain, and that I like to go to the movies on my free-time, the system finds a film that I could see tonight.",Which movies match a user's preferences based on genre and cast?,"2: preferences, cast",2,"preferences, cast",,Not Justified,llm
IB_WHOW_CVN,NeoNGPT_GPT4o,"Based on the fact that I have the evening off, that it is going to rain, and that I like to go to the movies on my free-time, the system finds a film that I could see tonight.",What is the duration and rating of a specific movie?,"2: duration, rating",2,"duration, rating",,Not Justified,llm
IB_WHOW_CVN,NeoNGPT_GPT4o,"Based on the fact that I have the evening off, that it is going to rain, and that I like to go to the movies on my free-time, the system finds a film that I could see tonight.",Who is the director of a specific movie?,1: director,1,director,,Not Justified,llm
IB_WHOW_CVN,NeoNGPT_GPT4o,"Based on the fact that I have the evening off, that it is going to rain, and that I like to go to the movies on my free-time, the system finds a film that I could see tonight.",What are the current date and time?,"2: current date, time",2,"current date, time",,Not Justified,llm
IB_WHOW_CVN,NeoNGPT_GPT4o,"Based on the fact that I have the evening off, that it is going to rain, and that I like to go to the movies on my free-time, the system finds a film that I could see tonight.",How can user preferences be updated in the ontology?,1: preferences,1,preferences,,Not Justified,llm
IB_WHOW_CVN,NeoNGPT_GPT4o,"Based on the fact that I have the evening off, that it is going to rain, and that I like to go to the movies on my free-time, the system finds a film that I could see tonight.",What movies are recommended for a user on a rainy evening?,1: recommended,1,recommended,,Justified,llm
IB_WHOW_CVN,NeoNGPT_GPT4o,"Based on the fact that I have the evening off, that it is going to rain, and that I like to go to the movies on my free-time, the system finds a film that I could see tonight.",How can the ontology integrate with external weather data sources?,"1: ontology, integrate, external weather data sources",1,"ontology, integrate, external weather data sources",,Not Justified,llm
IB_WHOW_CVN,NeoNGPT_GPT4o,"Based on the fact that I have the evening off, that it is going to rain, and that I like to go to the movies on my free-time, the system finds a film that I could see tonight.",How can the ontology integrate with cinema schedule databases?,1: ontology,1,ontology,,Not Justified,llm
IB_WHOW_CVN,NeoNGPT_GPT4o,"Based on the fact that I have the evening off, that it is going to rain, and that I like to go to the movies on my free-time, the system finds a film that I could see tonight.",What are the top-rated movies in a specific genre?,"2: top-rated, genre",2,"top-rated, genre",,Not Justified,llm
IB_WHOW_CVN,NeoNGPT_GPT4o,"Based on the fact that I have the evening off, that it is going to rain, and that I like to go to the movies on my free-time, the system finds a film that I could see tonight.",How can the ontology support reasoning to match user preferences with available movies?,1: ontology,1,ontology,,Not Justified,llm
IB_WHOW_CVN,NeoNGPT_GPT4o,"Based on the fact that I have the evening off, that it is going to rain, and that I like to go to the movies on my free-time, the system finds a film that I could see tonight.",How can user data be securely managed within the ontology?,1: user data,1,user data,,Not Justified,llm
IB_WHOW_CVN,NeoNGPT_GPT4o,"Based on the fact that I have the evening off, that it is going to rain, and that I like to go to the movies on my free-time, the system finds a film that I could see tonight.",How can the ontology be extended to include new movie attributes?,1: ontology,1,ontology,,Not Justified,llm
IB_WHOW_CVN,NeoNGPT_GPT4o,"Based on the fact that I have the evening off, that it is going to rain, and that I like to go to the movies on my free-time, the system finds a film that I could see tonight.",How can the ontology ensure interoperability with existing entertainment platforms?,"2: ontology, interoperability",2,"ontology, interoperability",,Not Justified,llm
IB_WHOW_CVN,NeoNGPT_GPT4o,"Based on the fact that I have the evening off, that it is going to rain, and that I like to go to the movies on my free-time, the system finds a film that I could see tonight.",How can the ontology handle a large number of users and movies efficiently?,"2: ontology, large number of users",2,"ontology, large number of users",,Not Justified,llm
IB_WHOW_CVN,NeoNGPT_GPT4o,"Each circular value network has certain inputs that drive the work of that network. Inputs could be in the form of products, components, and materials, and could also be the outputs coming from another circular value network. Inputs also apply to phases, steps, and work inside the network.",What are the main inputs and outputs within a specific circular value network?,1: main,1,main,,Justified,llm
IB_WHOW_CVN,NeoNGPT_GPT4o,"Each circular value network has certain inputs that drive the work of that network. Inputs could be in the form of products, components, and materials, and could also be the outputs coming from another circular value network. Inputs also apply to phases, steps, and work inside the network.",How can the lifecycle of a specific product be tracked within the network?,1: lifecycle,1,lifecycle,,Justified,llm
IB_WHOW_CVN,NeoNGPT_GPT4o,"Each circular value network has certain inputs that drive the work of that network. Inputs could be in the form of products, components, and materials, and could also be the outputs coming from another circular value network. Inputs also apply to phases, steps, and work inside the network.",How can the ontology be queried to extract insights about material flow?,1: ontology,1,ontology,,Not Justified,llm
IB_WHOW_CVN,NeoNGPT_GPT4o,"Each circular value network has certain inputs that drive the work of that network. Inputs could be in the form of products, components, and materials, and could also be the outputs coming from another circular value network. Inputs also apply to phases, steps, and work inside the network.",What are the potential points of integration with existing systems and data sources?,1: integration,1,integration,,Not Justified,llm
IB_WHOW_CVN,NeoNGPT_GPT4o,"Each circular value network has certain inputs that drive the work of that network. Inputs could be in the form of products, components, and materials, and could also be the outputs coming from another circular value network. Inputs also apply to phases, steps, and work inside the network.",How can the ontology support decision-making processes in circular value networks?,1: ontology,1,ontology,,Not Justified,llm
IB_WHOW_CVN,NeoNGPT_GPT4o,"Each circular value network has certain inputs that drive the work of that network. Inputs could be in the form of products, components, and materials, and could also be the outputs coming from another circular value network. Inputs also apply to phases, steps, and work inside the network.",What are the classifications of inputs and outputs in the network?,1: classifications,1,classifications,,Not Justified,llm
IB_WHOW_CVN,NeoNGPT_GPT4o,"Each circular value network has certain inputs that drive the work of that network. Inputs could be in the form of products, components, and materials, and could also be the outputs coming from another circular value network. Inputs also apply to phases, steps, and work inside the network.",How does the ontology facilitate interoperability between different systems?,"1: ontology, interoperability, systems",1,"ontology, interoperability, systems",,Not Justified,llm
IB_WHOW_CVN,NeoNGPT_GPT4o,"Each circular value network has certain inputs that drive the work of that network. Inputs could be in the form of products, components, and materials, and could also be the outputs coming from another circular value network. Inputs also apply to phases, steps, and work inside the network.",What insights can be gained from analyzing the relationships between networks?,1: insights,1,insights,,Not Justified,llm
IB_WHOW_CVN,NeoNGPT_GPT4o,"Each circular value network has certain inputs that drive the work of that network. Inputs could be in the form of products, components, and materials, and could also be the outputs coming from another circular value network. Inputs also apply to phases, steps, and work inside the network.",How can the ontology be extended to include new entities or relationships?,1: ontology,1,ontology,,Not Justified,llm
IB_WHOW_CVN,NeoNGPT_GPT4o,"Each circular value network has certain inputs that drive the work of that network. Inputs could be in the form of products, components, and materials, and could also be the outputs coming from another circular value network. Inputs also apply to phases, steps, and work inside the network.",What standards and best practices does the ontology comply with?,1: standards and best practices,1,standards and best practices,,Not Justified,llm
IB_WHOW_CVN,NeoNGPT_GPT4o,"Each circular value network has certain inputs that drive the work of that network. Inputs could be in the form of products, components, and materials, and could also be the outputs coming from another circular value network. Inputs also apply to phases, steps, and work inside the network.",How does the ontology support scalability for large datasets and complex networks?,"2: ontology, scalability",2,"ontology, scalability",,Not Justified,llm
IB_WHOW_CVN,NeoNGPT_GPT4o,"Each circular value network has certain inputs that drive the work of that network. Inputs could be in the form of products, components, and materials, and could also be the outputs coming from another circular value network. Inputs also apply to phases, steps, and work inside the network.",What are the usability features of the ontology for non-technical users?,1: usability features,1,usability features,,Not Justified,llm
IB_WHOW_CVN,NeoNGPT_GPT4o,"Each circular value network has certain inputs that drive the work of that network. Inputs could be in the form of products, components, and materials, and could also be the outputs coming from another circular value network. Inputs also apply to phases, steps, and work inside the network.",How efficient is the ontology in querying and data retrieval?,"2: ontology, querying and data retrieval",2,"ontology, querying and data retrieval",,Not Justified,llm
IB_WHOW_CVN,NeoNGPT_GPT4o,"Each circular value network has certain inputs that drive the work of that network. Inputs could be in the form of products, components, and materials, and could also be the outputs coming from another circular value network. Inputs also apply to phases, steps, and work inside the network.",What are the key components of a sustainable production process within the network?,1: sustainable production process,1,sustainable production process,,Not Justified,llm
IB_WHOW_CVN,NeoNGPT_GPT4o,"Each circular value network has certain inputs that drive the work of that network. Inputs could be in the form of products, components, and materials, and could also be the outputs coming from another circular value network. Inputs also apply to phases, steps, and work inside the network.",How can the ontology be used to facilitate research and development in circular economy?,1: ontology,1,ontology,,Not Justified,llm
IB_WHOW_CVN,NeoNGPT_GPT4o,For each piece of work an actor does for a certain part of a circular value network there are specific competencies tied to being able to do that work.,What are the definitions and levels of specific competencies within the network?,"2: definitions, levels",2,"definitions, levels",,Not Justified,llm
IB_WHOW_CVN,NeoNGPT_GPT4o,For each piece of work an actor does for a certain part of a circular value network there are specific competencies tied to being able to do that work.,"How are competencies hierarchically structured (e.g., basic, intermediate, advanced)?",1: hierarchically structured,1,hierarchically structured,,Not Justified,llm
IB_WHOW_CVN,NeoNGPT_GPT4o,For each piece of work an actor does for a certain part of a circular value network there are specific competencies tied to being able to do that work.,"What roles exist within the circular value network, and what tasks and competencies are associated with each role?","2: roles, tasks",2,"roles, tasks",,Justified,llm
IB_WHOW_CVN,NeoNGPT_GPT4o,For each piece of work an actor does for a certain part of a circular value network there are specific competencies tied to being able to do that work.,"What are the relationships between actors, tasks, and competencies in the network?",1: relationships,1,relationships,,Justified,llm
IB_WHOW_CVN,NeoNGPT_GPT4o,For each piece of work an actor does for a certain part of a circular value network there are specific competencies tied to being able to do that work.,How can competency gaps be identified for a specific actor or role?,1: gaps,1,gaps,,Justified,llm
IB_WHOW_CVN,NeoNGPT_GPT4o,For each piece of work an actor does for a certain part of a circular value network there are specific competencies tied to being able to do that work.,What training programs are suggested to address identified competency gaps?,1: training programs,1,training programs,,Not Justified,llm
IB_WHOW_CVN,NeoNGPT_GPT4o,For each piece of work an actor does for a certain part of a circular value network there are specific competencies tied to being able to do that work.,How can human resources be optimized based on the competencies of actors?,1: human resources,1,human resources,,Justified,llm
IB_WHOW_CVN,NeoNGPT_GPT4o,For each piece of work an actor does for a certain part of a circular value network there are specific competencies tied to being able to do that work.,What contextual information is available about processes and interactions within the circular value network?,1: contextual information,1,contextual information,,Not Justified,llm
IB_WHOW_CVN,NeoNGPT_GPT4o,For each piece of work an actor does for a certain part of a circular value network there are specific competencies tied to being able to do that work.,How can competencies be mapped to specific roles within the network?,1: roles,1,roles,,Justified,llm
IB_WHOW_CVN,NeoNGPT_GPT4o,For each piece of work an actor does for a certain part of a circular value network there are specific competencies tied to being able to do that work.,What are the best practices and knowledge-sharing opportunities related to competencies within the network?,"2: best practices, knowledge-sharing opportunities",2,"best practices, knowledge-sharing opportunities",,Not Justified,llm
IB_WHOW_CVN,NeoNGPT_GPT4o,For each piece of work an actor does for a certain part of a circular value network there are specific competencies tied to being able to do that work.,"How can the ontology be extended to include new competencies, roles, and tasks?","3: ontology, roles, tasks",3,"ontology, roles, tasks",,Not Justified,llm
IB_WHOW_CVN,NeoNGPT_GPT4o,For each piece of work an actor does for a certain part of a circular value network there are specific competencies tied to being able to do that work.,How does the ontology support interoperability with existing HR and training systems?,"2: ontology, interoperability with existing HR and training systems",2,"ontology, interoperability with existing HR and training systems",,Not Justified,llm
IB_WHOW_CVN,NeoNGPT_GPT4o,For each piece of work an actor does for a certain part of a circular value network there are specific competencies tied to being able to do that work.,How can the ontology be maintained and updated as competencies and network structures evolve?,"2: ontology, maintained and updated",2,"ontology, maintained and updated",,Not Justified,llm
IB_WHOW_CVN,NeoNGPT_GPT4o,For each piece of work an actor does for a certain part of a circular value network there are specific competencies tied to being able to do that work.,What are the performance metrics for querying and reasoning over the ontology's data?,1: performance metrics,1,performance metrics,,Not Justified,llm
IB_WHOW_CVN,NeoNGPT_GPT4o,For each piece of work an actor does for a certain part of a circular value network there are specific competencies tied to being able to do that work.,How can non-technical users effectively utilize the ontology for competency management?,1: non-technical users,1,non-technical users,,Not Justified,llm
IB_WHOW_CVN,NeoNGPT_GPT4o,"I am alone in the bathroom. I am standing facing the mirror with the electric toothbrush in my hand, hence, the system recognizes that I am brushing my teeth.",What activities related to personal hygiene can be recognized in the bathroom?,1: activities related to personal hygiene,1,activities related to personal hygiene,,Justified,llm
IB_WHOW_CVN,NeoNGPT_GPT4o,"I am alone in the bathroom. I am standing facing the mirror with the electric toothbrush in my hand, hence, the system recognizes that I am brushing my teeth.",How can the system identify when a person is brushing their teeth?,1: identify,1,identify,,Justified,llm
IB_WHOW_CVN,NeoNGPT_GPT4o,"I am alone in the bathroom. I am standing facing the mirror with the electric toothbrush in my hand, hence, the system recognizes that I am brushing my teeth.",What objects and tools are commonly associated with the activity of brushing teeth?,"2: objects, commonly associated",2,"objects, commonly associated",,Not Justified,llm
IB_WHOW_CVN,NeoNGPT_GPT4o,"I am alone in the bathroom. I am standing facing the mirror with the electric toothbrush in my hand, hence, the system recognizes that I am brushing my teeth.",How does the presence of a toothbrush and toothpaste influence activity recognition?,"2: toothpaste, influence activity recognition",2,"toothpaste, influence activity recognition",,Not Justified,llm
IB_WHOW_CVN,NeoNGPT_GPT4o,"I am alone in the bathroom. I am standing facing the mirror with the electric toothbrush in my hand, hence, the system recognizes that I am brushing my teeth.",What contextual information is necessary to determine if a person is brushing their teeth?,1: contextual information,1,contextual information,,Justified,llm
IB_WHOW_CVN,NeoNGPT_GPT4o,"I am alone in the bathroom. I am standing facing the mirror with the electric toothbrush in my hand, hence, the system recognizes that I am brushing my teeth.",How can the duration of the tooth brushing activity be measured?,1: duration,1,duration,,Justified,llm
IB_WHOW_CVN,NeoNGPT_GPT4o,"I am alone in the bathroom. I am standing facing the mirror with the electric toothbrush in my hand, hence, the system recognizes that I am brushing my teeth.",What is the typical frequency of the tooth brushing activity for an individual?,"1: typical frequency, individual",1,"typical frequency, individual",,Not Justified,llm
IB_WHOW_CVN,NeoNGPT_GPT4o,"I am alone in the bathroom. I am standing facing the mirror with the electric toothbrush in my hand, hence, the system recognizes that I am brushing my teeth.",How can the system provide feedback or reminders to users about their personal hygiene routines?,"2: feedback, reminders",2,"feedback, reminders",,Not Justified,llm
IB_WHOW_CVN,NeoNGPT_GPT4o,"I am alone in the bathroom. I am standing facing the mirror with the electric toothbrush in my hand, hence, the system recognizes that I am brushing my teeth.",How does the ontology integrate with other smart home systems and ontologies?,"3: ontology, integrate, smart home systems",3,"ontology, integrate, smart home systems",,Not Justified,llm
IB_WHOW_CVN,NeoNGPT_GPT4o,"I am alone in the bathroom. I am standing facing the mirror with the electric toothbrush in my hand, hence, the system recognizes that I am brushing my teeth.",What are the environmental conditions in the bathroom that affect personal hygiene activities?,1: environmental conditions,1,environmental conditions,,Not Justified,llm
IB_WHOW_CVN,NeoNGPT_GPT4o,"I am alone in the bathroom. I am standing facing the mirror with the electric toothbrush in my hand, hence, the system recognizes that I am brushing my teeth.",How can the ontology support the recognition of multiple personal hygiene activities simultaneously?,1: multiple personal hygiene activities simultaneously,1,multiple personal hygiene activities simultaneously,,Not Justified,llm
IB_WHOW_CVN,NeoNGPT_GPT4o,"I am alone in the bathroom. I am standing facing the mirror with the electric toothbrush in my hand, hence, the system recognizes that I am brushing my teeth.",What are the temporal aspects associated with brushing teeth that the ontology should capture?,1: temporal aspects,1,temporal aspects,,Not Justified,llm
IB_WHOW_CVN,NeoNGPT_GPT4o,"I am alone in the bathroom. I am standing facing the mirror with the electric toothbrush in my hand, hence, the system recognizes that I am brushing my teeth.",How can the ontology assist in monitoring and encouraging healthy hygiene habits?,"2: ontology, encouraging healthy hygiene habits",2,"ontology, encouraging healthy hygiene habits",,Not Justified,llm
IB_WHOW_CVN,NeoNGPT_GPT4o,"I am alone in the bathroom. I am standing facing the mirror with the electric toothbrush in my hand, hence, the system recognizes that I am brushing my teeth.",What are the potential interactions between a person and bathroom appliances during the tooth brushing activity?,"2: potential interactions, bathroom appliances",2,"potential interactions, bathroom appliances",,Justified,llm
IB_WHOW_CVN,NeoNGPT_GPT4o,"I am alone in the bathroom. I am standing facing the mirror with the electric toothbrush in my hand, hence, the system recognizes that I am brushing my teeth.",How can the ontology be extended to include additional personal hygiene activities?,"1: ontology, extended, additional personal hygiene activities",1,"ontology, extended, additional personal hygiene activities",,Not Justified,llm
IB_WHOW_CVN,NeoNGPT_GPT4o,"I am alone in the bathroom. I am standing facing the mirror with the electric toothbrush in my hand, hence, the system recognizes that I am brushing my teeth.",What are the interoperability requirements for integrating this ontology with health monitoring systems?,"1: interoperability requirements, integrating, ontology, health monitoring systems",1,"interoperability requirements, integrating, ontology, health monitoring systems",,Not Justified,llm
IB_WHOW_CVN,NeoNGPT_GPT4o,"I am alone in the bathroom. I am standing facing the mirror with the electric toothbrush in my hand, hence, the system recognizes that I am brushing my teeth.",How can the ontology support real-time activity recognition and reasoning?,"2: ontology, real-time activity recognition and reasoning",2,"ontology, real-time activity recognition and reasoning",,Not Justified,llm
IB_WHOW_CVN,NeoNGPT_GPT4o,"I am alone in the bathroom. I am standing facing the mirror with the electric toothbrush in my hand, hence, the system recognizes that I am brushing my teeth.",What are the key elements that ensure the ontology's usability for developers and researchers?,"5: key elements, ensure, ontology's usability, developers, researchers",5,"key elements, ensure, ontology's usability, developers, researchers",,Not Justified,llm
IB_WHOW_CVN,NeoNGPT_GPT4o,"I am alone in the bathroom. I am standing facing the mirror with the electric toothbrush in my hand, hence, the system recognizes that I am brushing my teeth.",How can the ontology be maintained and updated as new technologies and activities emerge?,"3: ontology, maintained, updated",3,"ontology, maintained, updated",,Not Justified,llm
IB_WHOW_CVN,NeoNGPT_GPT4o,"I am alone in the bathroom. I am standing facing the mirror with the electric toothbrush in my hand, hence, the system recognizes that I am brushing my teeth.",What are the specific requirements for the ontology to be scalable in terms of activities and objects?,"3: requirements, ontology, scalable",3,"requirements, ontology, scalable",,Not Justified,llm
IB_WHOW_CVN,NeoNGPT_GPT4o,I am living in Berlin and I like to get the local weather displayed in the morning as soon as I am brushing my teeth.,3. What is the current humidity level in Berlin?,1: humidity level,1,humidity level,,Not Justified,llm
IB_WHOW_CVN,NeoNGPT_GPT4o,I am living in Berlin and I like to get the local weather displayed in the morning as soon as I am brushing my teeth.,4. What is the current wind speed in Berlin?,1: wind speed,1,wind speed,,Not Justified,llm
IB_WHOW_CVN,NeoNGPT_GPT4o,I am living in Berlin and I like to get the local weather displayed in the morning as soon as I am brushing my teeth.,5. What time should the weather update be triggered during the morning routine?,1: time,1,time,,Justified,llm
IB_WHOW_CVN,NeoNGPT_GPT4o,I am living in Berlin and I like to get the local weather displayed in the morning as soon as I am brushing my teeth.,6. How can smart home devices access the latest weather data for Berlin?,1: smart home devices,1,smart home devices,,Justified,llm
IB_WHOW_CVN,NeoNGPT_GPT4o,I am living in Berlin and I like to get the local weather displayed in the morning as soon as I am brushing my teeth.,7. How can the weather data be customized to display in Celsius or Fahrenheit?,"2: customized, Celsius or Fahrenheit",2,"customized, Celsius or Fahrenheit",,Not Justified,llm
IB_WHOW_CVN,NeoNGPT_GPT4o,I am living in Berlin and I like to get the local weather displayed in the morning as soon as I am brushing my teeth.,8. How can the weather information be presented in different languages?,1: different languages,1,different languages,,Not Justified,llm
IB_WHOW_CVN,NeoNGPT_GPT4o,I am living in Berlin and I like to get the local weather displayed in the morning as soon as I am brushing my teeth.,9. How can user preferences for weather data presentation be stored and retrieved?,"2: user preferences, stored and retrieved",2,"user preferences, stored and retrieved",,Justified,llm
IB_WHOW_CVN,NeoNGPT_GPT4o,I am living in Berlin and I like to get the local weather displayed in the morning as soon as I am brushing my teeth.,10. How does the ontology ensure that the weather data is specific to Berlin?,1: ontology,1,ontology,,Not Justified,llm
IB_WHOW_CVN,NeoNGPT_GPT4o,I am living in Berlin and I like to get the local weather displayed in the morning as soon as I am brushing my teeth.,11. What protocols are used to ensure interoperability with smart home devices?,"2: protocols, interoperability",2,"protocols, interoperability",,Not Justified,llm
IB_WHOW_CVN,NeoNGPT_GPT4o,I am living in Berlin and I like to get the local weather displayed in the morning as soon as I am brushing my teeth.,12. How can the ontology accommodate additional weather data types if needed?,"2: ontology, accommodate additional weather data types",2,"ontology, accommodate additional weather data types",,Not Justified,llm
IB_WHOW_CVN,NeoNGPT_GPT4o,I am living in Berlin and I like to get the local weather displayed in the morning as soon as I am brushing my teeth.,13. How does the ontology ensure fast retrieval of weather data?,1: ontology,1,ontology,,Not Justified,llm
IB_WHOW_CVN,NeoNGPT_GPT4o,I am living in Berlin and I like to get the local weather displayed in the morning as soon as I am brushing my teeth.,14. How can the ontology be scaled to include additional locations?,1: ontology,1,ontology,,Not Justified,llm
IB_WHOW_CVN,NeoNGPT_GPT4o,I am living in Berlin and I like to get the local weather displayed in the morning as soon as I am brushing my teeth.,15. How is the reliability of weather data delivery ensured?,"2: reliability, ensured",2,"reliability, ensured",,Not Justified,llm
IB_WHOW_CVN,NeoNGPT_GPT4o,I am living in Berlin and I like to get the local weather displayed in the morning as soon as I am brushing my teeth.,16. How can developers integrate this ontology with existing smart home applications?,"3: developers, integrate, ontology",3,"developers, integrate, ontology",,Not Justified,llm
IB_WHOW_CVN,NeoNGPT_GPT4o,I am living in Berlin and I like to get the local weather displayed in the morning as soon as I am brushing my teeth.,17. What are the temporal aspects considered for weather data updates?,1: temporal aspects,1,temporal aspects,,Justified,llm
IB_WHOW_CVN,NeoNGPT_GPT4o,I am living in Berlin and I like to get the local weather displayed in the morning as soon as I am brushing my teeth.,18. How can the ontology support real-time weather updates?,1: ontology,1,ontology,,Not Justified,llm
IB_WHOW_CVN,NeoNGPT_GPT4o,I am living in Berlin and I like to get the local weather displayed in the morning as soon as I am brushing my teeth.,19. How can the ontology facilitate communication between different smart home devices?,"2: ontology, communication between different smart home devices",2,"ontology, communication between different smart home devices",,Not Justified,llm
IB_WHOW_CVN,NeoNGPT_GPT4o,I am living in Berlin and I like to get the local weather displayed in the morning as soon as I am brushing my teeth.,20. How can the ontology be used to enhance the smart home experience for Berlin residents?,1: ontology,1,ontology,,Not Justified,llm
IB_WHOW_CVN,NeoNGPT_Qwen3,I am living in Berlin and I like to get the local weather displayed in the morning as soon as I am brushing my teeth.,What weather parameters are modeled in the ontology for Berlin during the morning?,"2: parameters, modeled in the ontology",2,"parameters, modeled in the ontology",,Not Justified,llm
IB_WHOW_CVN,NeoNGPT_Qwen3,I am living in Berlin and I like to get the local weather displayed in the morning as soon as I am brushing my teeth.,"What specific locations in Berlin are included in the ontology (e.g., districts, landmarks)?","2: specific locations, ontology",2,"specific locations, ontology",,Not Justified,llm
IB_WHOW_CVN,NeoNGPT_Qwen3,I am living in Berlin and I like to get the local weather displayed in the morning as soon as I am brushing my teeth.,"What time periods are considered as part of the morning context in the ontology (e.g., 6:00–10:00 AM)?",1: time periods,1,time periods,,Justified,llm
IB_WHOW_CVN,NeoNGPT_Qwen3,I am living in Berlin and I like to get the local weather displayed in the morning as soon as I am brushing my teeth.,"What user preferences can be modeled in the ontology for weather display (e.g., units, alert thresholds)?","1: units, alert thresholds",1,"units, alert thresholds",,Not Justified,llm
IB_WHOW_CVN,NeoNGPT_Qwen3,I am living in Berlin and I like to get the local weather displayed in the morning as soon as I am brushing my teeth.,"How are weather data linked to specific locations in Berlin (e.g., via `occursAt` property)?","2: linked, occursAt property",2,"linked, occursAt property",,Not Justified,llm
IB_WHOW_CVN,NeoNGPT_Qwen3,I am living in Berlin and I like to get the local weather displayed in the morning as soon as I am brushing my teeth.,"How are weather conditions associated with the morning time period (e.g., via `during` property)?","1: associated with, during property",1,"associated with, during property",,Justified,llm
IB_WHOW_CVN,NeoNGPT_Qwen3,I am living in Berlin and I like to get the local weather displayed in the morning as soon as I am brushing my teeth.,"What units of measurement are supported for temperature and other weather parameters (e.g., Celsius, Fahrenheit)?","2: units of measurement, supported",2,"units of measurement, supported",,Not Justified,llm
IB_WHOW_CVN,NeoNGPT_Qwen3,I am living in Berlin and I like to get the local weather displayed in the morning as soon as I am brushing my teeth.,"What types of alerts can be defined based on weather conditions (e.g., UVIndex > 8)?",1: alerts,1,alerts,,Not Justified,llm
IB_WHOW_CVN,NeoNGPT_Qwen3,I am living in Berlin and I like to get the local weather displayed in the morning as soon as I am brushing my teeth.,How can user preferences for display format (text/icons) be specified in the ontology?,"2: user preferences, display format (text/icons)",2,"user preferences, display format (text/icons)",,Not Justified,llm
IB_WHOW_CVN,NeoNGPT_Qwen3,I am living in Berlin and I like to get the local weather displayed in the morning as soon as I am brushing my teeth.,"What external ontologies does the ontology integrate with for location and time modeling (e.g., GeoNames, Time.owl)?","3: external ontologies, integrate, modeling",3,"external ontologies, integrate, modeling",,Not Justified,llm
IB_WHOW_CVN,NeoNGPT_Qwen3,I am living in Berlin and I like to get the local weather displayed in the morning as soon as I am brushing my teeth.,Can the ontology be extended to include new weather parameters or locations beyond Berlin?,1: ontology,1,ontology,,Not Justified,llm
IB_WHOW_CVN,NeoNGPT_Qwen3,I am living in Berlin and I like to get the local weather displayed in the morning as soon as I am brushing my teeth.,How are SPARQL queries used to retrieve current weather data for Berlin during the morning?,"2: SPARQL queries, retrieve current weather data",2,"SPARQL queries, retrieve current weather data",,Not Justified,llm
IB_WHOW_CVN,NeoNGPT_Qwen3,I am living in Berlin and I like to get the local weather displayed in the morning as soon as I am brushing my teeth.,How can the ontology be used to filter weather data based on user-defined alert thresholds?,"2: ontology, user-defined alert thresholds",2,"ontology, user-defined alert thresholds",,Not Justified,llm
IB_WHOW_CVN,NeoNGPT_Qwen3,I am living in Berlin and I like to get the local weather displayed in the morning as soon as I am brushing my teeth.,"What relationships exist between user preferences and weather data in the ontology (e.g., `preferredUnit`)?","2: relationships, ontology",2,"relationships, ontology",,Not Justified,llm
IB_WHOW_CVN,NeoNGPT_Qwen3,I am living in Berlin and I like to get the local weather displayed in the morning as soon as I am brushing my teeth.,How does the ontology support interoperability with external weather APIs like OpenWeatherMap?,"2: ontology, interoperability",2,"ontology, interoperability",,Not Justified,llm
IB_WHOW_CVN,NeoNGPT_Qwen3,I am living in Berlin and I like to get the local weather displayed in the morning as soon as I am brushing my teeth.,"What mechanisms are in place to ensure consistency in the ontology's data modeling (e.g., avoiding conflicting units)?","3: mechanisms, consistency, ontology's data modeling",3,"mechanisms, consistency, ontology's data modeling",,Not Justified,llm
IB_WHOW_CVN,NeoNGPT_Qwen3,I am living in Berlin and I like to get the local weather displayed in the morning as soon as I am brushing my teeth.,How can the ontology be queried to determine the current UV index in Berlin during the morning?,"2: ontology, UV index",2,"ontology, UV index",,Not Justified,llm
IB_WHOW_CVN,NeoNGPT_Qwen3,I am living in Berlin and I like to get the local weather displayed in the morning as soon as I am brushing my teeth.,"What are the possible values for the `preferredUnit` property in the ontology (e.g., Celsius, Fahrenheit)?",1: preferredUnit,1,preferredUnit,,Not Justified,llm
IB_WHOW_CVN,NeoNGPT_Qwen3,I am living in Berlin and I like to get the local weather displayed in the morning as soon as I am brushing my teeth.,How are districts or landmarks in Berlin represented as locations in the ontology?,1: districts or landmarks,1,districts or landmarks,,Not Justified,llm
IB_WHOW_CVN,NeoNGPT_Qwen3,I am living in Berlin and I like to get the local weather displayed in the morning as soon as I am brushing my teeth.,"What is the structure of the SPARQL queries used to trigger alerts based on weather conditions (e.g., ""UVIndex > 8"")?","3: structure, SPARQL queries, alerts",3,"structure, SPARQL queries, alerts",,Not Justified,llm
IB_WHOW_CVN,NeoNGPT_GPT4o,"I like going to the movies when it is raining, and I especially like to see action movies.",What are the current weather conditions?,1: weather conditions,1,weather conditions,,Not Justified,llm
IB_WHOW_CVN,NeoNGPT_GPT4o,"I like going to the movies when it is raining, and I especially like to see action movies.",Is it currently raining?,1: currently,1,currently,,Not Justified,llm
IB_WHOW_CVN,NeoNGPT_GPT4o,"I like going to the movies when it is raining, and I especially like to see action movies.",What movie genres are available?,1: genres,1,genres,,Justified,llm
IB_WHOW_CVN,NeoNGPT_GPT4o,"I like going to the movies when it is raining, and I especially like to see action movies.",What are the personal preferences of an individual regarding movie genres?,1: personal preferences,1,personal preferences,,Justified,llm
IB_WHOW_CVN,NeoNGPT_GPT4o,"I like going to the movies when it is raining, and I especially like to see action movies.",Under what weather conditions does an individual prefer to go to the movies?,1: individual,1,individual,,Justified,llm
IB_WHOW_CVN,NeoNGPT_GPT4o,"I like going to the movies when it is raining, and I especially like to see action movies.",What are the showtimes for action movies today?,1: showtimes,1,showtimes,,Not Justified,llm
IB_WHOW_CVN,NeoNGPT_GPT4o,"I like going to the movies when it is raining, and I especially like to see action movies.",What are the recommended movie outings based on current weather conditions?,"2: recommended, current weather conditions",2,"recommended, current weather conditions",,Not Justified,llm
IB_WHOW_CVN,NeoNGPT_GPT4o,"I like going to the movies when it is raining, and I especially like to see action movies.",What are the optimal times for going to the movies today based on weather forecasts?,"2: optimal times, weather forecasts",2,"optimal times, weather forecasts",,Not Justified,llm
IB_WHOW_CVN,NeoNGPT_GPT4o,"I like going to the movies when it is raining, and I especially like to see action movies.",How can personal preferences be used to generate movie recommendations?,"2: personal preferences, generate movie recommendations",2,"personal preferences, generate movie recommendations",,Justified,llm
IB_WHOW_CVN,NeoNGPT_GPT4o,"I like going to the movies when it is raining, and I especially like to see action movies.",What patterns exist in movie attendance related to weather conditions?,"2: patterns, weather conditions",2,"patterns, weather conditions",,Justified,llm
IB_WHOW_CVN,NeoNGPT_GPT4o,"I like going to the movies when it is raining, and I especially like to see action movies.",How can the ontology integrate with external weather databases?,"2: ontology, integrate with external weather databases",2,"ontology, integrate with external weather databases",,Not Justified,llm
IB_WHOW_CVN,NeoNGPT_GPT4o,"I like going to the movies when it is raining, and I especially like to see action movies.",How can the ontology integrate with external movie databases?,"1: ontology, integrate, external movie databases",1,"ontology, integrate, external movie databases",,Not Justified,llm
IB_WHOW_CVN,NeoNGPT_GPT4o,"I like going to the movies when it is raining, and I especially like to see action movies.",How can the ontology be extended to include additional movie genres?,1: ontology,1,ontology,,Not Justified,llm
IB_WHOW_CVN,NeoNGPT_GPT4o,"I like going to the movies when it is raining, and I especially like to see action movies.",How can the ontology be extended to include additional weather conditions?,1: ontology,1,ontology,,Not Justified,llm
IB_WHOW_CVN,NeoNGPT_GPT4o,"I like going to the movies when it is raining, and I especially like to see action movies.",How does the ontology support reasoning about current and future weather forecasts?,"3: ontology, support reasoning, future weather forecasts",3,"ontology, support reasoning, future weather forecasts",,Not Justified,llm
IB_WHOW_CVN,NeoNGPT_GPT4o,"I like going to the movies when it is raining, and I especially like to see action movies.",How does the ontology support reasoning about movie showtimes?,1: ontology,1,ontology,,Not Justified,llm
IB_WHOW_CVN,NeoNGPT_GPT4o,"I like going to the movies when it is raining, and I especially like to see action movies.",What are the scalability requirements for adding new data to the ontology?,"5: scalability, requirements, adding, data, ontology",5,"scalability, requirements, adding, data, ontology",,Not Justified,llm
IB_WHOW_CVN,NeoNGPT_GPT4o,"I like going to the movies when it is raining, and I especially like to see action movies.",How can the ontology be maintained and updated with new data and requirements?,"3: ontology, maintained, updated with new data and requirements",3,"ontology, maintained, updated with new data and requirements",,Not Justified,llm
IB_WHOW_CVN,NeoNGPT_Qwen3,"I like going to the movies when it is raining, and I especially like to see action movies.","**Competency Questions (CQs):**  
CQ1: What are the classes defined in the ontology?",1: classes,1,classes,,Not Justified,llm
IB_WHOW_CVN,NeoNGPT_Qwen3,"I like going to the movies when it is raining, and I especially like to see action movies.","What are the subclasses of the class ""MovieGenre""?",1: subclasses,1,subclasses,,Not Justified,llm
IB_WHOW_CVN,NeoNGPT_Qwen3,"I like going to the movies when it is raining, and I especially like to see action movies.",What are the properties that link a movie to its director?,"2: properties, director",2,"properties, director",,Not Justified,llm
IB_WHOW_CVN,NeoNGPT_Qwen3,"I like going to the movies when it is raining, and I especially like to see action movies.",What are the properties that link a weather condition to a movie genre?,"2: properties, link",2,"properties, link",,Justified,llm
IB_WHOW_CVN,NeoNGPT_Qwen3,"I like going to the movies when it is raining, and I especially like to see action movies.","What movies are associated with the weather condition ""Rain""?",1: associated with,1,associated with,,Justified,llm
IB_WHOW_CVN,NeoNGPT_Qwen3,"I like going to the movies when it is raining, and I especially like to see action movies.","What genres are preferred during ""Rain""?","2: genres, preferred",2,"genres, preferred",,Justified,llm
IB_WHOW_CVN,NeoNGPT_Qwen3,"I like going to the movies when it is raining, and I especially like to see action movies.","What is the release year of the movie ""Mad Max: Fury Road""?",1: release year,1,release year,,Not Justified,llm
IB_WHOW_CVN,NeoNGPT_Qwen3,"I like going to the movies when it is raining, and I especially like to see action movies.","What are the locations associated with the movie ""The Dark Knight""?","2: locations, The Dark Knight",2,"locations, The Dark Knight",,Not Justified,llm
IB_WHOW_CVN,NeoNGPT_Qwen3,"I like going to the movies when it is raining, and I especially like to see action movies.","What are the user preferences for movie genres during ""Rain""?",1: preferences,1,preferences,,Justified,llm
IB_WHOW_CVN,NeoNGPT_Qwen3,"I like going to the movies when it is raining, and I especially like to see action movies.","What movies are both in the ""Action"" genre and linked to ""Rain""?","2: linked to, Rain",2,"linked to, Rain",,Not Justified,llm
IB_WHOW_CVN,NeoNGPT_Qwen3,"I like going to the movies when it is raining, and I especially like to see action movies.","What are the hierarchical relationships between ""WeatherConditions"" and their subclasses?","3: hierarchical relationships, WeatherConditions, subclasses",3,"hierarchical relationships, WeatherConditions, subclasses",,Not Justified,llm
IB_WHOW_CVN,NeoNGPT_Qwen3,"I like going to the movies when it is raining, and I especially like to see action movies.","What are the data properties of the class ""User""?",1: data properties,1,data properties,,Not Justified,llm
IB_WHOW_CVN,NeoNGPT_Qwen3,"I like going to the movies when it is raining, and I especially like to see action movies.",What are the object properties that connect a user to their preferred genres?,"2: object properties, connect a user to their preferred genres",2,"object properties, connect a user to their preferred genres",,Not Justified,llm
IB_WHOW_CVN,NeoNGPT_Qwen3,"I like going to the movies when it is raining, and I especially like to see action movies.","What are the movies released after 2010 in the ""Action"" genre?","2: released after 2010, movies",2,"released after 2010, movies",,Not Justified,llm
IB_WHOW_CVN,NeoNGPT_Qwen3,"I like going to the movies when it is raining, and I especially like to see action movies.","What are the movies that are preferred during ""Snow""?",1: Snow,1,Snow,,Not Justified,llm
IB_WHOW_CVN,NeoNGPT_Qwen3,"I like going to the movies when it is raining, and I especially like to see action movies.","What are the directors of movies in the ""Drama"" genre?","2: directors, Drama",2,"directors, Drama",,Not Justified,llm
IB_WHOW_CVN,NeoNGPT_Qwen3,"I like going to the movies when it is raining, and I especially like to see action movies.","What are the weather conditions associated with the movie genre ""Comedy""?","2: weather conditions, Comedy",2,"weather conditions, Comedy",,Not Justified,llm
IB_WHOW_CVN,NeoNGPT_Qwen3,"I like going to the movies when it is raining, and I especially like to see action movies.",What are the movies that are not linked to any weather condition?,1: not linked to any weather condition,1,not linked to any weather condition,,Not Justified,llm
IB_WHOW_CVN,NeoNGPT_Qwen3,"I like going to the movies when it is raining, and I especially like to see action movies.","What are the user preferences for movies during ""Sunny"" weather?",1: Sunny,1,Sunny,,Not Justified,llm
IB_WHOW_CVN,NeoNGPT_Qwen3,"I like going to the movies when it is raining, and I especially like to see action movies.","What are the movies that are both in the ""Action"" genre and have a release year after 2015?","2: release year, after 2015",2,"release year, after 2015",,Not Justified,llm
IB_WHOW_CVN,NeoNGPT_Qwen3,"I like going to the movies when it is raining, and I especially like to see action movies.","What are the locations where the movie ""Inception"" was filmed?","2: locations, filmed",2,"locations, filmed",,Not Justified,llm
IB_WHOW_CVN,NeoNGPT_Qwen3,"I like going to the movies when it is raining, and I especially like to see action movies.",What are the properties that link a movie to its release year?,"2: properties, release year",2,"properties, release year",,Not Justified,llm
IB_WHOW_CVN,NeoNGPT_Qwen3,"I like going to the movies when it is raining, and I especially like to see action movies.","What are the movies that are preferred during ""Humid"" weather?","2: preferred, Humid",2,"preferred, Humid",,Not Justified,llm
IB_WHOW_CVN,NeoNGPT_Qwen3,"I like going to the movies when it is raining, and I especially like to see action movies.","What are the subclasses of the class ""WeatherConditions""?",1: subclasses,1,subclasses,,Not Justified,llm
IB_WHOW_CVN,NeoNGPT_Qwen3,"I like going to the movies when it is raining, and I especially like to see action movies.","What are the movies that are not in the ""Action"" genre but are linked to ""Rain""?","2: not in the ""Action"" genre, linked to ""Rain""",2,"not in the ""Action"" genre, linked to ""Rain""",,Not Justified,llm
IB_WHOW_CVN,NeoNGPT_Qwen3,"I like going to the movies when it is raining, and I especially like to see action movies.","What are the user preferences for movies during ""Windy"" weather?",1: Windy,1,Windy,,Not Justified,llm
IB_WHOW_CVN,NeoNGPT_Qwen3,"I like going to the movies when it is raining, and I especially like to see action movies.","What are the movies that are associated with both ""Rain"" and ""Action"" genre?","2: associated with, genre",2,"associated with, genre",,Justified,llm
IB_WHOW_CVN,NeoNGPT_Qwen3,"I like going to the movies when it is raining, and I especially like to see action movies.",What are the directors of movies released in 2020?,"2: directors, 2020",2,"directors, 2020",,Not Justified,llm
IB_WHOW_CVN,NeoNGPT_Qwen3,"I like going to the movies when it is raining, and I especially like to see action movies.","What are the movies that are preferred during ""Cold"" weather?",1: Cold,1,Cold,,Not Justified,llm
IB_WHOW_CVN,NeoNGPT_Qwen3,"I like going to the movies when it is raining, and I especially like to see action movies.",What are the properties that link a user to their preferred weather conditions?,"2: properties, link",2,"properties, link",,Justified,llm
IB_WHOW_CVN,NeoNGPT_Qwen3,"I like going to the movies when it is raining, and I especially like to see action movies.",What are the movies that are not linked to any user preference?,"3: not linked, user preference, any",3,"not linked, user preference, any",,Not Justified,llm
IB_WHOW_CVN,NeoNGPT_Qwen3,"I like going to the movies when it is raining, and I especially like to see action movies.","What are the movies that are in the ""Horror"" genre and linked to ""Snow""?","2: Horror, Snow",2,"Horror, Snow",,Not Justified,llm
IB_WHOW_CVN,NeoNGPT_Qwen3,"I like going to the movies when it is raining, and I especially like to see action movies.","What are the movies that are associated with the weather condition ""Thunderstorm""?","2: associated with, Thunderstorm",2,"associated with, Thunderstorm",,Not Justified,llm
IB_WHOW_CVN,NeoNGPT_Qwen3,"I like going to the movies when it is raining, and I especially like to see action movies.",What are the properties that link a movie to its location?,"2: properties, location",2,"properties, location",,Not Justified,llm
IB_WHOW_CVN,NeoNGPT_Qwen3,"I like going to the movies when it is raining, and I especially like to see action movies.","What are the movies that are preferred during ""Hot"" weather?","1: ""Hot"" weather",1,"""Hot"" weather",,Not Justified,llm
IB_WHOW_CVN,NeoNGPT_Qwen3,"I like going to the movies when it is raining, and I especially like to see action movies.","What are the movies that are in the ""Sci-Fi"" genre and released after 2018?","2: Sci-Fi, released after 2018",2,"Sci-Fi, released after 2018",,Not Justified,llm
IB_WHOW_CVN,NeoNGPT_Qwen3,"I like going to the movies when it is raining, and I especially like to see action movies.","What are the user preferences for movies during ""Foggy"" weather?",1: Foggy,1,Foggy,,Not Justified,llm
IB_WHOW_CVN,NeoNGPT_Qwen3,"I like going to the movies when it is raining, and I especially like to see action movies.","What are the movies that are not in the ""Drama"" genre but are linked to ""Rain""?","2: not in the ""Drama"" genre, linked to ""Rain""",2,"not in the ""Drama"" genre, linked to ""Rain""",,Not Justified,llm
IB_WHOW_CVN,NeoNGPT_Qwen3,"I like going to the movies when it is raining, and I especially like to see action movies.",What are the properties that link a movie to its director?,"2: properties, director",2,"properties, director",,Not Justified,llm
IB_WHOW_CVN,NeoNGPT_Qwen3,"I like going to the movies when it is raining, and I especially like to see action movies.","What are the movies that are associated with the weather condition ""Sunny""?",1: Sunny,1,Sunny,,Not Justified,llm
IB_WHOW_CVN,NeoNGPT_Qwen3,"I like going to the movies when it is raining, and I especially like to see action movies.","What are the movies that are in the ""Adventure"" genre and have a release year before 2000?","2: Adventure, release year before 2000",2,"Adventure, release year before 2000",,Not Justified,llm
IB_WHOW_CVN,NeoNGPT_Qwen3,"I like going to the movies when it is raining, and I especially like to see action movies.","What are the user preferences for movies during ""Cloudy"" weather?","2: preferences, Cloudy weather",2,"preferences, Cloudy weather",,Not Justified,llm
IB_WHOW_CVN,NeoNGPT_Qwen3,"I like going to the movies when it is raining, and I especially like to see action movies.","What are the movies that are linked to both ""Rain"" and ""Action"" genre?","1: linked to both ""Rain"" and ""Action"" genre",1,"linked to both ""Rain"" and ""Action"" genre",,Not Justified,llm
IB_WHOW_CVN,NeoNGPT_Qwen3,"I like going to the movies when it is raining, and I especially like to see action movies.",What are the properties that link a user to their preferred movie genres?,"2: properties, link a user to their preferred movie genres",2,"properties, link a user to their preferred movie genres",,Justified,llm
IB_WHOW_CVN,NeoNGPT_Qwen3,"I like going to the movies when it is raining, and I especially like to see action movies.",What are the movies that are not linked to any user preference for weather conditions?,"2: not linked, user preference for weather conditions",2,"not linked, user preference for weather conditions",,Not Justified,llm
IB_WHOW_CVN,NeoNGPT_Qwen3,"I like going to the movies when it is raining, and I especially like to see action movies.","What are the movies that are in the ""Thriller"" genre and released after 2020?","2: Thriller, released after 2020",2,"Thriller, released after 2020",,Not Justified,llm
IB_WHOW_CVN,NeoNGPT_Qwen3,"I like going to the movies when it is raining, and I especially like to see action movies.",What are the properties that link a movie to its release year?,"2: properties, release year",2,"properties, release year",,Not Justified,llm
IB_WHOW_CVN,NeoNGPT_Qwen3,"I like going to the movies when it is raining, and I especially like to see action movies.","What are the movies that are associated with the weather condition ""Windy""?",1: Windy,1,Windy,,Not Justified,llm
IB_WHOW_CVN,NeoNGPT_Qwen3,"I like going to the movies when it is raining, and I especially like to see action movies.","What are the movies that are in the ""Fantasy"" genre and have a release year between 2010 and 2020?","2: Fantasy, release year between 2010 and 2020",2,"Fantasy, release year between 2010 and 2020",,Not Justified,llm
IB_WHOW_CVN,NeoNGPT_Qwen3,"I like going to the movies when it is raining, and I especially like to see action movies.","What are the user preferences for movies during ""Misty"" weather?","2: user preferences, Misty",2,"user preferences, Misty",,Not Justified,llm
IB_WHOW_CVN,NeoNGPT_GPT4o,I was brushing my teeth in the bathroom on Thursday morning. Morning is between 6 and 10am according to the current user.,What are the personal hygiene activities included in the ontology?,1: ontology,1,ontology,,Not Justified,llm
IB_WHOW_CVN,NeoNGPT_GPT4o,I was brushing my teeth in the bathroom on Thursday morning. Morning is between 6 and 10am according to the current user.,How is the activity of brushing teeth represented in the ontology?,1: ontology,1,ontology,,Not Justified,llm
IB_WHOW_CVN,NeoNGPT_GPT4o,I was brushing my teeth in the bathroom on Thursday morning. Morning is between 6 and 10am according to the current user.,What temporal aspects are associated with brushing teeth?,1: temporal aspects,1,temporal aspects,,Justified,llm
IB_WHOW_CVN,NeoNGPT_GPT4o,I was brushing my teeth in the bathroom on Thursday morning. Morning is between 6 and 10am according to the current user.,"How is the ""morning"" time interval defined in the ontology?",1: ontology,1,ontology,,Not Justified,llm
IB_WHOW_CVN,NeoNGPT_GPT4o,I was brushing my teeth in the bathroom on Thursday morning. Morning is between 6 and 10am according to the current user.,"What locations within a home are represented in the ontology, specifically for personal hygiene activities?","2: locations, ontology",2,"locations, ontology",,Not Justified,llm
IB_WHOW_CVN,NeoNGPT_GPT4o,I was brushing my teeth in the bathroom on Thursday morning. Morning is between 6 and 10am according to the current user.,How is the bathroom represented in the ontology?,1: represented in the ontology,1,represented in the ontology,,Not Justified,llm
IB_WHOW_CVN,NeoNGPT_GPT4o,I was brushing my teeth in the bathroom on Thursday morning. Morning is between 6 and 10am according to the current user.,How can user profiles and their associated routines be represented in the ontology?,"2: user profiles, routines",2,"user profiles, routines",,Not Justified,llm
IB_WHOW_CVN,NeoNGPT_GPT4o,I was brushing my teeth in the bathroom on Thursday morning. Morning is between 6 and 10am according to the current user.,How does the ontology ensure compatibility with existing health and smart home ontologies?,"3: ontology, compatibility, health and smart home ontologies",3,"ontology, compatibility, health and smart home ontologies",,Not Justified,llm
IB_WHOW_CVN,NeoNGPT_GPT4o,I was brushing my teeth in the bathroom on Thursday morning. Morning is between 6 and 10am according to the current user.,How can the ontology be extended to include additional personal hygiene activities?,1: ontology,1,ontology,,Not Justified,llm
IB_WHOW_CVN,NeoNGPT_GPT4o,I was brushing my teeth in the bathroom on Thursday morning. Morning is between 6 and 10am according to the current user.,How does the ontology handle queries related to routine detection and analysis?,"3: ontology, queries, routine detection and analysis",3,"ontology, queries, routine detection and analysis",,Not Justified,llm
IB_WHOW_CVN,NeoNGPT_GPT4o,I was brushing my teeth in the bathroom on Thursday morning. Morning is between 6 and 10am according to the current user.,What mechanisms are in place to update the ontology as new activities or temporal definitions are introduced?,"3: mechanisms, update the ontology, new activities or temporal definitions",3,"mechanisms, update the ontology, new activities or temporal definitions",,Not Justified,llm
IB_WHOW_CVN,NeoNGPT_GPT4o,I was brushing my teeth in the bathroom on Thursday morning. Morning is between 6 and 10am according to the current user.,How does the ontology support smart home systems in recognizing personal hygiene activities?,"3: ontology, support, smart home systems",3,"ontology, support, smart home systems",,Not Justified,llm
IB_WHOW_CVN,NeoNGPT_GPT4o,I was brushing my teeth in the bathroom on Thursday morning. Morning is between 6 and 10am according to the current user.,How can health applications use the ontology to track and provide feedback on personal hygiene routines?,"5: health applications, use, ontology, track, provide feedback",5,"health applications, use, ontology, track, provide feedback",,Not Justified,llm
IB_WHOW_CVN,NeoNGPT_GPT4o,I was brushing my teeth in the bathroom on Thursday morning. Morning is between 6 and 10am according to the current user.,How does the ontology support research in behavioral studies related to daily routines and health?,"5: ontology, support, research, behavioral studies, health",5,"ontology, support, research, behavioral studies, health",,Not Justified,llm
IB_WHOW_CVN,NeoNGPT_GPT4o,I was brushing my teeth in the bathroom on Thursday morning. Morning is between 6 and 10am according to the current user.,What are the interoperability features of the ontology with other ontologies and data standards in the health and smart home domains?,"8: interoperability, features, ontology, other ontologies, data standards, health, smart home, domains",8,"interoperability, features, ontology, other ontologies, data standards, health, smart home, domains",,Not Justified,llm
IB_WHOW_CVN,NeoNGPT_GPT4o,"Recycling of a product may depend on its material composition, efficiency of recycling.",3. What are the criteria for assessing the recyclability of a specific material?,1: criteria,1,criteria,,Justified,llm
IB_WHOW_CVN,NeoNGPT_GPT4o,"Recycling of a product may depend on its material composition, efficiency of recycling.",5. What factors affect the recycling efficiency of a particular material?,1: factors,1,factors,,Justified,llm
IB_WHOW_CVN,NeoNGPT_GPT4o,"Recycling of a product may depend on its material composition, efficiency of recycling.",6. What are the different recycling processes available for a specific material?,"2: different, specific material",2,"different, specific material",,Not Justified,llm
IB_WHOW_CVN,NeoNGPT_GPT4o,"Recycling of a product may depend on its material composition, efficiency of recycling.",8. What technologies are used in the recycling of specific materials?,"2: technologies, specific materials",2,"technologies, specific materials",,Not Justified,llm
IB_WHOW_CVN,NeoNGPT_GPT4o,"Recycling of a product may depend on its material composition, efficiency of recycling.",9. What are the environmental impacts associated with recycling a specific material?,1: environmental impacts,1,environmental impacts,,Not Justified,llm
IB_WHOW_CVN,NeoNGPT_GPT4o,"Recycling of a product may depend on its material composition, efficiency of recycling.",10. How can the environmental impact of a recycling process be assessed?,1: environmental impact,1,environmental impact,,Not Justified,llm
IB_WHOW_CVN,NeoNGPT_GPT4o,"Recycling of a product may depend on its material composition, efficiency of recycling.",11. What sustainability metrics are used to evaluate recycling activities?,1: sustainability metrics,1,sustainability metrics,,Not Justified,llm
IB_WHOW_CVN,NeoNGPT_GPT4o,"Recycling of a product may depend on its material composition, efficiency of recycling.",12. What regulations govern the recycling of specific materials?,1: regulations,1,regulations,,Not Justified,llm
IB_WHOW_CVN,NeoNGPT_GPT4o,"Recycling of a product may depend on its material composition, efficiency of recycling.",13. How do different recycling standards affect the recyclability of materials?,1: recycling standards,1,recycling standards,,Not Justified,llm
IB_WHOW_CVN,NeoNGPT_GPT4o,"Recycling of a product may depend on its material composition, efficiency of recycling.",14. What are the best practices for improving recycling efficiency?,1: best practices,1,best practices,,Not Justified,llm
IB_WHOW_CVN,NeoNGPT_GPT4o,"Recycling of a product may depend on its material composition, efficiency of recycling.",15. How can recycling processes be optimized for better environmental outcomes?,1: optimized,1,optimized,,Not Justified,llm
IB_WHOW_CVN,NeoNGPT_GPT4o,"Recycling of a product may depend on its material composition, efficiency of recycling.",16. What are the interoperability requirements for integrating recycling data from different systems?,1: interoperability requirements,1,interoperability requirements,,Not Justified,llm
IB_WHOW_CVN,NeoNGPT_GPT4o,"Recycling of a product may depend on its material composition, efficiency of recycling.",17. How can new materials be incorporated into the existing recycling framework?,"2: new materials, existing recycling framework",2,"new materials, existing recycling framework",,Not Justified,llm
IB_WHOW_CVN,NeoNGPT_GPT4o,"Recycling of a product may depend on its material composition, efficiency of recycling.",18. What are the security considerations for handling proprietary recycling data?,"2: security considerations, proprietary recycling data",2,"security considerations, proprietary recycling data",,Not Justified,llm
IB_WHOW_CVN,NeoNGPT_GPT4o,"Recycling of a product may depend on its material composition, efficiency of recycling.",19. How can the ontology be updated to reflect new recycling technologies and regulations?,"2: ontology, updated",2,"ontology, updated",,Not Justified,llm
IB_WHOW_CVN,NeoNGPT_GPT4o,"Recycling of a product may depend on its material composition, efficiency of recycling.",20. What are the common challenges faced in recycling specific materials?,"2: common challenges, specific materials",2,"common challenges, specific materials",,Not Justified,llm
IB_WHOW_CVN,NeoNGPT_GPT4o,"Recycling of a product may depend on its material composition, efficiency of recycling.",21. How can waste management companies use the ontology to improve their recycling strategies?,"2: waste management companies, ontology",2,"waste management companies, ontology",,Not Justified,llm
IB_WHOW_CVN,NeoNGPT_GPT4o,"Recycling of a product may depend on its material composition, efficiency of recycling.",22. What role do manufacturers play in enhancing the recyclability of their products?,1: manufacturers,1,manufacturers,,Not Justified,llm
IB_WHOW_CVN,NeoNGPT_GPT4o,"Recycling of a product may depend on its material composition, efficiency of recycling.",23. How can product designers use the ontology to create more sustainable products?,1: ontology,1,ontology,,Not Justified,llm
IB_WHOW_CVN,NeoNGPT_GPT4o,"Recycling of a product may depend on its material composition, efficiency of recycling.",24. What are the key performance indicators for evaluating the success of recycling programs?,1: key performance indicators,1,key performance indicators,,Not Justified,llm
IB_WHOW_CVN,NeoNGPT_GPT4o,"Recycling of a product may depend on its material composition, efficiency of recycling.",25. How can the ontology support automated decision-making in waste management?,"2: ontology, automated decision-making",2,"ontology, automated decision-making",,Not Justified,llm
IB_WHOW_CVN,NeoNGPT_GPT4o,"Resources are what is worked on in the circular value network. Resources are used as inputs but could also be outputs from the network, and its processes, steps etc. For resources that are part of a circular value network they will be of a certain type (is it a product, component or material). Also, for these resources, their composition is ideally known at some level. Resources can also be used in processing steps, but without being the main focus of the value network, e.g. consumables, catalysts.",10. How can the lifecycle of a resource be tracked within the network?,1: lifecycle,1,lifecycle,,Justified,llm
IB_WHOW_CVN,NeoNGPT_GPT4o,"Resources are what is worked on in the circular value network. Resources are used as inputs but could also be outputs from the network, and its processes, steps etc. For resources that are part of a circular value network they will be of a certain type (is it a product, component or material). Also, for these resources, their composition is ideally known at some level. Resources can also be used in processing steps, but without being the main focus of the value network, e.g. consumables, catalysts.",11. How does the ontology enable interoperability with other ontologies and data systems?,1: ontology,1,ontology,,Not Justified,llm
IB_WHOW_CVN,NeoNGPT_GPT4o,"Resources are what is worked on in the circular value network. Resources are used as inputs but could also be outputs from the network, and its processes, steps etc. For resources that are part of a circular value network they will be of a certain type (is it a product, component or material). Also, for these resources, their composition is ideally known at some level. Resources can also be used in processing steps, but without being the main focus of the value network, e.g. consumables, catalysts.",12. What standards and best practices does the ontology comply with?,1: standards and best practices,1,standards and best practices,,Not Justified,llm
IB_WHOW_CVN,NeoNGPT_GPT4o,"Resources are what is worked on in the circular value network. Resources are used as inputs but could also be outputs from the network, and its processes, steps etc. For resources that are part of a circular value network they will be of a certain type (is it a product, component or material). Also, for these resources, their composition is ideally known at some level. Resources can also be used in processing steps, but without being the main focus of the value network, e.g. consumables, catalysts.","13. How can new resource types, processes, and relationships be added to the ontology?","3: new, ontology, relationships",3,"new, ontology, relationships",,Not Justified,llm
IB_WHOW_CVN,NeoNGPT_GPT4o,"Resources are what is worked on in the circular value network. Resources are used as inputs but could also be outputs from the network, and its processes, steps etc. For resources that are part of a circular value network they will be of a certain type (is it a product, component or material). Also, for these resources, their composition is ideally known at some level. Resources can also be used in processing steps, but without being the main focus of the value network, e.g. consumables, catalysts.",14. What guidelines and documentation are available for implementing and using the ontology?,"2: guidelines, documentation",2,"guidelines, documentation",,Not Justified,llm
IB_WHOW_CVN,NeoNGPT_GPT4o,"Resources are what is worked on in the circular value network. Resources are used as inputs but could also be outputs from the network, and its processes, steps etc. For resources that are part of a circular value network they will be of a certain type (is it a product, component or material). Also, for these resources, their composition is ideally known at some level. Resources can also be used in processing steps, but without being the main focus of the value network, e.g. consumables, catalysts.",15. How does the ontology support decision-making processes in resource management and optimization?,1: ontology,1,ontology,,Not Justified,llm
IB_WHOW_CVN,NeoNGPT_GPT4o,"Resources are what is worked on in the circular value network. Resources are used as inputs but could also be outputs from the network, and its processes, steps etc. For resources that are part of a circular value network they will be of a certain type (is it a product, component or material). Also, for these resources, their composition is ideally known at some level. Resources can also be used in processing steps, but without being the main focus of the value network, e.g. consumables, catalysts.",16. How can data integration and sharing be facilitated across different stakeholders in a circular economy?,"2: data integration, stakeholders",2,"data integration, stakeholders",,Not Justified,llm
IB_WHOW_CVN,NeoNGPT_GPT4o,"Resources are what is worked on in the circular value network. Resources are used as inputs but could also be outputs from the network, and its processes, steps etc. For resources that are part of a circular value network they will be of a certain type (is it a product, component or material). Also, for these resources, their composition is ideally known at some level. Resources can also be used in processing steps, but without being the main focus of the value network, e.g. consumables, catalysts.",17. What framework does the ontology provide for developing applications that monitor and analyze resource flows?,"2: framework, ontology",2,"framework, ontology",,Not Justified,llm
IB_WHOW_CVN,NeoNGPT_GPT4o,"Resources are what is worked on in the circular value network. Resources are used as inputs but could also be outputs from the network, and its processes, steps etc. For resources that are part of a circular value network they will be of a certain type (is it a product, component or material). Also, for these resources, their composition is ideally known at some level. Resources can also be used in processing steps, but without being the main focus of the value network, e.g. consumables, catalysts.",18. How does the ontology ensure scalability for large and complex networks?,1: ontology,1,ontology,,Not Justified,llm
IB_WHOW_CVN,NeoNGPT_GPT4o,"Resources are what is worked on in the circular value network. Resources are used as inputs but could also be outputs from the network, and its processes, steps etc. For resources that are part of a circular value network they will be of a certain type (is it a product, component or material). Also, for these resources, their composition is ideally known at some level. Resources can also be used in processing steps, but without being the main focus of the value network, e.g. consumables, catalysts.",19. What measures are in place to maintain and update the ontology as new information emerges?,1: measures,1,measures,,Not Justified,llm
IB_WHOW_CVN,NeoNGPT_GPT4o,"Resources are what is worked on in the circular value network. Resources are used as inputs but could also be outputs from the network, and its processes, steps etc. For resources that are part of a circular value network they will be of a certain type (is it a product, component or material). Also, for these resources, their composition is ideally known at some level. Resources can also be used in processing steps, but without being the main focus of the value network, e.g. consumables, catalysts.",20. How does the ontology perform in terms of reasoning and querying with large datasets?,1: ontology,1,ontology,,Not Justified,llm
IB_WHOW_CVN,NeoNGPT_GPT4o,"Sage, a water resource manager with a background in environmental science, is tasked with overseeing the sustainability and conservation efforts of water basins in her region. Her responsibilities include not only maintaining current water quality and usage standards but also planning for future water needs and conservation efforts. Sage needs detailed information on various water basins, including which water bodies belong to a specific basin, the sub-water basins contained within them, the classification of different types of water bodies, especially coastal ones, and a comprehensive list of all water body types for planning and reporting purposes.

Moreover, having a list of all types of water bodies available at her disposal enables Sage to communicate effectively with local stakeholders, government entities, and international conservation bodies, providing reports, data analysis, and strategic planning documents that are based on comprehensive and accurate water body classifications.",What attributes and characteristics are associated with each type of water body?,1: attributes and characteristics,1,attributes and characteristics,,Justified,llm
IB_WHOW_CVN,NeoNGPT_GPT4o,"Sage, a water resource manager with a background in environmental science, is tasked with overseeing the sustainability and conservation efforts of water basins in her region. Her responsibilities include not only maintaining current water quality and usage standards but also planning for future water needs and conservation efforts. Sage needs detailed information on various water basins, including which water bodies belong to a specific basin, the sub-water basins contained within them, the classification of different types of water bodies, especially coastal ones, and a comprehensive list of all water body types for planning and reporting purposes.

Moreover, having a list of all types of water bodies available at her disposal enables Sage to communicate effectively with local stakeholders, government entities, and international conservation bodies, providing reports, data analysis, and strategic planning documents that are based on comprehensive and accurate water body classifications.",How can the ontology support strategic planning for future water needs?,1: ontology,1,ontology,,Justified,llm
IB_WHOW_CVN,NeoNGPT_GPT4o,"Sage, a water resource manager with a background in environmental science, is tasked with overseeing the sustainability and conservation efforts of water basins in her region. Her responsibilities include not only maintaining current water quality and usage standards but also planning for future water needs and conservation efforts. Sage needs detailed information on various water basins, including which water bodies belong to a specific basin, the sub-water basins contained within them, the classification of different types of water bodies, especially coastal ones, and a comprehensive list of all water body types for planning and reporting purposes.

Moreover, having a list of all types of water bodies available at her disposal enables Sage to communicate effectively with local stakeholders, government entities, and international conservation bodies, providing reports, data analysis, and strategic planning documents that are based on comprehensive and accurate water body classifications.",How can the ontology facilitate effective communication with stakeholders?,1: ontology,1,ontology,,Justified,llm
IB_WHOW_CVN,NeoNGPT_GPT4o,"Sage, a water resource manager with a background in environmental science, is tasked with overseeing the sustainability and conservation efforts of water basins in her region. Her responsibilities include not only maintaining current water quality and usage standards but also planning for future water needs and conservation efforts. Sage needs detailed information on various water basins, including which water bodies belong to a specific basin, the sub-water basins contained within them, the classification of different types of water bodies, especially coastal ones, and a comprehensive list of all water body types for planning and reporting purposes.

Moreover, having a list of all types of water bodies available at her disposal enables Sage to communicate effectively with local stakeholders, government entities, and international conservation bodies, providing reports, data analysis, and strategic planning documents that are based on comprehensive and accurate water body classifications.",What standardized terminology is used for reporting and communication purposes?,1: standardized terminology,1,standardized terminology,,Justified,llm
IB_WHOW_CVN,NeoNGPT_GPT4o,"Sage, a water resource manager with a background in environmental science, is tasked with overseeing the sustainability and conservation efforts of water basins in her region. Her responsibilities include not only maintaining current water quality and usage standards but also planning for future water needs and conservation efforts. Sage needs detailed information on various water basins, including which water bodies belong to a specific basin, the sub-water basins contained within them, the classification of different types of water bodies, especially coastal ones, and a comprehensive list of all water body types for planning and reporting purposes.

Moreover, having a list of all types of water bodies available at her disposal enables Sage to communicate effectively with local stakeholders, government entities, and international conservation bodies, providing reports, data analysis, and strategic planning documents that are based on comprehensive and accurate water body classifications.",How does the ontology support decision-making processes in water resource management?,1: ontology,1,ontology,,Justified,llm
IB_WHOW_CVN,NeoNGPT_GPT4o,"Sage, a water resource manager with a background in environmental science, is tasked with overseeing the sustainability and conservation efforts of water basins in her region. Her responsibilities include not only maintaining current water quality and usage standards but also planning for future water needs and conservation efforts. Sage needs detailed information on various water basins, including which water bodies belong to a specific basin, the sub-water basins contained within them, the classification of different types of water bodies, especially coastal ones, and a comprehensive list of all water body types for planning and reporting purposes.

Moreover, having a list of all types of water bodies available at her disposal enables Sage to communicate effectively with local stakeholders, government entities, and international conservation bodies, providing reports, data analysis, and strategic planning documents that are based on comprehensive and accurate water body classifications.",How can data from various sources be integrated and shared using the ontology?,1: ontology,1,ontology,,Not Justified,llm
IB_WHOW_CVN,NeoNGPT_GPT4o,"Sage, a water resource manager with a background in environmental science, is tasked with overseeing the sustainability and conservation efforts of water basins in her region. Her responsibilities include not only maintaining current water quality and usage standards but also planning for future water needs and conservation efforts. Sage needs detailed information on various water basins, including which water bodies belong to a specific basin, the sub-water basins contained within them, the classification of different types of water bodies, especially coastal ones, and a comprehensive list of all water body types for planning and reporting purposes.

Moreover, having a list of all types of water bodies available at her disposal enables Sage to communicate effectively with local stakeholders, government entities, and international conservation bodies, providing reports, data analysis, and strategic planning documents that are based on comprehensive and accurate water body classifications.",What are the existing data standards and systems compatible with the ontology?,"1: data standards, systems, ontology",1,"data standards, systems, ontology",,Not Justified,llm
IB_WHOW_CVN,NeoNGPT_GPT4o,"Sage, a water resource manager with a background in environmental science, is tasked with overseeing the sustainability and conservation efforts of water basins in her region. Her responsibilities include not only maintaining current water quality and usage standards but also planning for future water needs and conservation efforts. Sage needs detailed information on various water basins, including which water bodies belong to a specific basin, the sub-water basins contained within them, the classification of different types of water bodies, especially coastal ones, and a comprehensive list of all water body types for planning and reporting purposes.

Moreover, having a list of all types of water bodies available at her disposal enables Sage to communicate effectively with local stakeholders, government entities, and international conservation bodies, providing reports, data analysis, and strategic planning documents that are based on comprehensive and accurate water body classifications.",How can the ontology be extended to include new types of water bodies or attributes?,1: ontology,1,ontology,,Not Justified,llm
IB_WHOW_CVN,NeoNGPT_GPT4o,"Sage, a water resource manager with a background in environmental science, is tasked with overseeing the sustainability and conservation efforts of water basins in her region. Her responsibilities include not only maintaining current water quality and usage standards but also planning for future water needs and conservation efforts. Sage needs detailed information on various water basins, including which water bodies belong to a specific basin, the sub-water basins contained within them, the classification of different types of water bodies, especially coastal ones, and a comprehensive list of all water body types for planning and reporting purposes.

Moreover, having a list of all types of water bodies available at her disposal enables Sage to communicate effectively with local stakeholders, government entities, and international conservation bodies, providing reports, data analysis, and strategic planning documents that are based on comprehensive and accurate water body classifications.",What are the scalability features of the ontology to accommodate additional classifications?,1: scalability features,1,scalability features,,Not Justified,llm
IB_WHOW_CVN,NeoNGPT_GPT4o,"Sage, a water resource manager with a background in environmental science, is tasked with overseeing the sustainability and conservation efforts of water basins in her region. Her responsibilities include not only maintaining current water quality and usage standards but also planning for future water needs and conservation efforts. Sage needs detailed information on various water basins, including which water bodies belong to a specific basin, the sub-water basins contained within them, the classification of different types of water bodies, especially coastal ones, and a comprehensive list of all water body types for planning and reporting purposes.

Moreover, having a list of all types of water bodies available at her disposal enables Sage to communicate effectively with local stakeholders, government entities, and international conservation bodies, providing reports, data analysis, and strategic planning documents that are based on comprehensive and accurate water body classifications.",How user-friendly is the ontology for users with varying levels of expertise?,1: user-friendly,1,user-friendly,,Not Justified,llm
IB_WHOW_CVN,NeoNGPT_GPT4o,"Sage, a water resource manager with a background in environmental science, is tasked with overseeing the sustainability and conservation efforts of water basins in her region. Her responsibilities include not only maintaining current water quality and usage standards but also planning for future water needs and conservation efforts. Sage needs detailed information on various water basins, including which water bodies belong to a specific basin, the sub-water basins contained within them, the classification of different types of water bodies, especially coastal ones, and a comprehensive list of all water body types for planning and reporting purposes.

Moreover, having a list of all types of water bodies available at her disposal enables Sage to communicate effectively with local stakeholders, government entities, and international conservation bodies, providing reports, data analysis, and strategic planning documents that are based on comprehensive and accurate water body classifications.",What mechanisms are in place to ensure efficient querying and data retrieval?,1: mechanisms,1,mechanisms,,Not Justified,llm
IB_WHOW_CVN,NeoNGPT_GPT4o,"Sage, a water resource manager with a background in environmental science, is tasked with overseeing the sustainability and conservation efforts of water basins in her region. Her responsibilities include not only maintaining current water quality and usage standards but also planning for future water needs and conservation efforts. Sage needs detailed information on various water basins, including which water bodies belong to a specific basin, the sub-water basins contained within them, the classification of different types of water bodies, especially coastal ones, and a comprehensive list of all water body types for planning and reporting purposes.

Moreover, having a list of all types of water bodies available at her disposal enables Sage to communicate effectively with local stakeholders, government entities, and international conservation bodies, providing reports, data analysis, and strategic planning documents that are based on comprehensive and accurate water body classifications.",How is the ontology maintained and updated with new information or classification changes?,1: ontology,1,ontology,,Not Justified,llm
IB_WHOW_CVN,NeoNGPT_GPT4o,"Sage, a water resource manager with a background in environmental science, is tasked with overseeing the sustainability and conservation efforts of water basins in her region. Her responsibilities include not only maintaining current water quality and usage standards but also planning for future water needs and conservation efforts. Sage needs detailed information on various water basins, including which water bodies belong to a specific basin, the sub-water basins contained within them, the classification of different types of water bodies, especially coastal ones, and a comprehensive list of all water body types for planning and reporting purposes.

Moreover, having a list of all types of water bodies available at her disposal enables Sage to communicate effectively with local stakeholders, government entities, and international conservation bodies, providing reports, data analysis, and strategic planning documents that are based on comprehensive and accurate water body classifications.",What are the international conservation bodies involved in water management that the ontology can interact with?,1: international conservation bodies,1,international conservation bodies,,Justified,llm
IB_WHOW_CVN,NeoNGPT_GPT4o,"Sage, a water resource manager with a background in environmental science, is tasked with overseeing the sustainability and conservation efforts of water basins in her region. Her responsibilities include not only maintaining current water quality and usage standards but also planning for future water needs and conservation efforts. Sage needs detailed information on various water basins, including which water bodies belong to a specific basin, the sub-water basins contained within them, the classification of different types of water bodies, especially coastal ones, and a comprehensive list of all water body types for planning and reporting purposes.

Moreover, having a list of all types of water bodies available at her disposal enables Sage to communicate effectively with local stakeholders, government entities, and international conservation bodies, providing reports, data analysis, and strategic planning documents that are based on comprehensive and accurate water body classifications.","How can local stakeholders, including community groups and NGOs, utilize the ontology for their purposes?",1: ontology,1,ontology,,Not Justified,llm
IB_WHOW_CVN,NeoNGPT_GPT4o,"Sage, a water resource manager with a background in environmental science, is tasked with overseeing the sustainability and conservation efforts of water basins in her region. Her responsibilities include not only maintaining current water quality and usage standards but also planning for future water needs and conservation efforts. Sage needs detailed information on various water basins, including which water bodies belong to a specific basin, the sub-water basins contained within them, the classification of different types of water bodies, especially coastal ones, and a comprehensive list of all water body types for planning and reporting purposes.

Moreover, having a list of all types of water bodies available at her disposal enables Sage to communicate effectively with local stakeholders, government entities, and international conservation bodies, providing reports, data analysis, and strategic planning documents that are based on comprehensive and accurate water body classifications.",What are the performance metrics for the ontology in terms of query response time and data retrieval efficiency?,"2: performance metrics, ontology",2,"performance metrics, ontology",,Not Justified,llm
IB_WHOW_CVN,NeoNGPT_GPT4o,"The system asks me if I want to order tickets to a proposed event if there are tickets available. I am presented with a set of ticket options, and get to select the time of the show, the seat I want at the movie theatre. Finally, I pay by credit card.","1. What are the details of a specific movie event, including title, description, date, time, and location?","5: details, title, description, date, location",5,"details, title, description, date, location",,Not Justified,llm
IB_WHOW_CVN,NeoNGPT_GPT4o,"The system asks me if I want to order tickets to a proposed event if there are tickets available. I am presented with a set of ticket options, and get to select the time of the show, the seat I want at the movie theatre. Finally, I pay by credit card.",2. What are the available ticket types for a particular movie event?,1: types,1,types,,Justified,llm
IB_WHOW_CVN,NeoNGPT_GPT4o,"The system asks me if I want to order tickets to a proposed event if there are tickets available. I am presented with a set of ticket options, and get to select the time of the show, the seat I want at the movie theatre. Finally, I pay by credit card.",3. How many tickets are available for a specific ticket type for a given movie event?,"2: specific ticket type, given movie event",2,"specific ticket type, given movie event",,Justified,llm
IB_WHOW_CVN,NeoNGPT_GPT4o,"The system asks me if I want to order tickets to a proposed event if there are tickets available. I am presented with a set of ticket options, and get to select the time of the show, the seat I want at the movie theatre. Finally, I pay by credit card.","4. What are the seating arrangements for a specific movie theatre, including seat numbers and categories?","2: seating arrangements, categories",2,"seating arrangements, categories",,Not Justified,llm
IB_WHOW_CVN,NeoNGPT_GPT4o,"The system asks me if I want to order tickets to a proposed event if there are tickets available. I am presented with a set of ticket options, and get to select the time of the show, the seat I want at the movie theatre. Finally, I pay by credit card.","6. What are the payment methods available for purchasing tickets, specifically focusing on credit card transactions?",1: payment methods,1,payment methods,,Justified,llm
IB_WHOW_CVN,NeoNGPT_GPT4o,"The system asks me if I want to order tickets to a proposed event if there are tickets available. I am presented with a set of ticket options, and get to select the time of the show, the seat I want at the movie theatre. Finally, I pay by credit card.",7. Can a user query for movie events scheduled on a specific date or time?,1: query,1,query,,Not Justified,llm
IB_WHOW_CVN,NeoNGPT_GPT4o,"The system asks me if I want to order tickets to a proposed event if there are tickets available. I am presented with a set of ticket options, and get to select the time of the show, the seat I want at the movie theatre. Finally, I pay by credit card.",8. How can a user find movie events happening at a particular location?,1: location,1,location,,Not Justified,llm
IB_WHOW_CVN,NeoNGPT_GPT4o,"The system asks me if I want to order tickets to a proposed event if there are tickets available. I am presented with a set of ticket options, and get to select the time of the show, the seat I want at the movie theatre. Finally, I pay by credit card.",9. What are the differences between standard and VIP ticket types for a specific event?,"2: differences, VIP ticket types",2,"differences, VIP ticket types",,Not Justified,llm
IB_WHOW_CVN,NeoNGPT_GPT4o,"The system asks me if I want to order tickets to a proposed event if there are tickets available. I am presented with a set of ticket options, and get to select the time of the show, the seat I want at the movie theatre. Finally, I pay by credit card.",10. How can a user select a seat based on preferences such as aisle or center seating?,1: preferences,1,preferences,,Justified,llm
IB_WHOW_CVN,NeoNGPT_GPT4o,"The system asks me if I want to order tickets to a proposed event if there are tickets available. I am presented with a set of ticket options, and get to select the time of the show, the seat I want at the movie theatre. Finally, I pay by credit card.",11. What are the steps involved in processing a credit card transaction for ticket purchase?,"1: processing, transaction",1,"processing, transaction",,Justified,llm
IB_WHOW_CVN,NeoNGPT_GPT4o,"The system asks me if I want to order tickets to a proposed event if there are tickets available. I am presented with a set of ticket options, and get to select the time of the show, the seat I want at the movie theatre. Finally, I pay by credit card.",12. How can the system provide personalized movie event recommendations to a user?,1: personalized movie event recommendations,1,personalized movie event recommendations,,Not Justified,llm
IB_WHOW_CVN,NeoNGPT_GPT4o,"The system asks me if I want to order tickets to a proposed event if there are tickets available. I am presented with a set of ticket options, and get to select the time of the show, the seat I want at the movie theatre. Finally, I pay by credit card.",13. How does the ontology support interoperability with existing ticket booking systems?,1: ontology,1,ontology,,Not Justified,llm
IB_WHOW_CVN,NeoNGPT_GPT4o,"The system asks me if I want to order tickets to a proposed event if there are tickets available. I am presented with a set of ticket options, and get to select the time of the show, the seat I want at the movie theatre. Finally, I pay by credit card.",14. How can the ontology accommodate a large number of events and users efficiently?,1: ontology,1,ontology,,Not Justified,llm
IB_WHOW_CVN,NeoNGPT_GPT4o,"The system asks me if I want to order tickets to a proposed event if there are tickets available. I am presented with a set of ticket options, and get to select the time of the show, the seat I want at the movie theatre. Finally, I pay by credit card.",15. How can the ontology be updated to reflect changes in movie event scheduling or ticketing options?,1: ontology,1,ontology,,Not Justified,llm
IB_WHOW_CVN,NeoNGPT_GPT4o,"The system asks me if I want to order tickets to a proposed event if there are tickets available. I am presented with a set of ticket options, and get to select the time of the show, the seat I want at the movie theatre. Finally, I pay by credit card.",16. What queries can a user make regarding ticket availability for a specific movie event?,1: queries,1,queries,,Justified,llm
IB_WHOW_CVN,NeoNGPT_GPT4o,"The system asks me if I want to order tickets to a proposed event if there are tickets available. I am presented with a set of ticket options, and get to select the time of the show, the seat I want at the movie theatre. Finally, I pay by credit card.",17. How does the ontology ensure quick response times for user queries?,1: ontology,1,ontology,,Not Justified,llm
IB_WHOW_CVN,NeoNGPT_GPT4o,"The system asks me if I want to order tickets to a proposed event if there are tickets available. I am presented with a set of ticket options, and get to select the time of the show, the seat I want at the movie theatre. Finally, I pay by credit card.",18. How can developers and end-users easily understand and use the ontology?,"3: developers, end-users, ontology",3,"developers, end-users, ontology",,Not Justified,llm
IB_WHOW_CVN,NeoNGPT_GPT4o,"The system asks me if I want to order tickets to a proposed event if there are tickets available. I am presented with a set of ticket options, and get to select the time of the show, the seat I want at the movie theatre. Finally, I pay by credit card.",19. How does the ontology facilitate automated reasoning about seat selection and ticket availability?,"2: ontology, automated reasoning",2,"ontology, automated reasoning",,Not Justified,llm
IB_WHOW_CVN,NeoNGPT_GPT4o,"The system asks me if I want to order tickets to a proposed event if there are tickets available. I am presented with a set of ticket options, and get to select the time of the show, the seat I want at the movie theatre. Finally, I pay by credit card.",20. How can the ontology support the development of intelligent ticket booking systems?,1: ontology,1,ontology,,Not Justified,llm
IB_WHOW_CVN,NeoNGPT_Qwen3,"The system asks me if I want to order tickets to a proposed event if there are tickets available. I am presented with a set of ticket options, and get to select the time of the show, the seat I want at the movie theatre. Finally, I pay by credit card.","**List of Competency Questions (CQs):**  
CQ1",1: List of Competency Questions (CQs),1,List of Competency Questions (CQs),,Not Justified,llm
IB_WHOW_CVN,NeoNGPT_Qwen3,"The system asks me if I want to order tickets to a proposed event if there are tickets available. I am presented with a set of ticket options, and get to select the time of the show, the seat I want at the movie theatre. Finally, I pay by credit card.","**Note:** The actual list of 100 CQs would be generated by systematically addressing all classes, properties, constraints, processes, and relationships in the ontology, ensuring coverage of the core elements (e.g., Event, Ticket, Seat, Payment, User, Theatre, TimeSlot) and their attributes, relationships, and constraints. For brevity, the placeholder ""CQ1",1: ontology,1,ontology,,Not Justified,llm
IB_WHOW_CVN,NeoNGPT_GPT4o,"The value proposition that a circular value network holds is the value the network can generate and which motivates its existence. It could be in the form of business value as in monetary terms, but also in the form of environmental, sustainability and performance values.",1. What are the key stakeholders involved in a circular value network?,1: stakeholders,1,stakeholders,,Justified,llm
IB_WHOW_CVN,NeoNGPT_GPT4o,"The value proposition that a circular value network holds is the value the network can generate and which motivates its existence. It could be in the form of business value as in monetary terms, but also in the form of environmental, sustainability and performance values.",4. How is monetary value exchanged between stakeholders in the network?,1: exchanged,1,exchanged,,Not Justified,llm
IB_WHOW_CVN,NeoNGPT_GPT4o,"The value proposition that a circular value network holds is the value the network can generate and which motivates its existence. It could be in the form of business value as in monetary terms, but also in the form of environmental, sustainability and performance values.",7. What are the performance metrics used to evaluate the network's efficiency?,1: performance metrics,1,performance metrics,,Not Justified,llm
IB_WHOW_CVN,NeoNGPT_GPT4o,"The value proposition that a circular value network holds is the value the network can generate and which motivates its existence. It could be in the form of business value as in monetary terms, but also in the form of environmental, sustainability and performance values.",8. What processes are involved in the transformation of resources within the network?,1: processes,1,processes,,Not Justified,llm
IB_WHOW_CVN,NeoNGPT_GPT4o,"The value proposition that a circular value network holds is the value the network can generate and which motivates its existence. It could be in the form of business value as in monetary terms, but also in the form of environmental, sustainability and performance values.",9. How do stakeholders interact and collaborate within the network?,1: stakeholders,1,stakeholders,,Justified,llm
IB_WHOW_CVN,NeoNGPT_GPT4o,"The value proposition that a circular value network holds is the value the network can generate and which motivates its existence. It could be in the form of business value as in monetary terms, but also in the form of environmental, sustainability and performance values.",10. What constraints and rules govern the operation of the circular value network?,"1: constraints, rules govern",1,"constraints, rules govern",,Not Justified,llm
IB_WHOW_CVN,NeoNGPT_GPT4o,"The value proposition that a circular value network holds is the value the network can generate and which motivates its existence. It could be in the form of business value as in monetary terms, but also in the form of environmental, sustainability and performance values.",11. How can the network be optimized for better resource utilization?,1: optimized,1,optimized,,Not Justified,llm
IB_WHOW_CVN,NeoNGPT_GPT4o,"The value proposition that a circular value network holds is the value the network can generate and which motivates its existence. It could be in the form of business value as in monetary terms, but also in the form of environmental, sustainability and performance values.",15. How can the network adapt to changes in resource availability?,1: adapt,1,adapt,,Not Justified,llm
IB_WHOW_CVN,NeoNGPT_GPT4o,"The value proposition that a circular value network holds is the value the network can generate and which motivates its existence. It could be in the form of business value as in monetary terms, but also in the form of environmental, sustainability and performance values.",16. What are the best practices for enhancing value generation in the network?,1: best practices,1,best practices,,Not Justified,llm
IB_WHOW_CVN,NeoNGPT_GPT4o,"The value proposition that a circular value network holds is the value the network can generate and which motivates its existence. It could be in the form of business value as in monetary terms, but also in the form of environmental, sustainability and performance values.",17. How can the network's performance be benchmarked against industry standards?,1: benchmarked against industry standards,1,benchmarked against industry standards,,Not Justified,llm
IB_WHOW_CVN,NeoNGPT_GPT4o,"The value proposition that a circular value network holds is the value the network can generate and which motivates its existence. It could be in the form of business value as in monetary terms, but also in the form of environmental, sustainability and performance values.",18. What tools and applications can be developed using the ontology to support decision-making?,"2: tools, applications",2,"tools, applications",,Not Justified,llm
IB_WHOW_CVN,NeoNGPT_GPT4o,"The value proposition that a circular value network holds is the value the network can generate and which motivates its existence. It could be in the form of business value as in monetary terms, but also in the form of environmental, sustainability and performance values.",19. How can the ontology facilitate research and innovation in circular economy practices?,1: ontology,1,ontology,,Not Justified,llm
IB_WHOW_CVN,NeoNGPT_GPT4o,"The value proposition that a circular value network holds is the value the network can generate and which motivates its existence. It could be in the form of business value as in monetary terms, but also in the form of environmental, sustainability and performance values.",20. What are the interoperability requirements for integrating the ontology with existing systems?,1: interoperability requirements,1,interoperability requirements,,Not Justified,llm
IB_WHOW_CVN,NeoNGPT_GPT4o,"There are many different weather services available online, I prefer www.yr.no. My preferred configuration of the service is the weather service for Berlin with the current 3-day prognosis.",How will the humidity levels change in Berlin over the next three days?,1: humidity levels,1,humidity levels,,Not Justified,llm
IB_WHOW_CVN,NeoNGPT_GPT4o,"There are many different weather services available online, I prefer www.yr.no. My preferred configuration of the service is the weather service for Berlin with the current 3-day prognosis.","How can I retrieve the weather forecast for a specific parameter (e.g., temperature, wind speed) for Berlin on a given day?","2: specific parameter, given day",2,"specific parameter, given day",,Justified,llm
IB_WHOW_CVN,NeoNGPT_GPT4o,"There are many different weather services available online, I prefer www.yr.no. My preferred configuration of the service is the weather service for Berlin with the current 3-day prognosis.",What is the source of the weather data used for the Berlin forecast?,1: source,1,source,,Not Justified,llm
IB_WHOW_CVN,NeoNGPT_GPT4o,"There are many different weather services available online, I prefer www.yr.no. My preferred configuration of the service is the weather service for Berlin with the current 3-day prognosis.",How often is the weather data for Berlin updated in the ontology?,1: ontology,1,ontology,,Not Justified,llm
IB_WHOW_CVN,NeoNGPT_GPT4o,"There are many different weather services available online, I prefer www.yr.no. My preferred configuration of the service is the weather service for Berlin with the current 3-day prognosis.","Can I filter the weather forecast for Berlin based on specific user preferences, such as only showing days with expected rain?",1: user preferences,1,user preferences,,Justified,llm
IB_WHOW_CVN,NeoNGPT_GPT4o,"There are many different weather services available online, I prefer www.yr.no. My preferred configuration of the service is the weather service for Berlin with the current 3-day prognosis.",What are the historical weather trends for Berlin over the past three days?,"2: historical, trends",2,"historical, trends",,Not Justified,llm
IB_WHOW_CVN,NeoNGPT_GPT4o,"There are many different weather services available online, I prefer www.yr.no. My preferred configuration of the service is the weather service for Berlin with the current 3-day prognosis.",How can I integrate additional weather data sources into the existing ontology?,"1: integrate, additional weather data sources, ontology",1,"integrate, additional weather data sources, ontology",,Not Justified,llm
IB_WHOW_CVN,NeoNGPT_GPT4o,"There are many different weather services available online, I prefer www.yr.no. My preferred configuration of the service is the weather service for Berlin with the current 3-day prognosis.",What is the accuracy level of the weather forecasts provided for Berlin?,1: accuracy level,1,accuracy level,,Not Justified,llm
IB_WHOW_CVN,NeoNGPT_GPT4o,"There are many different weather services available online, I prefer www.yr.no. My preferred configuration of the service is the weather service for Berlin with the current 3-day prognosis.",How can I access the weather forecast for Berlin using SPARQL queries?,1: SPARQL queries,1,SPARQL queries,,Not Justified,llm
IB_WHOW_CVN,NeoNGPT_GPT4o,"There are many different weather services available online, I prefer www.yr.no. My preferred configuration of the service is the weather service for Berlin with the current 3-day prognosis.",What are the interoperability features of the ontology with other meteorological data standards?,"2: interoperability features, ontology",2,"interoperability features, ontology",,Not Justified,llm
IB_WHOW_CVN,NeoNGPT_GPT4o,"There are many different weather services available online, I prefer www.yr.no. My preferred configuration of the service is the weather service for Berlin with the current 3-day prognosis.",How does the ontology handle temporal data for managing forecasts over time?,1: ontology,1,ontology,,Not Justified,llm
IB_WHOW_CVN,NeoNGPT_GPT4o,"There are many different weather services available online, I prefer www.yr.no. My preferred configuration of the service is the weather service for Berlin with the current 3-day prognosis.",What mechanisms are in place to ensure the reliability of the weather data for Berlin?,1: mechanisms,1,mechanisms,,Not Justified,llm
IB_WHOW_CVN,NeoNGPT_GPT4o,"There are many different weather services available online, I prefer www.yr.no. My preferred configuration of the service is the weather service for Berlin with the current 3-day prognosis.",How can non-technical users access the weather forecast for Berlin through a user-friendly interface?,"2: non-technical users, user-friendly interface",2,"non-technical users, user-friendly interface",,Not Justified,llm
IB_WHOW_CVN,NeoNGPT_GPT4o,"There are many different weather services available online, I prefer www.yr.no. My preferred configuration of the service is the weather service for Berlin with the current 3-day prognosis.",What are the scalability features of the ontology to handle increased data volume and user demand?,"2: scalability features, ontology",2,"scalability features, ontology",,Not Justified,llm
IB_WHOW_CVN,NeoNGPT_GPT4o,"There are many different weather services available online, I prefer www.yr.no. My preferred configuration of the service is the weather service for Berlin with the current 3-day prognosis.",How is the ontology maintained and updated as new weather data becomes available?,"2: ontology, maintained",2,"ontology, maintained",,Not Justified,llm
IB_WHOW_CVN,NeoNGPT_GPT4o,"There are many different weather services available online, I prefer www.yr.no. My preferred configuration of the service is the weather service for Berlin with the current 3-day prognosis.",What are the usability features of the ontology for both technical and non-technical users?,"2: usability features, ontology",2,"usability features, ontology",,Not Justified,llm
IB_WHOW_CVN,NeoNGPT_GPT4o,"There are several actors involved in a construction use case/circular value flow, each holding some roles in a certain material flow.",What are the key actors involved in a construction project?,1: key actors,1,key actors,,Justified,llm
IB_WHOW_CVN,NeoNGPT_GPT4o,"There are several actors involved in a construction use case/circular value flow, each holding some roles in a certain material flow.",What roles and responsibilities does each actor have in the material flow of a construction project?,1: responsibilities,1,responsibilities,,Justified,llm
IB_WHOW_CVN,NeoNGPT_GPT4o,"There are several actors involved in a construction use case/circular value flow, each holding some roles in a certain material flow.","How are materials sourced, used, recycled, and disposed of in a construction project?","4: sourced, used, recycled, disposed of",4,"sourced, used, recycled, disposed of",,Justified,llm
IB_WHOW_CVN,NeoNGPT_GPT4o,"There are several actors involved in a construction use case/circular value flow, each holding some roles in a certain material flow.",What are the principles of the circular economy that are integrated into the construction material flow?,1: principles,1,principles,,Not Justified,llm
IB_WHOW_CVN,NeoNGPT_GPT4o,"There are several actors involved in a construction use case/circular value flow, each holding some roles in a certain material flow.",How can resource efficiency be improved in a construction project?,1: resource efficiency,1,resource efficiency,,Justified,llm
IB_WHOW_CVN,NeoNGPT_GPT4o,"There are several actors involved in a construction use case/circular value flow, each holding some roles in a certain material flow.",What processes are involved in the recycling and reuse of construction materials?,"2: processes, recycling and reuse",2,"processes, recycling and reuse",,Justified,llm
IB_WHOW_CVN,NeoNGPT_GPT4o,"There are several actors involved in a construction use case/circular value flow, each holding some roles in a certain material flow.",How does the ontology support interoperability with existing construction management systems?,1: ontology,1,ontology,,Not Justified,llm
IB_WHOW_CVN,NeoNGPT_GPT4o,"There are several actors involved in a construction use case/circular value flow, each holding some roles in a certain material flow.",What are the lifecycle stages of materials in a construction project?,1: lifecycle stages,1,lifecycle stages,,Justified,llm
IB_WHOW_CVN,NeoNGPT_GPT4o,"There are several actors involved in a construction use case/circular value flow, each holding some roles in a certain material flow.",How can waste reduction be achieved in construction projects?,1: waste reduction,1,waste reduction,,Not Justified,llm
IB_WHOW_CVN,NeoNGPT_GPT4o,"There are several actors involved in a construction use case/circular value flow, each holding some roles in a certain material flow.",What decision-making processes are supported by the ontology for construction project management?,1: decision-making processes,1,decision-making processes,,Not Justified,llm
IB_WHOW_CVN,NeoNGPT_GPT4o,"There are several actors involved in a construction use case/circular value flow, each holding some roles in a certain material flow.",How does the ontology facilitate communication between different stakeholders in the construction industry?,1: ontology,1,ontology,,Not Justified,llm
IB_WHOW_CVN,NeoNGPT_GPT4o,"There are several actors involved in a construction use case/circular value flow, each holding some roles in a certain material flow.",What are the sustainability assessment criteria for construction projects?,1: sustainability assessment criteria,1,sustainability assessment criteria,,Not Justified,llm
IB_WHOW_CVN,NeoNGPT_GPT4o,"There are several actors involved in a construction use case/circular value flow, each holding some roles in a certain material flow.",How can the ontology be extended to include new actors or roles in the construction industry?,1: ontology,1,ontology,,Justified,llm
IB_WHOW_CVN,NeoNGPT_GPT4o,"There are several actors involved in a construction use case/circular value flow, each holding some roles in a certain material flow.",What are the compliance requirements related to construction and sustainability that the ontology addresses?,"2: compliance requirements, sustainability",2,"compliance requirements, sustainability",,Not Justified,llm
IB_WHOW_CVN,NeoNGPT_GPT4o,"There are several actors involved in a construction use case/circular value flow, each holding some roles in a certain material flow.",How does the ontology support the development of training and educational materials on sustainable construction practices?,1: ontology,1,ontology,,Not Justified,llm
IB_WHOW_CVN,NeoNGPT_GPT4o,"There are several actors involved in a construction use case/circular value flow, each holding some roles in a certain material flow.",What are the constraints and relationships between different actors and materials in a construction project?,"2: constraints, relationships",2,"constraints, relationships",,Justified,llm
IB_WHOW_CVN,NeoNGPT_GPT4o,"There are several actors involved in a construction use case/circular value flow, each holding some roles in a certain material flow.",How can the ontology be used to analyze data for improving resource efficiency in construction projects?,1: ontology,1,ontology,,Not Justified,llm
IB_WHOW_CVN,NeoNGPT_GPT4o,"There are several actors involved in a construction use case/circular value flow, each holding some roles in a certain material flow.",What are the environmental impacts of different material flows in construction projects?,1: environmental impacts,1,environmental impacts,,Not Justified,llm
IB_WHOW_CVN,NeoNGPT_GPT4o,"There are several actors involved in a construction use case/circular value flow, each holding some roles in a certain material flow.",How does the ontology model the integration of circular economy principles into construction processes?,1: ontology,1,ontology,,Not Justified,llm
IB_WHOW_CVN,NeoNGPT_GPT4o,"There are several actors involved in a construction use case/circular value flow, each holding some roles in a certain material flow.",What are the performance metrics for efficient querying and reasoning within the ontology?,1: performance metrics,1,performance metrics,,Not Justified,llm
IB_WHOW_CVN,NeoNGPT_Qwen3,"There are several actors involved in a construction use case/circular value flow, each holding some roles in a certain material flow.","What roles does a particular actor (e.g., ""recycler"") perform in the construction industry?",1: construction industry,1,construction industry,,Justified,llm
IB_WHOW_CVN,NeoNGPT_Qwen3,"There are several actors involved in a construction use case/circular value flow, each holding some roles in a certain material flow.","Which materials are associated with a specific role (e.g., ""material supplier"")?",1: specific role,1,specific role,,Justified,llm
IB_WHOW_CVN,NeoNGPT_Qwen3,"There are several actors involved in a construction use case/circular value flow, each holding some roles in a certain material flow.","What are the lifecycle stages of a given material (e.g., ""concrete"")?",1: lifecycle stages,1,lifecycle stages,,Justified,llm
IB_WHOW_CVN,NeoNGPT_Qwen3,"There are several actors involved in a construction use case/circular value flow, each holding some roles in a certain material flow.","What environmental properties (e.g., carbon footprint) are associated with a material (e.g., ""steel"")?",1: environmental properties,1,environmental properties,,Not Justified,llm
IB_WHOW_CVN,NeoNGPT_Qwen3,"There are several actors involved in a construction use case/circular value flow, each holding some roles in a certain material flow.","What technical properties (e.g., strength, recyclability) define a material (e.g., ""recycled aggregate"")?",1: technical properties,1,technical properties,,Not Justified,llm
IB_WHOW_CVN,NeoNGPT_Qwen3,"There are several actors involved in a construction use case/circular value flow, each holding some roles in a certain material flow.","What processes (e.g., ""concrete crushing"") are involved in the recycling of a specific material?",1: recycling,1,recycling,,Justified,llm
IB_WHOW_CVN,NeoNGPT_Qwen3,"There are several actors involved in a construction use case/circular value flow, each holding some roles in a certain material flow.","Which actors perform a specific process (e.g., ""steel melting"")?",1: steel melting,1,steel melting,,Not Justified,llm
IB_WHOW_CVN,NeoNGPT_Qwen3,"There are several actors involved in a construction use case/circular value flow, each holding some roles in a certain material flow.","What value metrics (e.g., cost savings, CO₂ reduction) are linked to a circular value flow process?",1: value metrics,1,value metrics,,Not Justified,llm
IB_WHOW_CVN,NeoNGPT_Qwen3,"There are several actors involved in a construction use case/circular value flow, each holding some roles in a certain material flow.","How is a material (e.g., ""wood"") reused in a construction project?",1: reused,1,reused,,Justified,llm
IB_WHOW_CVN,NeoNGPT_Qwen3,"There are several actors involved in a construction use case/circular value flow, each holding some roles in a certain material flow.","What is the relationship between an actor (e.g., ""contractor"") and a role (e.g., ""waste manager"")?","2: relationship, waste manager",2,"relationship, waste manager",,Not Justified,llm
IB_WHOW_CVN,NeoNGPT_Qwen3,"There are several actors involved in a construction use case/circular value flow, each holding some roles in a certain material flow.","Which materials are part of a specific flow (e.g., ""demolition waste flow"")?",1: specific flow,1,specific flow,,Justified,llm
IB_WHOW_CVN,NeoNGPT_Qwen3,"There are several actors involved in a construction use case/circular value flow, each holding some roles in a certain material flow.","What sustainability standards (e.g., ISO 14000) does the ontology align with?",1: sustainability standards,1,sustainability standards,,Not Justified,llm
IB_WHOW_CVN,NeoNGPT_Qwen3,"There are several actors involved in a construction use case/circular value flow, each holding some roles in a certain material flow.","How does the ontology integrate with existing ontologies (e.g., SAREF, CONSTRUCT)?",1: integrate with existing ontologies,1,integrate with existing ontologies,,Not Justified,llm
IB_WHOW_CVN,NeoNGPT_Qwen3,"There are several actors involved in a construction use case/circular value flow, each holding some roles in a certain material flow.","What is the carbon footprint of a recycled material (e.g., ""recycled steel beam"")?",1: carbon footprint,1,carbon footprint,,Not Justified,llm
IB_WHOW_CVN,NeoNGPT_Qwen3,"There are several actors involved in a construction use case/circular value flow, each holding some roles in a certain material flow.","Which materials are reused by recyclers in a specific region (e.g., ""Region X"")?","2: reused, specific region",2,"reused, specific region",,Not Justified,llm
IB_WHOW_CVN,NeoNGPT_Qwen3,"There are several actors involved in a construction use case/circular value flow, each holding some roles in a certain material flow.","What processes are required to transform a material (e.g., ""concrete"") into a recycled product?",1: processes,1,processes,,Justified,llm
IB_WHOW_CVN,NeoNGPT_Qwen3,"There are several actors involved in a construction use case/circular value flow, each holding some roles in a certain material flow.",What actors are responsible for managing waste in a construction project?,1: managing waste,1,managing waste,,Justified,llm
IB_WHOW_CVN,NeoNGPT_Qwen3,"There are several actors involved in a construction use case/circular value flow, each holding some roles in a certain material flow.","What lifecycle stage (e.g., ""demolition"") is associated with a specific material flow?",1: lifecycle stage,1,lifecycle stage,,Justified,llm
IB_WHOW_CVN,NeoNGPT_Qwen3,"There are several actors involved in a construction use case/circular value flow, each holding some roles in a certain material flow.","How does the ontology model the relationship between a material (e.g., ""steel"") and its recycling process?",1: ontology,1,ontology,,Not Justified,llm
IB_WHOW_CVN,NeoNGPT_Qwen3,"There are several actors involved in a construction use case/circular value flow, each holding some roles in a certain material flow.","What are the economic benefits of reusing a material (e.g., ""wood"") in construction?",1: economic benefits,1,economic benefits,,Not Justified,llm
IB_WHOW_CVN,NeoNGPT_Qwen3,"There are several actors involved in a construction use case/circular value flow, each holding some roles in a certain material flow.","Which actors are involved in the production of a specific material (e.g., ""recycled aggregate"")?",1: production,1,production,,Justified,llm
IB_WHOW_CVN,NeoNGPT_Qwen3,"There are several actors involved in a construction use case/circular value flow, each holding some roles in a certain material flow.","What is the environmental impact of a material (e.g., ""concrete"") at its extraction stage?",1: environmental impact,1,environmental impact,,Not Justified,llm
IB_WHOW_CVN,NeoNGPT_Qwen3,"There are several actors involved in a construction use case/circular value flow, each holding some roles in a certain material flow.","How does the ontology represent the technical specifications of a material (e.g., ""durability"")?",1: technical specifications,1,technical specifications,,Not Justified,llm
IB_WHOW_CVN,NeoNGPT_Qwen3,"There are several actors involved in a construction use case/circular value flow, each holding some roles in a certain material flow.","What processes are used to recycle a material (e.g., ""steel"") into a new product?",1: recycle,1,recycle,,Justified,llm
IB_WHOW_CVN,NeoNGPT_Qwen3,"There are several actors involved in a construction use case/circular value flow, each holding some roles in a certain material flow.","Which roles are required to implement a circular value flow (e.g., ""material reuse"")?",1: required,1,required,,Justified,llm
IB_WHOW_CVN,NeoNGPT_Qwen3,"There are several actors involved in a construction use case/circular value flow, each holding some roles in a certain material flow.","What is the relationship between a material (e.g., ""concrete"") and its reuse in a new construction project?",1: reuse,1,reuse,,Justified,llm
IB_WHOW_CVN,NeoNGPT_Qwen3,"There are several actors involved in a construction use case/circular value flow, each holding some roles in a certain material flow.","How does the ontology model the connection between a material (e.g., ""wood"") and its lifecycle stages?",1: ontology,1,ontology,,Not Justified,llm
IB_WHOW_CVN,NeoNGPT_Qwen3,"There are several actors involved in a construction use case/circular value flow, each holding some roles in a certain material flow.","What are the key sustainability metrics (e.g., energy consumption) for a material (e.g., ""recycled aggregate"")?","2: sustainability metrics, energy consumption",2,"sustainability metrics, energy consumption",,Not Justified,llm
IB_WHOW_CVN,NeoNGPT_Qwen3,"There are several actors involved in a construction use case/circular value flow, each holding some roles in a certain material flow.",Which actors are responsible for ensuring compliance with circular economy standards?,1: compliance with circular economy standards,1,compliance with circular economy standards,,Not Justified,llm
IB_WHOW_CVN,NeoNGPT_Qwen3,"There are several actors involved in a construction use case/circular value flow, each holding some roles in a certain material flow.","What is the role of a ""material reuse coordinator"" in a construction project?",1: material reuse coordinator,1,material reuse coordinator,,Not Justified,llm
IB_WHOW_CVN,NeoNGPT_Qwen3,"There are several actors involved in a construction use case/circular value flow, each holding some roles in a certain material flow.","How does the ontology support querying for materials that meet specific sustainability criteria (e.g., low carbon footprint)?",1: ontology,1,ontology,,Not Justified,llm
IB_WHOW_CVN,NeoNGPT_Qwen3,"There are several actors involved in a construction use case/circular value flow, each holding some roles in a certain material flow.","What is the relationship between a process (e.g., ""concrete crushing"") and the actors that perform it?",1: relationship,1,relationship,,Justified,llm
IB_WHOW_CVN,NeoNGPT_Qwen3,"There are several actors involved in a construction use case/circular value flow, each holding some roles in a certain material flow.",How does the ontology model the flow of materials from demolition to recycling?,1: ontology,1,ontology,,Not Justified,llm
IB_WHOW_CVN,NeoNGPT_Qwen3,"There are several actors involved in a construction use case/circular value flow, each holding some roles in a certain material flow.","What are the economic and environmental benefits of recycling a specific material (e.g., ""steel"")?","1: economic, environmental benefits",1,"economic, environmental benefits",,Not Justified,llm
IB_WHOW_CVN,NeoNGPT_Qwen3,"There are several actors involved in a construction use case/circular value flow, each holding some roles in a certain material flow.","Which materials are commonly reused in construction projects (e.g., ""demolition waste"")?",1: reused,1,reused,,Justified,llm
IB_WHOW_CVN,NeoNGPT_Qwen3,"There are several actors involved in a construction use case/circular value flow, each holding some roles in a certain material flow.","What is the role of a ""recycler"" in the circular value flow of a material (e.g., ""concrete"")?",1: recycler,1,recycler,,Justified,llm
IB_WHOW_CVN,NeoNGPT_Qwen3,"There are several actors involved in a construction use case/circular value flow, each holding some roles in a certain material flow.","How does the ontology represent the connection between a material (e.g., ""steel"") and its recycling process?","2: ontology, recycling process",2,"ontology, recycling process",,Not Justified,llm
IB_WHOW_CVN,NeoNGPT_Qwen3,"There are several actors involved in a construction use case/circular value flow, each holding some roles in a certain material flow.","What are the key properties (e.g., recyclability) that define a material's suitability for reuse?",1: key properties,1,key properties,,Not Justified,llm
IB_WHOW_CVN,NeoNGPT_Qwen3,"There are several actors involved in a construction use case/circular value flow, each holding some roles in a certain material flow.",How does the ontology support reasoning about the environmental impact of material reuse?,1: environmental impact,1,environmental impact,,Not Justified,llm
IB_WHOW_CVN,NeoNGPT_Qwen3,"There are several actors involved in a construction use case/circular value flow, each holding some roles in a certain material flow.","What is the relationship between a material (e.g., ""wood"") and its lifecycle stage (e.g., ""use"")?","2: relationship, lifecycle stage",2,"relationship, lifecycle stage",,Not Justified,llm
IB_WHOW_CVN,NeoNGPT_Qwen3,"There are several actors involved in a construction use case/circular value flow, each holding some roles in a certain material flow.","How does the ontology model the alignment with industry standards (e.g., EN 15804)?","2: ontology, alignment with industry standards",2,"ontology, alignment with industry standards",,Not Justified,llm
IB_WHOW_CVN,NeoNGPT_Qwen3,"There are several actors involved in a construction use case/circular value flow, each holding some roles in a certain material flow.","What are the technical specifications (e.g., strength) of a recycled material (e.g., ""recycled aggregate"")?","2: technical specifications, recycled material",2,"technical specifications, recycled material",,Not Justified,llm
IB_WHOW_CVN,NeoNGPT_Qwen3,"There are several actors involved in a construction use case/circular value flow, each holding some roles in a certain material flow.","How does the ontology support querying for actors involved in a specific circular value flow (e.g., ""material reuse"")?",1: ontology,1,ontology,,Not Justified,llm
IB_WHOW_CVN,NeoNGPT_Qwen3,"There are several actors involved in a construction use case/circular value flow, each holding some roles in a certain material flow.","What is the role of a ""waste manager"" in the lifecycle of a material (e.g., ""concrete"")?","2: waste manager, lifecycle",2,"waste manager, lifecycle",,Not Justified,llm
IB_WHOW_CVN,NeoNGPT_Qwen3,"There are several actors involved in a construction use case/circular value flow, each holding some roles in a certain material flow.","How does the ontology model the connection between a material (e.g., ""steel"") and its environmental impact?",1: ontology,1,ontology,,Not Justified,llm
IB_WHOW_CVN,NeoNGPT_Qwen3,"There are several actors involved in a construction use case/circular value flow, each holding some roles in a certain material flow.","What are the key processes involved in the recycling of a material (e.g., ""concrete"")?",1: recycling,1,recycling,,Justified,llm
IB_WHOW_CVN,NeoNGPT_Qwen3,"There are several actors involved in a construction use case/circular value flow, each holding some roles in a certain material flow.",How does the ontology support reasoning about the economic benefits of material reuse?,1: economic benefits,1,economic benefits,,Not Justified,llm
IB_WHOW_CVN,NeoNGPT_Qwen3,"There are several actors involved in a construction use case/circular value flow, each holding some roles in a certain material flow.","What is the relationship between a material (e.g., ""wood"") and its reuse in a new construction project?",1: reuse,1,reuse,,Justified,llm
IB_WHOW_CVN,NeoNGPT_Qwen3,"There are several actors involved in a construction use case/circular value flow, each holding some roles in a certain material flow.",How does the ontology model the alignment with BIM and IFC standards for construction data?,1: alignment with BIM and IFC standards,1,alignment with BIM and IFC standards,,Not Justified,llm
IB_WHOW_CVN,NeoNGPT_GPT4o,"There is a sneak preview of an action film called ""X-men"" today at 8pm at CinemaOne.","What are the details of the film ""X-men,"" including its genre, director, and cast?","3: details, genre, director, cast",3,"details, genre, director, cast",,Not Justified,llm
IB_WHOW_CVN,NeoNGPT_GPT4o,"There is a sneak preview of an action film called ""X-men"" today at 8pm at CinemaOne.",What are the available facilities at CinemaOne?,1: facilities,1,facilities,,Not Justified,llm
IB_WHOW_CVN,NeoNGPT_GPT4o,"There is a sneak preview of an action film called ""X-men"" today at 8pm at CinemaOne.",What is the address of CinemaOne?,1: address,1,address,,Not Justified,llm
IB_WHOW_CVN,NeoNGPT_GPT4o,"There is a sneak preview of an action film called ""X-men"" today at 8pm at CinemaOne.","What are the age restrictions for the sneak preview of ""X-men""?",1: age restrictions,1,age restrictions,,Not Justified,llm
IB_WHOW_CVN,NeoNGPT_GPT4o,"There is a sneak preview of an action film called ""X-men"" today at 8pm at CinemaOne.","Who is the target audience for the film ""X-men""?",1: target audience,1,target audience,,Not Justified,llm
IB_WHOW_CVN,NeoNGPT_GPT4o,"There is a sneak preview of an action film called ""X-men"" today at 8pm at CinemaOne.","How can tickets for the sneak preview of ""X-men"" be purchased, and what are the pricing options?","2: purchased, pricing options",2,"purchased, pricing options",,Not Justified,llm
IB_WHOW_CVN,NeoNGPT_GPT4o,"There is a sneak preview of an action film called ""X-men"" today at 8pm at CinemaOne.","Are there any tickets available for the sneak preview of ""X-men""?",1: tickets available,1,tickets available,,Not Justified,llm
IB_WHOW_CVN,NeoNGPT_GPT4o,"There is a sneak preview of an action film called ""X-men"" today at 8pm at CinemaOne.","What other films are being screened at CinemaOne on the same date as the ""X-men"" sneak preview?",1: other films,1,other films,,Not Justified,llm
IB_WHOW_CVN,NeoNGPT_GPT4o,"There is a sneak preview of an action film called ""X-men"" today at 8pm at CinemaOne.","What are the screening times for the film ""X-men"" at CinemaOne?",1: screening times,1,screening times,,Justified,llm
IB_WHOW_CVN,NeoNGPT_GPT4o,"There is a sneak preview of an action film called ""X-men"" today at 8pm at CinemaOne.","Which cinemas are screening the film ""X-men""?",1: cinemas,1,cinemas,,Justified,llm
IB_WHOW_CVN,NeoNGPT_GPT4o,"There is a sneak preview of an action film called ""X-men"" today at 8pm at CinemaOne.",What films are being screened at CinemaOne this week?,"2: films, this week",2,"films, this week",,Not Justified,llm
IB_WHOW_CVN,NeoNGPT_GPT4o,"There is a sneak preview of an action film called ""X-men"" today at 8pm at CinemaOne.",What are the different genres of films being screened at CinemaOne?,1: genres,1,genres,,Justified,llm
IB_WHOW_CVN,NeoNGPT_GPT4o,"There is a sneak preview of an action film called ""X-men"" today at 8pm at CinemaOne.","How long is the film ""X-men""?",1: long,1,long,,Not Justified,llm
IB_WHOW_CVN,NeoNGPT_GPT4o,"There is a sneak preview of an action film called ""X-men"" today at 8pm at CinemaOne.",What are the contact details for CinemaOne?,1: contact details,1,contact details,,Not Justified,llm
IB_WHOW_CVN,NeoNGPT_GPT4o,"There is a sneak preview of an action film called ""X-men"" today at 8pm at CinemaOne.",What are the upcoming screening events at CinemaOne?,1: upcoming screening events,1,upcoming screening events,,Justified,llm
IB_WHOW_CVN,NeoNGPT_GPT4o,"There is a sneak preview of an action film called ""X-men"" today at 8pm at CinemaOne.",What films are recommended for a specific target audience at CinemaOne?,"2: recommended, target audience",2,"recommended, target audience",,Not Justified,llm
IB_WHOW_CVN,NeoNGPT_GPT4o,"There is a sneak preview of an action film called ""X-men"" today at 8pm at CinemaOne.",How can I find films being screened at CinemaOne that match a specific genre?,"2: films, genre",2,"films, genre",,Justified,llm
IB_WHOW_CVN,NeoNGPT_GPT4o,"There is a sneak preview of an action film called ""X-men"" today at 8pm at CinemaOne.","What are the details of the director of the film ""X-men""?",1: director,1,director,,Not Justified,llm
IB_WHOW_CVN,NeoNGPT_GPT4o,"There is a sneak preview of an action film called ""X-men"" today at 8pm at CinemaOne.","What are the details of the cast members of the film ""X-men""?",1: cast members,1,cast members,,Not Justified,llm
IB_WHOW_CVN,NeoNGPT_Qwen3,"There is a sneak preview of an action film called ""X-men"" today at 8pm at CinemaOne.","**Note:** The actual list of competency questions (CQs) is intentionally omitted here to comply with the user's instruction to avoid generating the full list. However, the assistant would generate a complete, semicolon-separated list of CQs covering all core elements (movies, events, venues, people, genres, relationships, inference, and queries) based on the provided ontology requirements.",1: competency questions,1,competency questions,,Not Justified,llm
IB_WHOW_CVN,NeoNGPT_GPT4o,"Today my calendar contains a meeting at noon, but then I have the afternoon and evening off.",What meetings are scheduled for a specific date?,1: specific date,1,specific date,,Not Justified,llm
IB_WHOW_CVN,NeoNGPT_GPT4o,"Today my calendar contains a meeting at noon, but then I have the afternoon and evening off.",What is the duration of a particular meeting?,1: duration,1,duration,,Not Justified,llm
IB_WHOW_CVN,NeoNGPT_GPT4o,"Today my calendar contains a meeting at noon, but then I have the afternoon and evening off.",Who are the participants in a specific meeting?,1: participants,1,participants,,Not Justified,llm
IB_WHOW_CVN,NeoNGPT_GPT4o,"Today my calendar contains a meeting at noon, but then I have the afternoon and evening off.",Where is a particular meeting taking place?,1: where,1,where,,Not Justified,llm
IB_WHOW_CVN,NeoNGPT_GPT4o,"Today my calendar contains a meeting at noon, but then I have the afternoon and evening off.",What free time slots are available on a specific day?,1: specific day,1,specific day,,Not Justified,llm
IB_WHOW_CVN,NeoNGPT_GPT4o,"Today my calendar contains a meeting at noon, but then I have the afternoon and evening off.",Are there any scheduling conflicts between two events?,"2: scheduling conflicts, two events",2,"scheduling conflicts, two events",,Not Justified,llm
IB_WHOW_CVN,NeoNGPT_GPT4o,"Today my calendar contains a meeting at noon, but then I have the afternoon and evening off.",What meetings are scheduled with a specific participant?,"2: meetings, specific participant",2,"meetings, specific participant",,Not Justified,llm
IB_WHOW_CVN,NeoNGPT_GPT4o,"Today my calendar contains a meeting at noon, but then I have the afternoon and evening off.",What is the description of a particular event?,"2: description, particular event",2,"description, particular event",,Not Justified,llm
IB_WHOW_CVN,NeoNGPT_GPT4o,"Today my calendar contains a meeting at noon, but then I have the afternoon and evening off.",How many meetings are scheduled in a given week?,"2: how many, week",2,"how many, week",,Not Justified,llm
IB_WHOW_CVN,NeoNGPT_GPT4o,"Today my calendar contains a meeting at noon, but then I have the afternoon and evening off.",What are the start and end times of a specific event?,"2: start, end times",2,"start, end times",,Not Justified,llm
IB_WHOW_CVN,NeoNGPT_GPT4o,"Today my calendar contains a meeting at noon, but then I have the afternoon and evening off.",Which events are scheduled in a specific location?,"2: events, specific location",2,"events, specific location",,Not Justified,llm
IB_WHOW_CVN,NeoNGPT_GPT4o,"Today my calendar contains a meeting at noon, but then I have the afternoon and evening off.",What free afternoons are available in a specific month?,"2: free afternoons, specific month",2,"free afternoons, specific month",,Not Justified,llm
IB_WHOW_CVN,NeoNGPT_GPT4o,"Today my calendar contains a meeting at noon, but then I have the afternoon and evening off.",How can personal scheduling information be integrated with an external calendar system?,"2: personal scheduling information, external calendar system",2,"personal scheduling information, external calendar system",,Not Justified,llm
IB_WHOW_CVN,NeoNGPT_GPT4o,"Today my calendar contains a meeting at noon, but then I have the afternoon and evening off.",What events are scheduled during a specific time period?,"2: events, specific time period",2,"events, specific time period",,Justified,llm
IB_WHOW_CVN,NeoNGPT_GPT4o,"Today my calendar contains a meeting at noon, but then I have the afternoon and evening off.",How can a new event be added to the schedule without causing conflicts?,"2: new event, conflicts",2,"new event, conflicts",,Justified,llm
IB_WHOW_CVN,NeoNGPT_GPT4o,"Today my calendar contains a meeting at noon, but then I have the afternoon and evening off.",What is the total amount of free time available in a given week?,"2: total amount, week",2,"total amount, week",,Not Justified,llm
IB_WHOW_CVN,NeoNGPT_GPT4o,"Today my calendar contains a meeting at noon, but then I have the afternoon and evening off.","How can events be queried based on specific metadata, such as location or participants?","2: queried, metadata, location, participants",2,"queried, metadata, location, participants",,Not Justified,llm
IB_WHOW_CVN,NeoNGPT_GPT4o,"Today my calendar contains a meeting at noon, but then I have the afternoon and evening off.",How can the ontology support integration with personal productivity tools?,1: ontology,1,ontology,,Not Justified,llm
IB_WHOW_CVN,NeoNGPT_GPT4o,"Today my calendar contains a meeting at noon, but then I have the afternoon and evening off.",What are the upcoming meetings for a specific participant?,"2: upcoming, specific participant",2,"upcoming, specific participant",,Not Justified,llm
IB_WHOW_CVN,NeoNGPT_GPT4o,"Today my calendar contains a meeting at noon, but then I have the afternoon and evening off.",How can the ontology be extended to include additional event types?,"2: ontology, event types",2,"ontology, event types",,Not Justified,llm
IB_WHOW_CVN,NeoNGPT_GPT4o,"When I am standing in front of the mirror brushing my teeth the weather is displayed as graphics on the mirror, but when I walk around the bathroom it is read out through the loudspeakers.",What sensors are available for detecting user presence and location within the bathroom?,1: sensors,1,sensors,,Not Justified,llm
IB_WHOW_CVN,NeoNGPT_GPT4o,"When I am standing in front of the mirror brushing my teeth the weather is displayed as graphics on the mirror, but when I walk around the bathroom it is read out through the loudspeakers.",How is user location within the bathroom determined?,1: user location,1,user location,,Justified,llm
IB_WHOW_CVN,NeoNGPT_GPT4o,"When I am standing in front of the mirror brushing my teeth the weather is displayed as graphics on the mirror, but when I walk around the bathroom it is read out through the loudspeakers.",What mechanisms are used to display weather information on the smart mirror?,1: mechanisms,1,mechanisms,,Not Justified,llm
IB_WHOW_CVN,NeoNGPT_GPT4o,"When I am standing in front of the mirror brushing my teeth the weather is displayed as graphics on the mirror, but when I walk around the bathroom it is read out through the loudspeakers.",How can the smart bathroom system integrate with external weather data providers?,1: integrate with external weather data providers,1,integrate with external weather data providers,,Not Justified,llm
IB_WHOW_CVN,NeoNGPT_GPT4o,"When I am standing in front of the mirror brushing my teeth the weather is displayed as graphics on the mirror, but when I walk around the bathroom it is read out through the loudspeakers.",What types of weather data can be represented and displayed by the system?,1: types,1,types,,Justified,llm
IB_WHOW_CVN,NeoNGPT_GPT4o,"When I am standing in front of the mirror brushing my teeth the weather is displayed as graphics on the mirror, but when I walk around the bathroom it is read out through the loudspeakers.",How can users customize the display and audio output of weather information?,"2: customize, users",2,"customize, users",,Not Justified,llm
IB_WHOW_CVN,NeoNGPT_GPT4o,"When I am standing in front of the mirror brushing my teeth the weather is displayed as graphics on the mirror, but when I walk around the bathroom it is read out through the loudspeakers.",What user commands are supported for interacting with the smart bathroom system?,1: user commands,1,user commands,,Not Justified,llm
IB_WHOW_CVN,NeoNGPT_GPT4o,"When I am standing in front of the mirror brushing my teeth the weather is displayed as graphics on the mirror, but when I walk around the bathroom it is read out through the loudspeakers.",How does the ontology ensure compatibility with existing smart home standards and protocols?,1: ontology,1,ontology,,Not Justified,llm
IB_WHOW_CVN,NeoNGPT_GPT4o,"When I am standing in front of the mirror brushing my teeth the weather is displayed as graphics on the mirror, but when I walk around the bathroom it is read out through the loudspeakers.",What provisions are made for the scalability of the smart bathroom system?,1: scalability,1,scalability,,Not Justified,llm
IB_WHOW_CVN,NeoNGPT_GPT4o,"When I am standing in front of the mirror brushing my teeth the weather is displayed as graphics on the mirror, but when I walk around the bathroom it is read out through the loudspeakers.",How does the ontology support real-time processing of user location and weather data?,"2: ontology, real-time processing",2,"ontology, real-time processing",,Not Justified,llm
IB_WHOW_CVN,NeoNGPT_GPT4o,"When I am standing in front of the mirror brushing my teeth the weather is displayed as graphics on the mirror, but when I walk around the bathroom it is read out through the loudspeakers.",What measures are in place to protect user data and ensure secure communication between devices?,"2: protect user data, secure communication between devices",2,"protect user data, secure communication between devices",,Not Justified,llm
IB_WHOW_CVN,NeoNGPT_GPT4o,"When I am standing in front of the mirror brushing my teeth the weather is displayed as graphics on the mirror, but when I walk around the bathroom it is read out through the loudspeakers.",How does the system ensure the usability and accessibility of weather information for users?,"2: ensure, accessibility",2,"ensure, accessibility",,Not Justified,llm
IB_WHOW_CVN,NeoNGPT_GPT4o,"When I am standing in front of the mirror brushing my teeth the weather is displayed as graphics on the mirror, but when I walk around the bathroom it is read out through the loudspeakers.",What are the privacy considerations incorporated into the ontology for user data protection?,1: privacy considerations,1,privacy considerations,,Not Justified,llm
IB_WHOW_CVN,NeoNGPT_GPT4o,"When I am standing in front of the mirror brushing my teeth the weather is displayed as graphics on the mirror, but when I walk around the bathroom it is read out through the loudspeakers.",How can the smart bathroom system be integrated with other smart home systems and devices?,1: integrated with other smart home systems and devices,1,integrated with other smart home systems and devices,,Not Justified,llm
